Wavenumber (cm^{-1}),Spectrum_OrigIdxInItem_92,Spectrum_OrigIdxInItem_88,Spectrum_OrigIdxInItem_121,Spectrum_OrigIdxInItem_21,Spectrum_OrigIdxInItem_63,Spectrum_OrigIdxInItem_77,Spectrum_OrigIdxInItem_113,Spectrum_OrigIdxInItem_15,Spectrum_OrigIdxInItem_98,Spectrum_OrigIdxInItem_53,Spectrum_OrigIdxInItem_108
380.958441887711,0.0,0.0,0.0,0.0104430721349519,0.0,0.0097344114631944,0.0,0.0047881251008587,0.0,0.01450811196222,0.0
384.515243875205,0.0005176051352026,0.002957327910654,0.0,0.007322867717403,0.0044140855011031,0.0,0.0,0.0050445971361185,0.0029822088426148,0.02936871294047,0.0
388.069349005981,0.0056410750856673,0.0159015562395638,0.0,0.0184002585117146,0.0199827577321424,0.0196896677767033,0.0069522605676594,0.0,0.0216862557169512,0.0134289454005815,0.0186574359891309
391.620760167868,0.0,0.0,0.0,0.0,0.0,0.0,0.0,0.0,0.0,0.0,0.0
395.169480244544,0.0,0.0062149362830964,0.0,0.0049148537644872,0.0,0.0,0.0051721248849904,0.0,0.0,0.0,0.0
398.715512115511,0.0278340073407354,0.0212839532024943,0.0395691258257668,0.0160866147018987,0.0318399687368765,0.0081298917393625,0.0451953822773967,0.0088677665279652,0.0364174989495973,0.0302532691143052,0.0225001595479744
402.258858656118,0.0,0.0017844566658926,0.0055426831302647,0.0110994822988022,0.0098923249223604,0.0181414948839988,0.0,0.0105236861719221,0.0041686705099626,0.0,0.0
405.799522737568,0.0,0.0,0.0072098965149474,0.0100759919589971,0.0,0.0,0.0,0.0,0.0,0.0,0.0
409.337507226919,0.0033869528966764,0.0,0.0050772591083999,0.0001792677233111,0.0232722445118924,0.0133379926360371,0.0063806150938831,0.0001840498457119,0.0043093476127591,0.0074451840147727,0.0202386474370654
412.872814987094,0.0209570159516027,0.0124920057209565,0.0315862363846003,0.0050018858046692,0.0299004951884051,0.0077319300377448,0.0174820784146754,0.0,0.0067260887117892,0.008904471776526,0.0190855900184068
416.405448876898,0.0422613022093063,0.0441269202096197,0.0284367003825847,0.0146559764408292,0.0467096498528281,0.0205003893497613,0.0410030689024188,0.0196306404028162,0.0429366914017429,0.0270782517725844,0.0470657241496011
419.93541175101,0.0224588564263287,0.0361978370347524,0.019136978840026,0.0,0.0174798045536004,0.0256915120477778,0.0251838986659058,0.0152825844285256,0.0162533261055998,0.0168889292405454,0.029094359061667
423.462706459995,0.024799482803779,0.0400310339049226,0.0262551094892519,0.0023145382027115,0.0518994012375129,0.0333514210348182,0.0337660679222908,0.0260305953721599,0.036900541968921,0.0343792858853959,0.0459954914029938
426.987335850322,0.0115223124871104,0.0238316930781984,0.0276935508496355,0.0,0.0229817188177576,0.0292485273749566,0.0058838731658455,0.0080741220615185,0.0067400125008912,0.0,0.0202931432655041
430.50930276436,0.0392692058680729,0.0557322789763748,0.0507219675845513,0.0113820879256973,0.0309798169924216,0.0138014958358899,0.0426612192819548,0.0258263400749733,0.0471157869423265,0.0153386967620203,0.0418981379568949
434.028610040384,0.0348781794863662,0.0321719317760509,0.0262264431522094,0.0,0.0251776096240866,0.0,0.0314723276673746,0.0055342249296795,0.0231477940549048,0.0095705874067939,0.0309431679664453
437.545260512592,0.0228940946991087,0.0349095607698721,0.0327245127728723,0.0,0.030343779962628,0.0,0.0269529108296536,0.0174086503945059,0.0252398144102013,0.0025476362833373,0.0309490072144523
441.059257011108,0.0198376324077235,0.0139815075603541,0.0170877587647316,0.0,0.0048043115165591,0.0,0.0152046096955075,0.0041214891831226,0.0084318675394289,0.0,0.0060471210106407
444.570602361988,0.0375093749038054,0.0216231086051512,0.0296240124811785,0.0,0.0098913108190082,0.0315427076269944,0.027858801021351,0.0046433955303759,0.0399228716569468,0.0,0.0351488956206949
448.079299387222,0.0315400720597282,0.0287645615667484,0.0219064128993051,0.0027299095586809,0.02044315643258,0.0313740822781004,0.0280125972613854,0.0077021027904649,0.0365606561845584,0.0098927456512215,0.035039039147874
451.585350904754,0.0123141679115988,0.0,0.0273168707947277,0.0041513106438409,0.0128707196593771,0.0173507734567972,0.0271684224386319,0.0,0.0341202369833559,0.0103402178203413,0.0415864463424641
455.088759728477,0.0100408883471754,0.0179282997055084,0.0228174322366074,0.0043335762976665,0.0107634663834268,0.0108208431822951,0.0325153635802328,0.0130566576382398,0.0456548036657391,0.0131887366297716,0.0304005571307716
458.589528668253,0.0440731239109263,0.0294753235636477,0.0361480479235625,0.01195110805178,0.0314204697966406,0.0289466667111579,0.0397402456534689,0.0060125891514937,0.0373234472957729,0.0117375033754193,0.0416545158216609
462.087660529904,0.0308641170654079,0.0209914078935785,0.0395690940828082,0.0181562226821492,0.0315947559408115,0.0181491064271189,0.0507602808668801,0.022118898553703,0.03958334562354,0.013296812680281,0.0471317527006999
465.58315811524,0.0143115102056468,0.003377971811981,0.0006392119566253,0.0064677924547149,0.0120727336325188,0.000613407443291,0.0186080486193712,0.0085551002607821,0.0258451886317174,0.0154301123696666,0.0205286629185213
469.076024222036,0.0317049181599169,0.0125189618009168,0.0331389317919397,0.0167878880855642,0.0282897461406911,0.0098270804301613,0.0357811683205178,0.0284485813951299,0.0410696542833294,0.0281890363346246,0.0393219831648095
472.566261644077,0.0315945887424045,0.0188899974619743,0.0265791993964402,0.0132047292491806,0.0130160304719668,0.0219306257702839,0.0184090024694047,0.0106201721326805,0.0325612854823313,0.0107586029118611,0.020774520947377
476.053873171131,0.0267251659423127,0.0261250667904193,0.0289171991347497,0.004392648496534,0.0047811857113431,0.0260408563590507,0.035984744907872,0.0185195940821535,0.0346449649188284,0.0109597041709865,0.0337545744454308
479.538861588979,0.0326734222432158,0.0096961789262097,0.0157044060604925,0.0035370271955977,0.0,0.0142046873333138,0.0247666727120643,0.0112428145517581,0.037168506105061,0.0135629859920583,0.0232634346875622
483.021229679408,0.0277266899367373,0.0172972167087449,0.0297262158304131,0.0144549125883461,0.0149333359157793,0.0257699254969279,0.0465798148944233,0.0,0.0541520651065778,0.0155226747646336,0.0486044236081282
486.500980220236,0.0359580877907548,0.0203121398039218,0.0437130721942736,0.0149394761323612,0.0278164450643879,0.0289237560845418,0.0367239182218006,0.0136451186527157,0.0353173046610965,0.0073964770214473,0.0356487793537039
489.978115985287,0.0460393392584776,0.0496284981594464,0.0383883027385796,0.0186966428964033,0.0147137485311181,0.0198989994608445,0.0373742398267326,0.0262233613549308,0.0352939639331188,0.0105061935318314,0.0460910635124401
493.452639744435,0.040977954277673,0.0271196469492767,0.0396112535752031,0.0163579425584335,0.0259499893575915,0.0208812484846676,0.0312774983071897,0.0,0.0439298630856427,0.0205876760034225,0.0407148468053522
496.92455426359,0.0297424294867598,0.0418140545130133,0.0351577408617842,0.0179860221862499,0.0300724676329596,0.0264289896319713,0.0294569154223214,0.010361991761922,0.0573575924920195,0.012055028282083,0.0439111141860448
500.393862304703,0.0467903687731424,0.0346624801365008,0.0461854659533009,0.019764155422671,0.0259018713289809,0.0210544070089957,0.0199310707590087,0.0192846567580902,0.0359345430810196,0.0181093770570749,0.0327239540646176
503.860566625786,0.0491681803217465,0.0506335790357784,0.0496563853470949,0.0213454539707786,0.0216947463236709,0.0298733500835175,0.0400827318890315,0.0468510501783124,0.0468603088590854,0.0290038006618959,0.0511527065097487
507.324669980914,0.049620560295225,0.0465759747509624,0.0347568003919179,0.0229035105034882,0.0080153253633064,0.0503743961484503,0.0381515685199112,0.045714721436667,0.0374390863280164,0.0395603027151127,0.0379812998649679
510.786175120224,0.0575880676437753,0.0524688399769036,0.0574368346684647,0.0329396576418526,0.0406930411446847,0.0524189713752931,0.053916642167943,0.0451856104563168,0.0637512551397745,0.0446009337372034,0.0506001327576315
514.245084789933,0.050885964073726,0.0524144099939477,0.055634515431757,0.0292467097427691,0.0450270202193487,0.0418675447402766,0.0523918893894816,0.0571810819739864,0.0561802291042198,0.0346833688838727,0.047401450051038
517.701401732335,0.0701080931690302,0.0777545521763612,0.0664932425345673,0.038889904811831,0.0520773260235947,0.0396499878896148,0.0632918130400611,0.0501368422772521,0.0548525088254523,0.0506236313209472,0.0566022902320788
521.155128685819,0.0576682606281922,0.0689857213863043,0.0618031383278278,0.0438259013436359,0.0614509672137028,0.0407433682372803,0.0564229961003074,0.0491757580110672,0.0607351996303504,0.0683587119543504,0.0504642021189533
524.60626838487,0.0659607956720377,0.0524531884818044,0.0650727334065895,0.0473512066063263,0.0401225123398584,0.0618916803987804,0.0533524554761439,0.0501108908499272,0.0781795315409695,0.0434179418555522,0.0562477244971848
528.054823560073,0.0520320663428822,0.0504143622875945,0.0570253191342355,0.0369742395608737,0.0553228949013536,0.0499334938542297,0.0550388999791153,0.0410250480176423,0.0496551042441744,0.040984817073259,0.0490839070140031
531.500796938122,0.0791329450285608,0.0546933602502258,0.0672816314457234,0.0460062388793926,0.0413940914921017,0.065983900702866,0.0595654490746699,0.0576704907285859,0.0616997624013105,0.0488758155829909,0.0547985495540745
534.944191241836,0.0500274418620605,0.0498465449143177,0.059168738106622,0.0385336134096199,0.0584902850547402,0.0514396899617427,0.0559092000186265,0.0733137840487845,0.0461470676929025,0.0412002257204826,0.054261719681272
538.385009190145,0.052039480632785,0.049046782685675,0.0458514829774985,0.0365904893749692,0.0370216398210528,0.0489977901323588,0.0450288376856595,0.0544577643217416,0.0590776411296464,0.0274006398155169,0.0498648449878765
541.82325349812,0.055903979148216,0.0654669782067941,0.0729363909880305,0.0519749346196213,0.0450057632245364,0.0628444061091177,0.0628693966115215,0.062299760804215,0.0729348868206287,0.0473800130613873,0.0564339351131063
545.258926876969,0.0559568511358814,0.0654942263526923,0.0487407691542116,0.0404450236452522,0.0446990120633156,0.0377248137743429,0.0437717732117508,0.046271474129168,0.0630629529092911,0.0374769079167179,0.0577085594309198
548.692032034043,0.0422857910877966,0.0314135586443131,0.0602459598796911,0.0370473977416046,0.0372810346217011,0.0406148657226147,0.0394967337547704,0.0340729497702053,0.0555684086477999,0.0293699071278745,0.0503411105186816
552.122571672838,0.0535968090870669,0.0454413222166761,0.0510318768658571,0.0443848623919124,0.036119662743682,0.0572824404119716,0.0318323804764369,0.0421315099201644,0.0504514536232337,0.0352433587861416,0.0587226705975152
555.550548493021,0.0483521007850836,0.032629200622791,0.056831528130041,0.0296657254006408,0.0384629250857845,0.0295423485397623,0.0504933850255668,0.0408143405992742,0.0510964652467957,0.0368212463439614,0.0699405672729627
558.97596519041,0.0572333101439442,0.0674717703511138,0.077174896863367,0.0324485577428934,0.0517811771990011,0.0427891913089654,0.0566593725949864,0.0500917063491614,0.0478345506548216,0.0487246788840612,0.0567345446719209
562.398824457005,0.0533353149002646,0.0518547176810191,0.049999853162316,0.0494369849573668,0.0343988346694147,0.0434422681588468,0.0603951053068092,0.0506378456643084,0.0503349888296563,0.0383612671397253,0.0506694682981143
565.81912898098,0.0635635874628928,0.078896099701944,0.0636983410736599,0.0372553549557292,0.0448980790140456,0.0515946081619798,0.0593044280218435,0.0530821704048215,0.0590814258405903,0.0495940636865722,0.0660931315549505
569.236881446697,0.05298860455344,0.0586578999447001,0.0717237698348617,0.0472607087091592,0.0427827625261905,0.0546883547783775,0.0586594326956403,0.0377766665261946,0.0571531308552249,0.0492214233153052,0.0561368483197135
572.652084534703,0.0480438151537772,0.0701769299563068,0.0547993635751984,0.0490900263278784,0.046531983711199,0.0740723063683721,0.0412067031237838,0.041118938150842,0.0667892122559822,0.0506460670661892,0.0547567900515064
576.064740921757,0.0595859576089827,0.0534944768942423,0.073106972650557,0.0529801352715104,0.0463166995519821,0.0498867549956619,0.0587071800105326,0.067940698045909,0.0643005688114742,0.0456438236529648,0.0586053564563826
579.474853280809,0.0460771072421847,0.0685697287465678,0.0664650678468502,0.0512969585320332,0.0535389888337358,0.0562242166818333,0.0656307275269076,0.0721815902699029,0.0564557400185566,0.0573648302249923,0.0667262071057141
582.882424281026,0.0702966182178878,0.0708878393457305,0.0710768607784259,0.056879907487152,0.0422498460915786,0.0755036313852862,0.0725213815591286,0.0535196376034317,0.0679111550996123,0.059613219756545,0.0590328452100452
586.287456587802,0.0713535814765663,0.0690794645883341,0.0733076009729825,0.0539401669500158,0.0446893520144145,0.0729812729170398,0.0616464729802239,0.0766974891940191,0.0831964094282449,0.052084523810463,0.0608728986563112
589.689952862748,0.0827618481090994,0.0917615999905914,0.0849116866084304,0.0645129505619102,0.0667552295279545,0.0741919838479125,0.0785364497915098,0.0821264200812643,0.0786224015511252,0.0777282125758902,0.0732030456364373
593.089915763704,0.0662876978276206,0.0848804923007803,0.0781492893419885,0.0689923042477402,0.0632331578611425,0.0829033574294463,0.0695136849333445,0.0749602460158238,0.0822297096002666,0.0737958751527597,0.0845453510609388
596.487347944762,0.0686616254255803,0.0924970932032469,0.0685361492742181,0.0729304884137251,0.0793377684920707,0.0836273191165708,0.0733989014033944,0.0890198140699751,0.0828990530995717,0.0673974298299911,0.0867696774571117
599.882252056245,0.10074033447684,0.0760016021279803,0.0786405911603984,0.0758070914304909,0.076538701365437,0.0864104733146187,0.079169152903838,0.0898403833498434,0.0815975267413427,0.0643205313917257,0.0750936520650197
603.274630744735,0.095968718635891,0.0685533674781357,0.0793122472537212,0.0847358568427931,0.0764604006982361,0.0711600807995829,0.0810734178291048,0.0848304254490345,0.0875109781912845,0.0685252520121044,0.0753431481940435
606.664486653076,0.077948084679403,0.0606136377775375,0.0827756973301082,0.0733442881595616,0.060230882962714,0.071364504273034,0.0757570023879394,0.0672257798711528,0.0735660508648146,0.0806209529657586,0.0827358017823293
610.051822420375,0.0693357274815135,0.0476402026909057,0.0532981568608864,0.0647083515587486,0.0561585562749905,0.0602333111802145,0.0593859246045276,0.0743908998815415,0.0634522603395762,0.0485199891542953,0.044663776181024
613.436640682001,0.0875967663945772,0.0459858814718191,0.0675175787254933,0.0735764659203826,0.0634573241962566,0.0666503894996027,0.05879931348312,0.0886101534908001,0.0508848534160856,0.0633001971044697,0.0577347012927727
616.818944069617,0.0397424541997711,0.0374812741606579,0.0408033827526651,0.073749149135288,0.0652209849320213,0.0621507916310962,0.0457205685755687,0.0557696613925644,0.0556858344702064,0.0710460793846533,0.0511670118393202
620.198735211165,0.0338667202420331,0.047564068969003,0.046502429300732,0.0754634307277464,0.079928763720106,0.0442229882032724,0.0287766569410939,0.0679924762211035,0.042079441332137,0.0665794846002128,0.035960730689174
623.576016730871,0.060057325692332,0.0639699337064001,0.0601659794922448,0.0837511311067175,0.0662978624894898,0.0769139659785922,0.0592495011148841,0.079217223107451,0.0661471279367287,0.0764015001090975,0.0570720682325791
626.950791249269,0.0574230039347502,0.048542862726412,0.0611066583694821,0.0738007362315805,0.0589274883935107,0.074409613664676,0.0508709633793572,0.0482138479126789,0.0437671762152398,0.0642638415600429,0.0489801686007252
630.323061383193,0.0599498357386101,0.0512495078419909,0.0657806255165991,0.0775378217297982,0.0562451735603672,0.071454401747916,0.0582777957922176,0.0803129828207887,0.0556774819247519,0.0715935012357691,0.0456413450749446
633.692829745791,0.0468688215362141,0.0521034668976637,0.0516198184651073,0.0788262091294886,0.0523535015892574,0.0688857161949182,0.0599031055351405,0.0737274608583505,0.0569164949019166,0.0740218859567159,0.0451427477660146
637.060098946525,0.0667988927447727,0.0438370469256542,0.0557679442526779,0.096578427365614,0.0787065441610268,0.0838665976145188,0.0758763192811292,0.0838606310365608,0.071173924058445,0.0803828335011844,0.0522671057094102
640.424871591182,0.0697053844388792,0.0650610251522216,0.0565972769824825,0.101124638103373,0.0688581801836516,0.0799784812386331,0.0597086231116661,0.0752803918789748,0.0515543714837265,0.0730091305137727,0.0584059795579341
643.78715028188,0.0513402235370599,0.0490019982696113,0.0409431592533113,0.100272865601877,0.078245994345175,0.0722913398751457,0.0526172196688775,0.0814865388598941,0.0381851395195487,0.0972877741765092,0.055907446509963
647.146937617074,0.0504097812235632,0.0637964841541988,0.0421879702309485,0.128030296288812,0.0714845815244614,0.0624797553990938,0.0483718083511496,0.0924937561071697,0.0518552965371584,0.0752388830814854,0.0438151540622932
650.504236191561,0.0536974889139188,0.066745891880432,0.0499880925331912,0.135468500562939,0.076096252348394,0.0999395972086341,0.0546408701452374,0.0847879962889324,0.0505039163327314,0.105251492382782,0.0599115048067075
653.859048596493,0.0560112163784403,0.0687522303703687,0.0563507587581454,0.141499703977782,0.0728156740146813,0.0854611700749421,0.0541708977485898,0.10249883890934,0.0573373178391901,0.0898507368684826,0.0683274558676912
657.211377419369,0.0408301525609536,0.0598223442128936,0.0443499327086864,0.147512025776024,0.0887720173300009,0.072626257703088,0.0440864428334321,0.096021107878133,0.0496330136925345,0.0933093173046138,0.0518459690717138
660.561225244057,0.0572453929906304,0.0576718842788236,0.0633538655488972,0.148300547253686,0.0575190104355771,0.104133067813858,0.047871870277311,0.0965998585927953,0.0491469431268993,0.098569291675612,0.0501624533074657
663.908594650793,0.0717430979172576,0.0754741110986055,0.0856225279343282,0.160000919522851,0.0926842967708154,0.0996091603843097,0.0674444227686558,0.0997256958910842,0.0607139175102522,0.101670886455416,0.0785812736254196
667.253488216186,0.0744108805455344,0.0632624570108468,0.0683704941077677,0.152250676002986,0.0896835788919038,0.0954735186633626,0.0587115252696575,0.106687237199479,0.0509752705892486,0.113884806761419,0.0467122079783233
670.595908513231,0.0525041535184261,0.059647771554599,0.0661378256700946,0.145696352286014,0.0925525733613074,0.0687028177404168,0.0557014442520067,0.108787567606916,0.0590915874268131,0.0950027241589573,0.0554674595935159
673.935858111305,0.0621944109015338,0.0537284022106011,0.0648195428606666,0.129927730112146,0.0659057088815074,0.0745536308111377,0.0632070516949256,0.08798831569669,0.0512207215809323,0.0922393035253356,0.0618041389212245
677.273339576184,0.0496706164680594,0.0455045276885035,0.0653561542494452,0.112752360421691,0.0695058031407936,0.0803746370167025,0.068288249972616,0.0864867831398209,0.0631390553509587,0.0781796786532184,0.0638093911852728
680.608355470042,0.0508071041489999,0.0258913789252772,0.0606952387318495,0.0827182114196435,0.0608900437818168,0.0652354926731946,0.0421890408015108,0.0727156365904159,0.049884787676422,0.0640946072164113,0.0648311792224558
683.940908351461,0.0632439108148003,0.0453105792960794,0.0611807512932887,0.0708845611660298,0.0601106339692397,0.0718346406121445,0.0601549207136062,0.0621367070940577,0.0680232019355274,0.0615597277144308,0.0466959187939218
687.271000775435,0.0699881726868678,0.0637885552095632,0.0597602694129331,0.0642383569078527,0.0758176682836627,0.0851022697663977,0.0723420086159294,0.0711785272276394,0.0822617127329895,0.0730122042643956,0.0644032913722219
690.598635293377,0.0729281830764955,0.0427146113161121,0.064426890333699,0.0563595152187361,0.0726253564807624,0.0824335923529211,0.0715614541018763,0.0673068697620536,0.0635928135580542,0.0573289020309831,0.0615191817331203
693.92381445313,0.0579032536251133,0.0633990190276172,0.0784719787520273,0.0642534368831815,0.0796289899918449,0.0751312492623052,0.075546391731273,0.0605076601198435,0.0768005992412437,0.0708641750258888,0.0806085865039505
697.246540798959,0.0664520807333078,0.0577050065169444,0.0732151898424872,0.0565125926204555,0.0775630651654566,0.0661256742597323,0.0569786356085005,0.0562571706902447,0.0696713404227795,0.0642701327921247,0.057585318511172
700.566816871583,0.0466516483882062,0.0610639812006983,0.0571197731071235,0.0579508928555351,0.057384607412459,0.0503936635940585,0.0508450238479715,0.0413483329540502,0.0455894042547563,0.0497315495848017,0.0541446178078044
703.884645208148,0.0414567796149752,0.0448585748876783,0.0649786769903625,0.0480925326128992,0.0536934917403767,0.0538894532568744,0.0537908613473152,0.0583022371843478,0.0611202168030192,0.061975249864634,0.0645475923445202
707.200028342264,0.062668419432021,0.0572391938624826,0.0695220463124549,0.0541811631574715,0.0696354001653011,0.0690781838001476,0.0557516488878983,0.0684636580062779,0.0698514651537505,0.0668839948409169,0.062012027564692
710.512968803987,0.0517550528440088,0.0650459611737235,0.0589957248466797,0.0468909349263391,0.0682516348983356,0.0536800523788678,0.0481006926174624,0.0534715220700503,0.0480936257674464,0.0574516990246352,0.0556249685781981
713.823469119842,0.0611121460721987,0.0587398815577069,0.0470348756680847,0.0473922249970046,0.0585854818892599,0.0642080946176457,0.0639078160302969,0.0516591434063172,0.0712672235822498,0.0559157395726534,0.053995209313559
717.131531812825,0.0449529801635954,0.0524027954862285,0.0613798966024353,0.0477028942653542,0.0744505860503508,0.0726153441915525,0.0581217873872444,0.0562620632548581,0.070237127383052,0.0622763128492508,0.0595142063286285
720.437159402404,0.074082214073142,0.0696557968229581,0.0766415814886847,0.0597964861042194,0.0796745790709297,0.0701110971391418,0.0877759092211886,0.0791991699781774,0.0735278826007229,0.0777520173622278,0.0721821230562556
723.740354404523,0.0493737524847144,0.0568978244221059,0.0627290409880172,0.0501821752035613,0.0726849387698352,0.0813937335896763,0.0622883589495975,0.0711849842260267,0.0608341978013585,0.0645701635497304,0.0618689445141412
727.041119331624,0.058625319920991,0.0577368605689592,0.0643088624431492,0.0514833435302001,0.0676362793248874,0.0733929507517187,0.0636144411807082,0.0728078132460986,0.0722837644723745,0.0623314709966591,0.0639658503494364
730.339456692637,0.0598264215406429,0.0553659176186229,0.0672760231149832,0.0529413494998669,0.0857605053914661,0.0666209721126639,0.0788140529583794,0.0727933321724546,0.0759681470067269,0.0640298727419609,0.0712991557507386
733.63536899299,0.0572255020832286,0.0438799299675509,0.0561149684239894,0.044838568473635,0.0602171941032616,0.062752441125358,0.0594810857198949,0.0682425153227993,0.0559332049620482,0.0523020624510836,0.0527823165937488
736.928858734616,0.0465744516057079,0.0600733032201523,0.0689098993459253,0.0427928339737312,0.0574539459562928,0.076857688220262,0.0607317789019553,0.0575448088656124,0.0576247729013129,0.0539549686031583,0.0533716736765649
740.219928415972,0.0609155928021096,0.0439852834710586,0.0595839940538228,0.0474984592196876,0.071966488953079,0.0482376521668079,0.0691467443923449,0.0645381742704434,0.0689564382980711,0.0586315969052107,0.0572849106405251
743.508580532013,0.0648467976650575,0.0642077631552061,0.0638705890818789,0.0507995318280168,0.0553936603669817,0.0807092041032308,0.0679516891368795,0.0653849924684623,0.0570527790221107,0.0541471678132987,0.063565679880544
746.794817574235,0.0668647934495344,0.0671394604551867,0.0780084565020473,0.0429783098619809,0.066319719781196,0.0825956549673375,0.0672114642227564,0.061051800758131,0.0683266135421172,0.0666994523386147,0.0798662595268247
750.078642030654,0.0433682072365131,0.0446040532721075,0.0521593888388192,0.0450323633888389,0.0508788820694909,0.0689673629389709,0.0568615565554662,0.0573371394631724,0.0544316207493163,0.0508996967836169,0.0578828490010126
753.360056385828,0.082154934005204,0.0483862375898312,0.0662530320299319,0.0567882746680158,0.0499623003140218,0.0724765049202964,0.0651791137048006,0.063905226466509,0.0748342083131844,0.0591433520725872,0.0746150265044868
756.63906312085,0.0581370326508403,0.0362409030123136,0.0601073361342591,0.0475307732596722,0.0454837411182996,0.0500057743391493,0.0600531660557876,0.0417778090346866,0.0550809141554996,0.0448230285591812,0.0463679237034136
759.915664713369,0.0756334154120905,0.0540476205618634,0.0553504484302223,0.0464135108127249,0.0484525360253682,0.0656037509461199,0.0549034657061404,0.0557044413249465,0.0628570704453681,0.042666122187251,0.0620976048542222
763.189863637582,0.0482626475672376,0.0350316253877992,0.0613860114752517,0.0461482141434021,0.0435346746843709,0.0485242816406021,0.0497301852193822,0.054787685968701,0.0643202819040121,0.038660029391251,0.051978626491064
766.461662364247,0.0439973333043577,0.0373372950387218,0.0443616671893229,0.0557588071072978,0.057860057532278,0.050257505039574,0.0416578674777091,0.0432154310794877,0.0391651413076644,0.0291493516784208,0.04040229092819
769.731063360692,0.0590614353740704,0.0255331624141372,0.0517651537332858,0.0358528181023694,0.0367762106464576,0.0548961305824768,0.0474611921447868,0.0593223000652177,0.0381557942887448,0.0381998890440252,0.0493686416303804
772.998069090809,0.0566366669516033,0.0464074424724839,0.0431616605682679,0.0419618746855788,0.035722339534819,0.0515562517883053,0.0403011230622465,0.0499556342786403,0.0521065907088527,0.0435739353841107,0.0468345604000374
776.262682015076,0.0489960151081075,0.0377277191916344,0.0500530249284165,0.0397258186066042,0.0519463687526138,0.0502848841565847,0.0441414154944372,0.0441079997196208,0.0587782379633379,0.0434438927328328,0.044756665480154
779.524904590552,0.0488845083200081,0.0485534501506231,0.0517517423102086,0.0308800377958565,0.0359070969739917,0.0439656756199469,0.0537102516174942,0.0543430690790884,0.0470511964008183,0.0524320448621951,0.0445698999242378
782.784739270879,0.0440294930272659,0.0448158909017316,0.0501386737603906,0.0320844141508971,0.0513007697532599,0.0225518710854691,0.0325831535561128,0.0539233892187214,0.0502848535182441,0.0388572581652062,0.0457961742898743
786.042188506305,0.0528403924035587,0.0365087721071862,0.0536771190294787,0.0461156987426971,0.0419020034392676,0.0479995178372654,0.0449827165722148,0.0483254749646055,0.0433391173954705,0.0465861241869743,0.0474791406112285
789.297254743676,0.0418031012475186,0.0549757401285453,0.0397988718527063,0.0476372547355226,0.0588251157593355,0.0617018720039518,0.0540051741059673,0.0691192467694124,0.040718186909299,0.0503346532323974,0.0414885775032062
792.549940426439,0.0661455426926741,0.0557002058967061,0.0602232792676558,0.0446319907091327,0.0658971938307384,0.0598916056930047,0.067798315905165,0.0695945436486552,0.0646617427461179,0.0577187078350748,0.0445636913258728
795.80024799466,0.046094485714007,0.0541269530411197,0.0655821911219336,0.0633042960152662,0.073341242425542,0.0794073598653652,0.0623987513698709,0.0755227057905652,0.0576373862167775,0.0772679532507474,0.0547916157031008
799.048179885027,0.0647277268642019,0.0620667374749068,0.0695108308359901,0.0536753278360511,0.0902006469052786,0.0687592212493338,0.0550604177010549,0.0823939387729457,0.0747605317029369,0.0736458984783276,0.0702594782931372
802.293738530839,0.0597372189426519,0.0545358561571929,0.0630760569333525,0.0632945432346689,0.0771572610180443,0.0668788790091268,0.0659128951179405,0.0728128866304402,0.0536641505052551,0.0742690671344928,0.0550981114073435
805.536926362046,0.0585009863295432,0.03925675820637,0.054741159472465,0.0593633875308377,0.0723500291247148,0.0511610613936443,0.050384100254599,0.0715844158573815,0.0494636398499434,0.0739589743019609,0.0628725688461392
808.777745805219,0.0482743327979547,0.0421221027723389,0.0482676958816506,0.0583680511578034,0.0631972441505998,0.0680727650748531,0.0592769989128715,0.064534516916156,0.0515229325243368,0.07058338365969,0.0448006994291441
812.016199283575,0.050770919595432,0.0644948341070676,0.0394242590058217,0.054755396765175,0.0701447219248944,0.0569142663729264,0.0523329392803662,0.0716361374787817,0.0569414104688616,0.061096148799136,0.0644910052592276
815.25228921698,0.0508858840037873,0.0391456209954615,0.0376145092780406,0.0539052489395467,0.0629173716323829,0.0415470330241239,0.0281142522799073,0.0684066620681195,0.043963209609285,0.073218590609967,0.0430310549924529
818.486018021954,0.0335143413932064,0.0446605301802771,0.0353158149083683,0.0454052463274082,0.0572427732215673,0.0412278422550783,0.0340690769393932,0.0471146864588514,0.0353114929941347,0.0603427646286951,0.0411598064630914
821.717388111677,0.0581326123250604,0.0456079528889155,0.0508651586623351,0.0591046251729145,0.0688485643033214,0.0609803378960934,0.0505474169072545,0.0728335132153054,0.0358211482406395,0.0620704987194688,0.047877495641657
824.946401895993,0.0430791863185949,0.0474391306956565,0.0395960963413444,0.0488414787533032,0.0666732194999958,0.0551749764369144,0.0478345672623367,0.060195127321685,0.0421080864457895,0.0549455295298563,0.0450104689337107
828.173061781417,0.0393337724171008,0.0460659622108492,0.036771899356984,0.0425559853456192,0.055435127395196,0.0384636367415433,0.0359954137765938,0.0604205597855019,0.0338668092862627,0.0590735761642108,0.0507327158452085
831.397370171139,0.048784690029033,0.0337662924563479,0.0409822115484973,0.0466694709819898,0.0532210460008133,0.0648487259064084,0.0557682781678077,0.0680335618690212,0.039138691023399,0.0467334386335728,0.0358706358821077
834.619329465039,0.028477087127049,0.0314360421587782,0.026367566445413,0.0354975233613526,0.0439104787652081,0.0305121876684435,0.0271148510063166,0.0527526272884386,0.0264984365674615,0.0502161307314848,0.0248155753260599
837.838942059678,0.0506322372578789,0.0340786065063067,0.0460579166313645,0.0428814524358634,0.0503085093591071,0.0463890646542346,0.0444519739952152,0.0583897249337315,0.0558963867152066,0.0427142619286809,0.0343067724721984
841.056210348311,0.0392529438763657,0.0453282161248753,0.0469236368505544,0.0438308898277311,0.06415834766117,0.0622448161655619,0.0440365735939738,0.0675491375868298,0.0470768989353565,0.0525587522129534,0.0509531393346118
844.271136720895,0.0372944080479693,0.0220307649933681,0.0294350658062675,0.0383459129327581,0.0536119936240306,0.0345429243412131,0.0378506378276242,0.0470498947024108,0.027597855172818,0.0492865683367383,0.0407984871702571
847.483723564093,0.0442847767442925,0.0518578239500209,0.0504835532589658,0.0370128942285719,0.072929482353261,0.0553805174127119,0.0575263204861858,0.0574558376810595,0.0559592192634684,0.0731092026204361,0.0588427201590825
850.693973261278,0.0219894930749176,0.0344190416385874,0.0343710754422214,0.0382700513470979,0.0387552214774276,0.0456380745201827,0.0316522019011222,0.0362703606146196,0.028215323777449,0.0594450654088413,0.0299994105736204
853.901888192535,0.032717195670177,0.0423955279009543,0.0314065244699267,0.0445471408995737,0.063541146448949,0.0475966695240089,0.0388291413796502,0.0537221679464696,0.0284899754250245,0.0533796250756045,0.0264857739275178
857.107470734681,0.0273765263106768,0.0299076221160014,0.0364181446758843,0.0377953897854254,0.0533154423506478,0.0419998223516946,0.0344849599316021,0.0537573899840967,0.0282586845738762,0.0396814482098018,0.030128158567016
860.310723261252,0.038065971984816,0.057825832105357,0.0404727682417716,0.046650154146865,0.0568336310786683,0.0635934235427363,0.0406663770440972,0.0534501188053417,0.0410587885791869,0.0689197568896913,0.0375789185393297
863.51164814252,0.0392958697483421,0.0330278659132266,0.0195916141987136,0.0369227171960322,0.0453931295632532,0.0474910919332502,0.0338891996134284,0.0470018016567132,0.0233782010798712,0.0463540004327814,0.0411860795159775
866.7102477455,0.0490036776773571,0.0454566044342933,0.0358380018121102,0.0372485048588464,0.0449445753211953,0.0380669990648573,0.0381172396404694,0.0456878544988958,0.0458036924060886,0.0560628803799972,0.0399932935478916
869.906524433941,0.0327311059778105,0.0287908146303872,0.0247980567997023,0.0295785770450664,0.0409401484959276,0.0403448492038677,0.0202808363609834,0.037588835824359,0.0242117085571392,0.0508284857474451,0.0340007277694144
873.100480568356,0.0216325422237688,0.0184626774182325,0.0254965059950979,0.0314415483180475,0.0322004406343844,0.0396729782463357,0.0244732824675822,0.0446112610407305,0.0306394385046442,0.0294323209391844,0.0270346197193044
876.292118506005,0.0298692111496276,0.0362767746840877,0.0210071945523174,0.0268709087833552,0.0411374933987541,0.0331211829919654,0.0339201919096974,0.0390501830576278,0.0177070048655628,0.0387883429223377,0.0334429109434629
879.481440600911,0.0229827730148367,0.0222713125807362,0.0381302928665697,0.0283624200179974,0.0394417675568641,0.0357601281709037,0.0289715419973201,0.0318589150037822,0.0153897514022303,0.0368570718689612,0.032660630850789
882.668449203865,0.0274073308606205,0.0223264782463902,0.0199747249045948,0.0241146856063785,0.0243610768711415,0.0383802448679569,0.0302362472526698,0.044621949760394,0.008216808957231,0.0352148070096853,0.0251662056918042
885.853146662431,0.0063243490666548,0.0359882126643333,0.0177897853047821,0.0122186105346821,0.0108368205891436,0.0087475184615562,0.0127922703258025,0.0180630372595314,0.0073081964927602,0.023504058463561,0.0061772027166119
889.035535320943,0.0149620818012989,0.02827886704737,0.0212317800073037,0.0126329934522721,0.0248199264010991,0.0276569305202189,0.0341525831621046,0.011458748722691,0.0155649301383712,0.019698530258344,0.0173023600655378
892.215617520531,0.0311350506984321,0.0328136937514854,0.031241221215354,0.021366254553281,0.0419325960922218,0.0419431184699357,0.0300947353682223,0.0209435652789034,0.023317772244781,0.0320236244928419,0.027933241743303
895.393395599108,0.0284094911486363,0.0096181700900902,0.0186673818233347,0.0106497686890703,0.0240354710692339,0.0269073947360331,0.0178727340540701,0.0287989814175784,0.0194470845339972,0.0205720100527753,0.0313743897426611
898.568871891376,0.0237788235686868,0.0218344017709885,0.005138497185258,0.0112027995129748,0.0183116843199659,0.0185517008345604,0.0166576866543761,0.0124741531542418,0.0213580026915889,0.0106286924103331,0.0266694563292568
901.742048728847,0.0224356030608188,0.0231282077933482,0.02779863770589,0.007579039751951,0.010606516496383,0.0181321229196845,0.0183021207824187,0.006440035552011,0.0305011247410443,0.0079820039369693,0.0272098660785136
904.912928439833,0.0144672687850352,0.0098657020891938,0.0165917580150107,0.0,0.0040656869948009,0.0055547431449857,0.0218476616534143,0.0,0.0072320220954624,0.010804295377525,0.0205610474830729
908.081513349454,0.0135630096103234,0.0,0.0175952540509872,0.0,0.0069464570481611,0.0030069774919707,0.0258566608864928,0.0,0.0,0.0,0.0057666440771143
911.247805779648,0.0069780485752194,0.0,0.0,0.0,0.0027348558892814,0.0,0.0039692434365071,0.0020823409015438,0.00318099738851,0.0,0.0076963196231933
914.411808049184,0.0032091936490936,0.0,0.0153287315134547,0.003558491791817,0.0,0.0091627916647758,0.0108227768054783,0.0,0.0054779718102268,0.0,0.0163067935732605
917.573522473643,0.0258583861563925,0.0120387680269484,0.0275748434192167,0.0099453630023365,0.0143206272901264,0.0182853424012914,0.0286843011822497,0.0169148837560182,0.0391816441780859,0.0097657046722542,0.0292069323688688
920.732951365446,0.0211137766498139,0.013215246301237,0.0219407324093016,0.0036516370034242,0.006133512590945,0.0064597723456463,0.0153779214005531,0.0101300095024407,0.0206517104094585,0.0106898561073839,0.0248752383007161
923.890097033857,0.0121052607108684,0.0143728318032729,0.018644121436678,0.0030745879474358,0.0085484653094588,0.0,0.0159555213127575,0.0,0.0093552755946422,0.0,0.0076162075443504
927.044961784968,0.0,0.0037009569997955,0.0064009491177291,0.000230614163353,0.0,0.0,0.0,0.0035963648190013,0.0,0.0,0.0056473172514821
930.197547921736,0.0143396796018462,0.040707806397834,0.0040184219708528,0.0,0.0086182221035796,0.012747154340222,0.0127530913426428,0.0212446621908121,0.0152323233467122,0.025566984355708,0.0074905110113858
933.347857743968,0.0,0.0309076414145646,0.0147879395144485,0.0054454054612878,0.0098121274943858,0.0042053838493764,0.0065770361013286,0.0,0.0062987136594062,0.004503606058404,0.0035807644384017
936.49589354832,0.0113214378870397,0.0347171004513561,0.026485079408452,0.0,0.0047014474609163,0.0157419078001215,0.0185991236822283,0.0178319364337079,0.0181365867789919,0.0120634717118717,0.0187877448554945
939.641657628323,0.0,0.0167041665515149,0.003376633302623,0.0041970978528006,0.0,0.0113548642743678,0.0095190751767275,0.0028922287918345,0.009651032554107,0.005597033663294,0.0115030386612168
942.785152274379,0.002579876843902,0.0113927253994518,0.0216312841344654,0.0006071303243355,0.0034838574380051,0.0,0.016720418287277,0.0,0.0,0.0024689883056792,0.016161500632549
945.926379773757,0.0203731212207553,0.0146946552917947,0.0182456005745963,0.0086356979033638,0.019959531059324,0.0063020441329408,0.0056956109403434,0.0129124319692651,0.0066485034106045,0.0063352107041676,0.0165024753585936
949.065342410614,0.0287114428500676,0.0134366035765821,0.0284829475511559,0.0,0.0128307643385296,0.0177768508993977,0.0210172925197882,0.0095223372983537,0.0266360573148335,0.0,0.0173087264328998
952.20204246599,0.0087136096459647,0.01125283909441,0.0109680054825678,0.0017530374724446,0.0096213461087239,0.0,0.0008593090892072,0.0041834871766542,0.0,0.0,0.0027978552578092
955.336482217814,0.0061672273810785,0.0176830177406914,0.0,0.0,0.0,0.0,0.0012968755504356,0.0,0.0037094174693242,0.0,0.0
958.468663940918,0.0191843386018176,0.020008040601122,0.013987307145947,0.0,0.0188932348026914,0.0,0.0041177578284043,0.0053792025535791,0.0178452764221421,0.0030951080685422,0.004346956777245
961.59858990703,0.0,0.0064173238364697,0.0,0.0,0.0,0.0,0.0,0.0,0.0,0.0011129938304493,0.0
964.726262384784,0.0149679124748128,0.0032581580257544,0.0070872384272305,0.0,0.0,0.0159028151197706,0.0,0.0,0.0001384103140086,0.0,0.0029772600953739
967.851683639732,0.0057593232929712,0.0078051824589979,0.0017397797183027,0.0,0.0,0.0076147101959496,0.0033975945409982,0.0,0.000205217864755,0.0,0.0
970.974855934344,0.0017301316606935,0.0196043179861743,0.0,0.0,0.0,0.0034989407738498,0.0,0.0,0.0,0.0,0.0
974.095781528001,0.0,0.0,0.0,0.0,0.0,0.0,0.0,0.0,0.0,0.0,0.0
977.214462677025,0.0,0.0,0.0,0.0040399344634145,0.0,0.0019243198212188,0.0,0.0,0.0,0.0,0.0
980.330901634669,0.0,0.0,0.0,0.0,0.0,0.0,0.0,0.0,0.0,0.0,0.0
983.445100651119,0.0,0.0,0.0,9.42182636033366e-05,0.0,0.0,0.0,0.0,0.0,0.0,0.0
986.557061973506,0.0,0.0,0.0,0.0,0.0,0.0,0.0,0.0,0.0,0.0,0.0
989.666787845913,0.0,0.0,0.0,0.0106928588365645,7.30500135868961e-05,0.0,0.0,0.0004787471859792,0.0,0.0092766216530034,0.0
992.774280509374,0.0118834155764552,0.0199976401397602,0.0201735370619565,0.0420134525651042,0.0340695198463296,0.0333393435461611,0.0127678600683062,0.0374752628846083,0.0175934979561791,0.0193716994671894,0.0163272876668016
995.879542201883,0.0176692433925904,0.0262239994956029,0.0072107945884762,0.0891182210380102,0.0393525803830613,0.0320486627043787,0.0068186095064185,0.0496513851954885,0.0107566987746875,0.0516955229702811,0.0059590152840774
998.9825751584,0.0224995585827487,0.0460638002847562,0.0144561718509418,0.201637303917072,0.0737219255839998,0.0843298674153151,0.0253015169074301,0.124634926230324,0.0329141642312923,0.134578390644125,0.0199716935520647
1002.08338161085,0.0495042587559162,0.0740660485287612,0.0428501645011638,0.284638072373907,0.145040855746154,0.13324947951903,0.0198100919166191,0.189294601600209,0.0231485962243223,0.185463721016544,0.0177134231521381
1005.18196378813,0.0217417753769162,0.0507230612459831,0.0228069144535247,0.197573688111263,0.100359709553678,0.0875480885008476,0.0195802110154851,0.13216827140449,0.0394768181235402,0.133679780661478,0.0106626025017897
1008.27832391613,0.0,0.017372476877884,0.0022845027878238,0.076130085592711,0.0395477730776737,0.0313687779803938,0.0035239931846379,0.0537650217613784,0.0,0.0517262662198313,0.0
1011.37246421771,0.0,0.0,0.0,0.0194063396473972,0.0054633019048434,0.0,0.0,0.0281825355055322,5.55936078699675e-05,0.014848870773003,0.0
1014.46438691273,0.0,0.014681403276744,0.0,0.0281068957465091,0.0130484914373518,0.01986435057538,0.001096350793834,0.0331931269450133,0.0124761085021491,0.0160426482429049,0.0
1017.55409421804,0.001687126411398,0.0071834063289451,0.0154231204368027,0.0210054082520165,0.0060765137358403,0.0184906509381672,0.00322269719422,0.0178947634669298,0.000226568521747,0.0202739641497452,0.0
1020.64158834748,0.0,0.0192056273547178,0.0,0.0256985833966802,0.0112849077825025,0.0066400302392269,0.0,0.0199811358297121,0.0174561080834984,0.0366822360653873,0.0
1023.72687151192,0.0,0.0239468171195243,0.0086245413023586,0.0338554444776899,0.0188439294535905,0.0253384257863013,0.0007369096007547,0.0458957165757229,0.0075986070264453,0.036631226244352,0.0068970995967937
1026.80994591922,0.0201706900994849,0.0423031719181125,0.0195535644093881,0.0567574673453276,0.0401563986311779,0.047374992628468,0.0282364789079617,0.0647105501164621,0.0393073466936295,0.0447971156672688,0.0260855913922476
1029.89081377425,0.0,0.0120411372705571,0.0036747183006173,0.0532708471081757,0.020175171670727,0.0158163812354809,0.0,0.0400213272888262,0.0033177612166146,0.0377226497877597,0.0
1032.96947727891,0.0399967744590992,0.0358239077670133,0.0352760037710191,0.0548101993817225,0.0693881677292309,0.0533211375667458,0.0324054855360035,0.0630008956851374,0.0441882703953434,0.0470907231668488,0.0371761192689737
1036.04593863214,0.0055243168278425,0.0178025552664108,0.0109188399173736,0.0375977089320551,0.0513571594715568,0.0263467177127727,0.0229742212899473,0.0337781351668221,0.0226790389705432,0.0363444784323776,0.0152089773965311
1039.12020002989,0.0,0.0,0.0,0.0182950678623127,0.0223089384849755,0.0031297539333483,0.0,0.0200078793523433,0.0,0.0137092670873248,0.0
1042.19226366514,0.0,0.0,0.0,0.0102670376785933,0.0,0.0012529989480404,0.0,0.016535816539053,0.0,0.0072124849986294,0.0
1045.26213172793,0.0,0.0,0.0,0.005009158815027,0.0,0.0,0.0,0.0,0.0,0.0159404670958994,0.0
1048.32980640533,0.0049067033758027,0.00465398611204,0.0107449223892909,0.0063400842237277,0.0204433303736416,0.0087734034258224,0.0062532246744797,0.0166465165457128,0.0114657658245101,0.0136938983052631,0.0176520973732578
1051.39528988146,0.0,0.0,0.0023387041454853,0.0017629977508823,0.0,0.0,0.0015735689551435,0.0,0.0024704741371062,0.0,0.0
1054.45858433751,0.0,0.0,0.0,0.0,0.0,0.0,0.0,0.0028610359277028,0.0,0.0,0.0
1057.51969195172,0.0,0.0,0.0043139363391743,0.0,0.0,0.0,0.0,0.0009462756057844,0.0,0.0005141773278387,0.0
1060.57861489938,0.0098174849092343,0.0,0.0085834205017229,0.007779524208109,0.0122233671434528,0.0132367937480239,0.0004294528812452,0.0080421071267708,0.0087807698988571,0.0,0.0132807125139416
1063.63535535287,0.0,0.0,0.0081451144869759,0.0,0.0,0.0,0.0091396816693952,0.0,0.0,0.0041843872290571,0.0075075229852211
1066.68991548165,0.0129333694226468,0.0036796708145375,0.0,0.0,0.0,0.0072521482556135,0.0,0.0,0.0090688285042297,0.0046389162328675,0.007945121323916
1069.74229745223,0.0090516084879849,0.0068881275261314,0.0157142495304269,0.0,0.0125781007010703,0.0015260679107741,0.0121610335149088,0.0215376635049192,0.0140328418942579,0.0136172993070899,0.0107675984405597
1072.79250342824,0.0108269903842492,0.0,0.0063254948847869,0.0046056916262933,0.0,0.0020712626388612,0.0,0.0024982173512397,0.0073839218079974,0.0021783087253528,0.003062110479673
1075.84053557036,0.0059867419348866,0.017364135839534,0.0006927758387041,0.0025822798270252,0.0184214646376111,0.0126555906992271,0.0151556965963611,0.0,0.0079777024731657,0.0020053041473637,0.0130461489062431
1078.88639603641,0.0101082380251613,0.0069158292638074,0.0119811974242251,0.0010737902402992,0.0148472356190313,0.0136035406980968,0.0185605468716586,0.0159387273492078,0.0187152079097089,0.0097473462404962,0.0120242994628495
1081.93008698127,0.0033661200976079,0.0078148349377526,0.0,0.001816037746199,0.0002582552638686,0.0124506567814272,0.0099773925531784,0.0,0.0033361488561956,0.0,0.008605405139358
1084.97161055694,0.0183310753453888,0.0164272431199111,0.0194974181739559,0.0009905598638259,0.0061105393923522,0.0108716380173551,0.0162457509572033,0.0212884263284211,0.0174401136270518,0.0023662554753833,0.0252678350721757
1088.01096891253,0.011575928997714,0.0154912644933158,0.0199571341263106,0.0081438677358519,0.0174627313076582,0.0130529746234996,0.0086093523132687,0.0054250440804072,0.0102626161425444,0.02441030058284,0.0065336468338704
1091.04816419427,0.0236959752562087,0.0013729783641313,0.0114789462717253,0.0,0.0079707712937172,0.0072731550327024,0.0105527979496793,0.0137159960686869,0.0214486317618415,0.0126334889198938,0.0140984952567949
1094.08319854548,0.0188166352037743,0.0249500049848291,0.0241542933238547,0.0,0.0204933770532915,0.0186502528870404,0.0115322306899907,0.0075006471419766,0.0142544016880309,0.0020702349283017,0.0159191541004338
1097.11607410663,0.0219559980228698,0.0180831327873176,0.0151973085973862,0.0,0.0109925945516896,0.009507596704174,0.0192162070765659,0.0125530439314237,0.0162380707088603,0.0018601473539862,0.0119957927358827
1100.14679301532,0.0118726079277152,0.0043941933035383,0.0128187228849793,0.0,0.0022740418952251,0.0028700899860111,0.0067655547423018,0.0082542220821156,0.005643537928446,0.0007314449186549,0.0138068100241906
1103.17535740627,0.0220812113052899,0.0034166842985084,0.0071449999552697,0.0021745341937152,0.0057406624954025,0.0083664569405617,0.0134809180141084,0.0123239084633492,0.0119628537873478,0.0050818851368725,0.0141784800315702
1106.20176941133,0.0105707530100673,0.0001601198967741,0.0014675364312067,0.0,0.0076306917693223,0.0109261151711637,0.0038961864278851,0.0063983304092559,0.0144068569500769,0.0054675483068409,0.0102414132985564
1109.22603115951,0.0141602367275389,0.0,0.0348111198836555,0.0054797443526612,0.0071579099042697,0.0130610324240956,0.0158741882983208,0.0023980864474305,0.0240956144108622,0.0040211236241452,0.0153870475964301
1112.24814477697,0.0054717247468204,0.0,0.0089091012027987,0.0,0.0,0.0,0.0043633291895291,0.0048338024468928,0.0086366218893361,0.0,0.0133547242162509
1115.268112387,0.0184920154695758,0.0107877347787555,0.0046319296360543,0.010501912004793,0.0105273670611127,0.016894605261211,0.0105813556698221,0.0143499818298908,0.0105756945079631,0.0062953045118186,0.0232749940248003
1118.28593611007,0.014042257173942,0.0,0.0177481953384568,0.004761517845421,0.0151563522662198,0.0,0.0244636779152919,0.0,0.0018715738434163,0.0054465075727897,0.0226698274286735
1121.30161806379,0.0256372024971507,0.007843795604189,0.0209878355714795,0.0080425018408369,0.0068068789766491,0.012333196052456,0.0182125833484521,0.0108085730523428,0.0357064946248765,0.0085545559074258,0.0215828427361592
1124.31516036295,0.0207065245146016,0.0049990346739533,0.0082387262158315,0.0045498472696845,0.0051390317276124,0.0144401836031283,0.0100406510561697,0.0083830667139246,0.0192538236187265,0.0,0.0228837649935637
1127.32656511951,0.0181318429272572,0.0094160719738903,0.0213467125523165,0.0067809075697072,0.0081870021303771,0.0027272408103496,0.0210361117790889,0.0169047709065452,0.0192330084446345,0.0104954820104914,0.026572762130029
1130.33583444261,0.0320744147832932,0.0229121399984636,0.0241083890406224,0.0121321832239561,0.0226353236668773,0.0232440918080588,0.021963423857097,0.0112441647640799,0.0211400537702063,0.0135937402861959,0.0211717766055268
1133.34297043855,0.0134426550399602,0.0195944430010782,0.0221660361296508,0.0188680267603355,0.0209603114075677,0.0115215565781961,0.0233667876125381,0.0084766922128167,0.0186899968187885,0.0182122834896099,0.0243765753454522
1136.34797521083,0.003303871719466,0.0,0.009877701117333,0.0141441980140099,0.0063077127989966,0.0002130936117398,0.0036790450512289,0.0,0.0,0.0121653731900333,0.0103613146359762
1139.35085086015,0.0271482212460944,0.0061277394603202,0.0140435907734335,0.0116729975534297,0.0179975423939344,0.0127623250476126,0.0146619654234676,0.010655290750396,0.0277938130240168,0.0234807272459544,0.0288651512168465
1142.35159948438,0.0269153946759543,0.0205093281665627,0.0247901656773769,0.0173560285500927,0.023001305644397,0.0089806930791519,0.0266007232303026,0.0088359784001912,0.0050214673095714,0.025349532009853,0.0229753748002845
1145.35022317861,0.0299836733489011,0.020349213657005,0.0251912506009687,0.0266804551422588,0.0232851829573649,0.0177540154288856,0.0232001856394526,0.0198979116841434,0.0281739783941343,0.019599836286639,0.0094312316039642
1148.34672403512,0.0316328694915785,0.0247266366668384,0.0171277142202285,0.0229834734814369,0.029858887056561,0.0160576856925491,0.0317791318104796,0.0103349194377071,0.0252140276378934,0.0220734456016572,0.023624097343543
1151.34110414341,0.0304470483536707,0.0295534185869119,0.0090628863220222,0.0270938316690835,0.0328926518201543,0.0264980167834394,0.0326875111762112,0.0194526666663516,0.0227328253617345,0.0300286869128291,0.0196412259973305
1154.33336559018,0.0188738022768861,0.0316499104059157,0.0174531009426404,0.0202658267785535,0.0154791477843851,0.0109796594765741,0.0077130871084686,0.0114897275905029,0.017829719623562,0.0151335327899468,0.0180479443496539
1157.32351045935,0.0384524824191574,0.0541836699824822,0.0422985030136011,0.0415532711401557,0.0483941217719631,0.0381584501153771,0.0450424137951564,0.0479818506272005,0.0535339732448625,0.0398408061548196,0.0389313119960286
1160.31154083208,0.0141295226724122,0.0376465591668765,0.0144834063192332,0.0291647330224839,0.0164308979187148,0.0197032211036286,0.009041190802206,0.0187452055416449,0.021547892408062,0.0349957962042634,0.0201177864044489
1163.29745878673,0.0228469857038476,0.0374587325351315,0.0153484052388927,0.0282288817435211,0.0399080686793636,0.0188275509690768,0.0185694798587802,0.0172107512399194,0.0074463007329515,0.0194867313629324,0.0237812462534851
1166.2812663989,0.0188175297242146,0.0222762768488503,0.028437509062614,0.0305879996652279,0.0197400158758515,0.016693184847201,0.015156046362279,0.0217929578394041,0.0208989004933361,0.0176855529091324,0.0197915210839586
1169.26296574145,0.0204507446074435,0.0516077858522294,0.0293017268840063,0.0379778949315305,0.0361392481755694,0.0375809568457879,0.0357051498423941,0.0289480315471928,0.0280627395077493,0.0329435672374495,0.0263226370382296
1172.24255888445,0.0168899672562685,0.0168846947104142,0.0052464649221482,0.0379014909856866,0.0112527578270582,0.0166030789577778,0.0088051681680544,0.0283664893162337,0.0124999235841777,0.031445057253561,0.0098966013937972
1175.22004789522,0.0265447875000449,0.0403038440021538,0.0178649625827867,0.0432031959598264,0.0256863465922934,0.0161358929200663,0.0207255632421923,0.0194041188833466,0.0215910139725779,0.0162366305207838,0.0269481998394782
1178.19543483834,0.0324220680441052,0.0405523844547317,0.0337748655667506,0.0516266482962199,0.0255720124639996,0.0428776861882946,0.0302489489837801,0.015270321048943,0.0340633673965157,0.0479432969013841,0.0392168358018579
1181.16872177565,0.0189447922583743,0.0467033231561947,0.0186535007469793,0.0383513061948471,0.0274242684263234,0.0281729971799898,0.0201216487427313,0.0262749601291623,0.0247765807263819,0.0351710668626523,0.0170506116989884
1184.13991076622,0.0385091453380956,0.0451289801369159,0.0430274182540432,0.0432986483511955,0.0387140435677455,0.0310490884517145,0.029165009339907,0.0363092940568302,0.0391772988258131,0.0318425741413123,0.0369711822245508
1187.10900386642,0.0151174811857554,0.0321954367806229,0.0250861842452975,0.030365810626234,0.0232673177010429,0.0083870138596473,0.014723836495613,0.0125114219784976,0.0095794861280567,0.0315604191824138,0.0143268164738548
1190.07600312986,0.010606704106516,0.0224392747694517,0.0212510565357365,0.0252415802118676,0.0211904430082696,0.0125160273295456,0.0065132745938522,0.0231831261210515,0.0109216601790717,0.022138846991384,0.0170305087667185
1193.04091060743,0.0339456895228141,0.0522017222196528,0.0428064226197818,0.0412913167177989,0.0352359994661356,0.0296214184781628,0.0419168585802942,0.0422281204902385,0.0345014930968964,0.0291684474400006,0.04460416027154
1196.00372834731,0.0218817452904903,0.0488009302749004,0.0314506462742807,0.0488339912063638,0.0292299310603628,0.0337481378794819,0.0265178309736971,0.0258305246856269,0.0184346044070973,0.0334565463405627,0.0262655769598716
1198.96445839494,0.0315314278483937,0.0444897342357002,0.0506576117812439,0.0593255222577321,0.0424922106560879,0.0516888126720627,0.0355623281202972,0.026827525853456,0.0473289697841811,0.0398776649759309,0.05240590751242
1201.92310279306,0.0322125579196506,0.062889956483451,0.0435362337926866,0.0512432328019342,0.0313780609270631,0.0541394104902685,0.0287915418507956,0.0300769694217375,0.037543958994978,0.0304577641974834,0.0393299828159355
1204.8796635817,0.04044657084346,0.0581213170024695,0.0415884373909477,0.0566978790480186,0.0332414436099238,0.0440305375244001,0.0440682550549756,0.0310685232347034,0.0451626031995425,0.0380989352495336,0.0544724887935219
1207.83414279818,0.0312157351814957,0.0515343153382211,0.0513968435620625,0.0567702951130637,0.0417913698562687,0.0506665594009317,0.0334652919316745,0.0269027396665686,0.037792419688387,0.0378202289934468,0.0246599695363893
1210.78654247712,0.0517238104910691,0.0553942209373822,0.0381686287646073,0.0643048436742748,0.0298973644163397,0.0476738743149129,0.05545417798019,0.0443205386250546,0.0531444621912075,0.0515564032869074,0.0469791812176859
1213.73686465044,0.0533512802599052,0.0538020482820345,0.0475109816320156,0.0740944465740527,0.0545732773872361,0.0601705335517415,0.0654626587833882,0.0588365133146177,0.0535080540878093,0.0668170302396369,0.059256600821243
1216.68511134738,0.0738611512640693,0.0694710847541901,0.078483683242733,0.0778078723443986,0.0611647973216409,0.0655506220849022,0.0711592890922926,0.0669069307576144,0.0674082517519057,0.0653235775914823,0.0796662313317379
1219.63128459449,0.0750187554608479,0.0560668084001383,0.0657325782480758,0.0933227885797954,0.0461333819090287,0.0705124155934993,0.0735027906212382,0.0665989354790273,0.0634195554451467,0.0757128657209084,0.0795127444066172
1222.57538641562,0.0983633154295349,0.0749147541081399,0.0901279094066623,0.0975547402321604,0.068458716408102,0.0784051291161704,0.0911849560261149,0.0772431883266433,0.0758686628214325,0.0812295707042329,0.0855787765056838
1225.51741883196,0.0740339279293408,0.0606014185217812,0.0820839867196401,0.1002236652222,0.0766321897571135,0.0871357812199723,0.088739812904386,0.0814424020265907,0.0854168790252341,0.0833970891340537,0.0792124290650385
1228.45738386203,0.0959655963593268,0.0844460670066837,0.099902612884779,0.0926513131383979,0.0863818448295169,0.0920996234963279,0.112656913602198,0.0869289279805781,0.100283402386852,0.0858713084065239,0.105848378082657
1231.39528352165,0.145749015531039,0.125098457807714,0.136531270926484,0.105559139910938,0.12641092069743,0.130136106237025,0.138493528660059,0.106911993484843,0.144641879256787,0.114546985471455,0.146356397303488
1234.33111982401,0.0987677028474489,0.0948867023091901,0.0946442310494787,0.0740329448085945,0.095669016271937,0.103705094830597,0.0924421176829319,0.0682584102589295,0.0985919803483199,0.0862568879701212,0.107954855106707
1237.26489477963,0.115041040011182,0.110101513058145,0.1143533945804,0.0718392235455712,0.101498002131232,0.103230386034219,0.123556207720746,0.0940387556889689,0.118294714669413,0.0835592706704691,0.126947161518519
1240.19661039634,0.111491349363285,0.100787047978776,0.114789039009646,0.0639171956238782,0.0904237608781492,0.101501348492975,0.105787602188282,0.0892117754377277,0.110923984801597,0.0982290278518047,0.115334182040546
1243.12626867938,0.103223875010571,0.104647083231941,0.111467069764984,0.0693598626227184,0.0848585191260374,0.090564198586976,0.133552918433661,0.091472028660729,0.119992312354288,0.0924905107693001,0.113289685444513
1246.05387163129,0.113840470611267,0.0789813203735995,0.111910428924185,0.0593543679061052,0.0989574765247012,0.103072188984547,0.109081019509301,0.0763344069432105,0.10875614168506,0.0806620863705981,0.120813843195537
1248.97942125198,0.12445995712737,0.12009319495791,0.129284133885059,0.0522994141016815,0.109129112476448,0.110558701015502,0.131101920082029,0.0808491843429284,0.124595748540161,0.0904665573908407,0.131211216709198
1251.90291953874,0.124225753460484,0.121231677581967,0.120332394671201,0.0478480059026212,0.0980731074863139,0.105069980610472,0.12532877829968,0.0834307909834871,0.12883369455696,0.085042121687454,0.119134358957844
1254.8243684862,0.116914297882523,0.107835563339296,0.126900804127758,0.0510339511596856,0.0925268004176742,0.100002312780908,0.133458340214205,0.0821463334759387,0.125821407535391,0.0790118491165922,0.131452621662642
1257.74377008637,0.120935055883421,0.129873603996493,0.135354495105887,0.0495335437017483,0.098388304678086,0.0966117611841888,0.127693072686164,0.0940712576422062,0.122327651442508,0.0912638841541292,0.134209926533664
1260.66112632864,0.141952578547235,0.121024093672459,0.139581382159626,0.052372776470082,0.114478183471893,0.108294635950282,0.149250420921372,0.0873103853548788,0.136724468807667,0.0888967574660933,0.141754147714619
1263.57643919976,0.117658719876483,0.109451294595575,0.125946614006864,0.0345568352475183,0.0932201685499764,0.100304897117976,0.131511960469241,0.0608971999572205,0.133718749952039,0.0713012890222053,0.129216109416275
1266.4897106839,0.10847383353308,0.0996979925875841,0.109495873475169,0.0335782200933253,0.0774725087506248,0.0864574538935275,0.108506033082332,0.0486603803469908,0.0920379490871343,0.073511861350482,0.107595860503856
1269.40094276256,0.10826169159447,0.0899473387655302,0.109506452236444,0.0322530107766832,0.0774585390038837,0.0981497259604868,0.109468373992817,0.0605878027235459,0.123363953298355,0.077859202464943,0.124241042243385
1272.31013741468,0.108525865027877,0.0906475341803159,0.101999658108931,0.032143507509709,0.0896396861886896,0.0939375415100607,0.113790499691246,0.061239953820221,0.102478066896633,0.066369344542893,0.106456728153462
1275.21729661658,0.0918012702847289,0.0809027558297736,0.103901914770201,0.0349855922685985,0.067225818898531,0.0679602056513444,0.103260268790824,0.0519057005927002,0.0941655267040801,0.0585397760719763,0.0891558473947844
1278.12242234198,0.0944346966093921,0.100233924875111,0.100637993656894,0.033141934224544,0.0719488901437549,0.0788261935733595,0.101362153854667,0.0599704240333255,0.104228196414408,0.0601589912809465,0.0976862450739898
1281.02551656198,0.105569533564821,0.0950384098927712,0.101141363951755,0.0264390226829705,0.0849356542947974,0.0658342062203882,0.0946767233895306,0.0657813495460352,0.103657999922209,0.0575180123176735,0.112917771447926
1283.92658124513,0.0968839163853729,0.0803070042859179,0.0837841748160276,0.026159578138861,0.0593959135595596,0.0587072149001064,0.100937206734107,0.053229687558439,0.0750501430601648,0.0448286539206892,0.0865465855559649
1286.82561835737,0.0584652368946695,0.0537685381160508,0.0678437191080305,0.0265756099810168,0.0495909357706475,0.0436305418031527,0.0640689417909275,0.0381022975353258,0.0769048576585002,0.0452443677267784,0.0673551077160234
1289.72262986205,0.0757519945612173,0.067209152624932,0.0716569930190952,0.0282079569601375,0.0629917433104472,0.0586999218085123,0.0698618322915311,0.0526174684293736,0.0671603005309383,0.0417049831363251,0.0596478558941006
1292.61761771996,0.0741628377834056,0.0670260592058258,0.078297867302237,0.0367848204754601,0.0555603467406266,0.0628895491070436,0.0818913544655364,0.0394271822468257,0.0685398447286024,0.0448733852645483,0.086381406470555
1295.51058388929,0.0881564910393113,0.0832007635338183,0.0816542336201419,0.0377256674778382,0.0689758851354096,0.0716889905314511,0.0872173251682949,0.0568463305802633,0.0820106183750319,0.0517032311251976,0.0844258319708853
1298.40153032568,0.066281336208477,0.0557708387816646,0.0591578629359498,0.0218308471222873,0.0584140041951307,0.0432352175815327,0.0666690258996143,0.0436607125881561,0.0630933834582819,0.0369087802347138,0.0652594988769626
1301.2904589822,0.0637656171894078,0.051967290452028,0.0648790306842678,0.026767252611435,0.0624082457131702,0.0637666439704991,0.0715287770816933,0.0527081460511776,0.0543338575743678,0.0437504250636695,0.0805344679369399
1304.17737180936,0.074945100132994,0.059979510548735,0.0616740781500944,0.027018742938201,0.0530417393243055,0.0491383370283765,0.0749574924710024,0.0488710629918093,0.0586330821034347,0.0396307972812464,0.0604251972485526
1307.0622707551,0.0535605051457617,0.0471007438957663,0.0664694713484641,0.024321216272933,0.0432901772216002,0.0504236260474716,0.051553888734401,0.0353713905798792,0.0561688679959123,0.0346034927558364,0.0623228549644683
1309.9451577648,0.0642808433924442,0.0655714402745645,0.0538759180925668,0.0332555308916273,0.046522515300864,0.052551920124551,0.0636236034414027,0.0370173133476713,0.0638629424628047,0.0320198258054976,0.0484451892836256
1312.82603478133,0.0679273479623034,0.0704197351918414,0.0643286443278073,0.0316035019610717,0.0647049030450747,0.0710127834324919,0.0766591554174052,0.0480097214766176,0.0657608977010284,0.0529008243442814,0.0723573337412012
1315.70490374496,0.0243771386629764,0.0557404136674607,0.0395260826625412,0.0259612599490045,0.0286345344605222,0.04636060265109,0.0542360008571888,0.0441851095816386,0.0459083208997972,0.0299189387288361,0.0498859472243755
1318.58176659346,0.0497512341754469,0.0546948506267931,0.0424718917043273,0.0194533268412556,0.0307133464557218,0.0372040620861381,0.0370924732596782,0.0294097761364037,0.0502353063786836,0.0209578302666022,0.0508569471088094
1321.45662526205,0.0765486123546275,0.0809111163593474,0.0651732487891103,0.0285700797936432,0.044597192571345,0.0678240917351053,0.0707597142653349,0.0526556975081022,0.0642378555214048,0.0516084354102857,0.0795748222429466
1324.32948168341,0.0467091292067021,0.0685213097899692,0.0474478808186693,0.0118255756029685,0.0345050683443628,0.0310508240365177,0.0531527369790274,0.037243528563696,0.0419862456639416,0.0271244557966096,0.0432575948354086
1327.20033778769,0.0423671200205726,0.0606805597222475,0.0588818941892714,0.0148719886339659,0.027174721767841,0.0353103883964458,0.065748113673287,0.0350448256736206,0.051166859184508,0.0273245637058473,0.0547744497081776
1330.06919550253,0.0465294961987005,0.0605689093145639,0.0533982728267368,0.0101098041051169,0.0269315497879517,0.0404141780811919,0.0582223643063912,0.0341390035929297,0.0424656426306259,0.024485684804552,0.0581692941116269
1332.93605675303,0.0469234938515591,0.0659152350255156,0.0498041917068682,0.0157653656286835,0.0381009347033167,0.0371524263084965,0.0521429390253835,0.0393589798484823,0.0560110442174315,0.03719174042118,0.0520075236946786
1335.80092346179,0.0440213218209117,0.0403786534676735,0.0386963036327703,0.0150011896154766,0.0296202204786806,0.0347352483431206,0.0446343722038563,0.014298068081834,0.0492576278067378,0.0118241216296037,0.0578109473077715
1338.6637975489,0.0364070419152706,0.0534616772293808,0.0313589834504977,0.0149342901505181,0.0274408051133534,0.0264646704146304,0.0495957621370997,0.0208158960045639,0.0328419737605068,0.0245460741970862,0.035884254611462
1341.52468093191,0.0533470675699891,0.0511071185262608,0.0404871451959155,0.0065383946730058,0.01229601066394,0.0299235088353957,0.0425843458246246,0.0315269020963549,0.052210760151221,0.0302691594423488,0.0493577830311437
1344.38357552591,0.0325328056337459,0.025592654716144,0.0378704069438656,0.0038738994293106,0.009744103254089,0.0212497757242216,0.0322272097161445,0.0080911778524127,0.0329092938212047,0.0024887153531509,0.04084063280392
1347.24048324345,0.0518503901290875,0.0500550246370855,0.0620633273846396,0.0036428316691804,0.0217512876836302,0.0314226041706085,0.0496773036653753,0.0281556412417191,0.0542273735027287,0.0164542705743989,0.0576806011301839
1350.0954059946,0.0669285794876981,0.0595346137840648,0.0448906318532173,0.0166075387380506,0.0333760514124183,0.0445340386328179,0.065219833784527,0.0240614175499018,0.0591153401776836,0.0282958459525722,0.0649649578584685
1352.94834568695,0.0527496770882049,0.049034743991564,0.0540577424512972,0.0051002560858866,0.0198469156477938,0.0220699143946621,0.0558498846301597,0.0273828742042547,0.0359700340686879,0.0038924521693812,0.0445200487400331
1355.79930422558,0.0607657442163419,0.0526253813951074,0.0500700874366511,0.0106078203965586,0.035819022505147,0.0377100513496578,0.0642229220463094,0.0223330698513808,0.0582795593779779,0.0297658447423735,0.0575631558381505
1358.6482835131,0.0442454106819943,0.0380539757146649,0.0324576461610411,0.0090020349948934,0.0050114693483344,0.0094022357897647,0.031388524737673,0.0176111694742958,0.0370850395321707,0.0184806150436207,0.0433555852135183
1361.49528544963,0.0367033904607074,0.0257625838978962,0.0341328815372098,0.0126075403031612,0.0182540335406201,0.02966495792199,0.0474502400157806,0.0293266596370244,0.0371720669427126,0.0196954197830512,0.0568972666151482
1364.34031193283,0.0480526309895806,0.0434615585046487,0.035348578124602,0.0151753713214288,0.0322946554245276,0.0294236087252293,0.0462685160953506,0.031060419894048,0.0469374766257247,0.0373708977305618,0.0494059713439535
1367.18336485787,0.0513872369245673,0.0339137460020273,0.037515426719506,0.0231282548280158,0.029832668687553,0.046355494441177,0.0556413808742023,0.0334447548279247,0.0581624013777094,0.0197161926681399,0.054359981960655
1370.02444611745,0.0358505500115174,0.0180154877566946,0.0307598982352205,0.0154625645962548,0.0281691137386145,0.0218519615493643,0.0314758621072425,0.0210148771978314,0.0321691738417525,0.0237015870218618,0.0406726440422724
1372.86355760183,0.058087086853486,0.042102012176062,0.0512856899846066,0.0156123129433979,0.0359545985582513,0.0358723949676996,0.0614791555454478,0.0385548510014443,0.0559831757411529,0.034399229931702,0.0475613532642331
1375.70070119878,0.0529560306666155,0.0380337709744298,0.0365595963704832,0.0143776110760746,0.0292040150559843,0.0348317200416506,0.0378149352306072,0.0254938013824862,0.0343603433343237,0.0182974086184532,0.0482437792126055
1378.53587879364,0.0648289392368183,0.0557800639802252,0.0698028579447986,0.0336302309740808,0.0602132690259811,0.0564072155580257,0.0630478544174574,0.0552903167403506,0.0809170687470952,0.05003633662508,0.075719936517682
1381.36909226928,0.0450862881311686,0.0403750947692681,0.0438156361374099,0.0219892555730851,0.0314687540884219,0.0424089046610338,0.0485125385279316,0.0306444387908473,0.0317561703938688,0.0254248213798667,0.0472512590295225
1384.20034350613,0.0484844202850263,0.0513276808127937,0.0479314201886777,0.0230244623047817,0.0306543921193793,0.0426544211066718,0.0421364747987682,0.0385464818090981,0.0386883770214554,0.0306798039003487,0.0417505775832742
1387.02963438217,0.0504776357498366,0.0373061305025128,0.0450065139462328,0.0209397656243158,0.0365375437977258,0.0387240354218235,0.0482333047244114,0.0393677308523476,0.0514326706506171,0.0319849522457397,0.0506094203781513
1389.85696677295,0.0605068276973555,0.0587278097815989,0.0524375781419744,0.0207692340315007,0.0357495302057472,0.037316074648121,0.0437980778332836,0.0430961234276455,0.0641875513709127,0.0393939875798443,0.0609149604603288
1392.68234255156,0.0502500087916388,0.0279198532159686,0.0420142402040431,0.0127921525406845,0.0357613569153085,0.0271275671968778,0.0503982690615463,0.0352334255647751,0.0406927251265066,0.0178718856444549,0.0473196555952615
1395.5057635887,0.0456693299903876,0.0325555223920704,0.033954210672152,0.0157559267376097,0.0357867968169408,0.0303463512894247,0.0469460226051637,0.0325334880097455,0.0534693672656228,0.0310914867890903,0.0337366038116009
1398.32723175259,0.0406284962570051,0.0381108878814567,0.0498857436738951,0.0267096749805614,0.0373988328147905,0.0377626268394338,0.0430269773044342,0.0288749230315424,0.0445008620102777,0.0427990766061536,0.049818041809327
1401.14674890907,0.0573133887099477,0.0473117258412707,0.0437317783939778,0.0258647133964756,0.0362724215260843,0.0460274825907084,0.0549366013627214,0.045844443202804,0.0495644293797616,0.0362389033391526,0.0596947050641274
1403.96431692153,0.0343594578791783,0.0174573074464638,0.0234854546170821,0.0165192440323103,0.0135340034006306,0.0279298215056279,0.0289964411369451,0.0202934707229775,0.0377179521490322,0.0196367102646581,0.0361060127476177
1406.77993765095,0.0402121505296101,0.0412179284069988,0.0389855929093334,0.0160319894159294,0.0336689930141736,0.0224028675781664,0.0423697076053381,0.028902823639811,0.0432882423799903,0.0036555093494261,0.0397910145898874
1409.59361295591,0.0248357634289094,0.0245608575462069,0.0201761314099307,0.0082594785207454,0.0180370270840093,0.0177250191473619,0.0394608347893962,0.0152897269287624,0.0275975880345109,0.0163238763453689,0.0152718207482194
1412.40534469257,0.0363782222003817,0.0265407769985013,0.0192467738361909,0.0084775113713993,0.0150022089697298,0.0277114414317145,0.0140394238396841,0.0252051534326792,0.0293240838077923,0.0098109904343322,0.0146788631168487
1415.21513471469,0.0285800899046643,0.0149050242043316,0.0244432851448806,0.0180749031506576,0.0068705820612894,0.0117546150910005,0.0293698093000276,0.0103208886112439,0.0228437965613523,0.004224288461866,0.0270123498768593
1418.02298487361,0.0170187482781667,0.0187268011032563,0.0183693076959917,0.0052851824998134,0.0062248450585843,0.0079505909919948,0.0183538068312584,0.0057557157181564,0.0134751239568663,0.0135781364180454,0.0106638759702934
1420.8288970183,0.0352090073731708,0.0284667120107697,0.0193618785720534,0.0076034403244791,0.0169972174752442,0.013369107509359,0.0337117283237607,0.032129968919377,0.0302267165139223,0.0159374280542974,0.0359377494055755
1423.63287299533,0.0232023355901735,0.0300427074832425,0.0288316891618067,0.0165239692623116,0.0065519510842392,0.0196376041487415,0.0308712681852755,0.0204952228334476,0.0320034431119213,0.0155675131857371,0.0291821883609964
1426.43491464886,0.0352831610361632,0.0293604327613686,0.0293823827946464,0.0117370488558945,0.029937754073313,0.0188021654370972,0.0237315420040845,0.0285235466612434,0.0270245565170299,0.0222175416527323,0.0272233318672405
1429.23502382069,0.0171673982449913,0.017334756024708,0.01584218291703,0.0156356585515002,0.0108732910139717,0.0217475117762626,0.0166061860856514,0.0152970243770334,0.0249597257334798,0.0157803713935208,0.0190613827997271
1432.03320235022,0.0273878201367933,0.0357583294061981,0.0248850029414411,0.0214499492674101,0.036256726290955,0.0226129083189411,0.0325005305759313,0.0265667757116563,0.0195239720091325,0.0258077971363039,0.03530511216837
1434.82945207449,0.034318107952436,0.0364791602314601,0.0033810772328633,0.022583680577746,0.0447484705863288,0.0280967100340784,0.0369070144300349,0.0268920601807556,0.0271556117133904,0.0318880110468256,0.0434330459671361
1437.62377482814,0.0266295495570396,0.039485132957217,0.0350219695617074,0.0318824376602632,0.0359555519401544,0.0239654579756569,0.0365356504727699,0.0472032280774549,0.0144950974194621,0.0425515239601134,0.0281410634950403
1440.41617244346,0.0246199095014279,0.0297856704925709,0.0332953893744847,0.0361536656330208,0.0448731808302423,0.0194293208788661,0.0275524187666544,0.0385276932452644,0.0327909056196926,0.043784367570247,0.0262552928872872
1443.20664675037,0.0268732516884446,0.042359418788694,0.0278226108034124,0.0322729209323801,0.0412249266609177,0.0337457519486163,0.0358382835959428,0.0479052057548279,0.0404644181857584,0.0456403144156473,0.0306020165753741
1445.99519957643,0.0466067802586242,0.066758423285645,0.0562178781888121,0.0481877682707999,0.0529283507235805,0.0564489741269915,0.0542042982495064,0.0560045791234932,0.0510531034798712,0.0600010341513205,0.0636595714969358
1448.78183274682,0.0370890135953315,0.0580106564259488,0.0347900360626253,0.0493545753459921,0.0473478216805967,0.0398147307184263,0.0409538340204233,0.0554156504625503,0.0457016708236359,0.0722432490355243,0.0412545387051154
1451.56654808439,0.0337228896669556,0.0510947019869681,0.0298340481063445,0.0484452629376241,0.053580496094603,0.0424521742194372,0.0416180570957771,0.0535489083784177,0.0350467264549775,0.0677437988580405,0.0360824524838141
1454.34934740963,0.0417009923465471,0.0564588553724173,0.0286553341789027,0.0470221988520063,0.0425295607426691,0.0308706146064764,0.0331920021503838,0.0668361191436988,0.0340761558633458,0.0708750974766141,0.0180131537893497
1457.13023254068,0.0242046028783667,0.0568412292808505,0.0223207084544729,0.0400514563031734,0.0456514067016405,0.0419102102121825,0.031491878552099,0.0543595217802388,0.0311867675478431,0.0746302778988887,0.0195684565555251
1459.90920529334,0.0482631626842659,0.0667784952268601,0.0460935522893866,0.0483635668602036,0.0676646220204831,0.052964770253314,0.0561680827084113,0.0721800476586964,0.0374986578998296,0.0695652452998961,0.0550963003095648
1462.68626748106,0.0317423932871688,0.0485668381281635,0.0360300689480013,0.0462677746649353,0.0476230159030649,0.0372417799664069,0.0319748068692045,0.0655258419814912,0.0341565157690372,0.0639057820074538,0.021771106824416
1465.46142091496,0.0530006120300026,0.0753431349219643,0.0447901468154924,0.0512964469476976,0.0547303927773277,0.0533504493104629,0.0509327876487657,0.0624274290272562,0.0419499223144566,0.0728847512020263,0.050636091763828
1468.23466740383,0.0294315184301769,0.0358125963887751,0.0084299798436188,0.0471325240626621,0.0421958010544194,0.0330532720601343,0.0315656485634734,0.0577299540447854,0.033321030375356,0.0593345191738215,0.02021355425011
1471.00600875413,0.0285365754902548,0.0526270637165665,0.0162832407738576,0.0400251923627798,0.0552377790699885,0.0270053853544061,0.0299486013430409,0.0472450953798961,0.0338941640128467,0.0570718415344179,0.0118077460673928
1473.77544677,0.038043000881242,0.0499243734284346,0.0406096788711882,0.0431672396295678,0.0415604693961539,0.0414865459853463,0.0336207021101037,0.0499822271918748,0.0349669729192907,0.0651829448579148,0.0302014515070067
1476.54298325324,0.021604092132165,0.0395156208503822,0.0240479469569598,0.0345130804042859,0.0345863147351768,0.0350518922669896,0.0234111574863539,0.0433881975059571,0.023969304878226,0.0495466184152678,0.022786280166025
1479.30862000336,0.0226474602998211,0.0332119059622627,0.0253702502167595,0.0347198310877655,0.0492572693080674,0.0223538671964111,0.0261594940464605,0.0393842047371871,0.0139551541158992,0.0461123159875464,0.0244753503298424
1482.07235881752,0.0284282700766843,0.0391902201847878,0.0140152846204718,0.0368440641419317,0.0297385327057717,0.0130212936048803,0.0188607201439653,0.0337819247757929,0.0184620111731389,0.0326403095254976,0.0233123410719073
1484.8342014906,0.0035438638874406,0.0410971656356346,0.0153727486315918,0.0243948599761433,0.0192827037177126,0.0204507687992139,0.0269165480899476,0.0259371220171901,0.0108989414913436,0.0490408160421052,0.0183409007285015
1487.59414981516,0.0381536262363092,0.0412042633932945,0.0172182146216124,0.0274033518864083,0.0202492402239804,0.0165937424664811,0.0225292385936905,0.0355037022615118,0.0106051316330869,0.0395617907832243,0.0234307284808704
1490.35220558147,0.0123601499592811,0.0358775703392512,0.0139097257197424,0.0292050110625842,0.0086527798601414,0.0177772596571164,0.0210357425781201,0.0305847799579766,0.010812118653944,0.0404575475950168,0.0103646692659466
1493.10837057749,0.0210431819716907,0.0301142025192119,0.0317773361390996,0.0209468032532417,0.0159499745111829,0.0311183328410144,0.0186020377511426,0.0250347729185476,0.0202226408450747,0.0267463400656535,0.0197949707370939
1495.86264658887,0.0325763664206132,0.0470819462469185,0.0106386034667465,0.0192935324608819,0.0299516026172865,0.0151720085076822,0.0171453944571451,0.0217535790777746,0.0252995817512026,0.0422990485639217,0.0230262141857885
1498.61503539899,0.0,0.0209123339345427,0.0,0.0155657490776456,0.0188081899660974,8.03461155247669e-05,0.0099561407043368,0.0181638135254845,0.0047702243830995,0.0225283517609811,0.0085803332061936
1501.36553878894,0.0339834840260124,0.0515442202574207,0.0224870523206927,0.0208734412858831,0.0198744480699674,0.0298005659227413,0.0392106040151448,0.0294087451779858,0.0345403456528493,0.0359824826721532,0.0429355992666666
1504.11415853751,0.0262179506495687,0.0340421974300794,0.0202113109104195,0.0279258356047697,0.0288252958430557,0.017674739332602,0.0224737571961812,0.0284242645024458,0.0309689465367451,0.0308696872261296,0.0151359350823784
1506.86089642123,0.0179989962106126,0.0260983021245191,0.027358071660568,0.0200582438102351,0.0275734401010348,0.0131023254643417,0.0110281232117697,0.0219765865642138,0.0225812389346353,0.0330860842967698,0.0136595424739619
1509.60575421434,0.0343448030104113,0.054514478605957,0.0279414915706257,0.0283436812703155,0.0389249880843286,0.0345035843479338,0.0384231005778468,0.0177985160564512,0.0238816600792991,0.0319687858621646,0.0332457405999437
1512.34873368881,0.0176669281701048,0.0397942436300686,0.0271336772224745,0.0184110513214619,0.0255255780553765,0.0165711532369685,0.0188687295663499,0.0265226401622496,0.0169818199631152,0.0241666893208147,0.0193730866863168
1515.08983661433,0.0118650587251567,0.0296357697356529,0.0272856750863163,0.0183823572130244,0.0180454134848744,0.0124722294197994,0.0,0.0143186929240604,0.0067166518968614,0.0108985499208359,0.0045634039323925
1517.82906475833,0.0263801388085649,0.0399386084362235,0.0307485318195999,0.0284313182115678,0.0271012709732341,0.0167647101559755,0.0152856253909861,0.0192058011781711,0.011458411001614,0.0089208378518205,0.0203820235276968
1520.56641988599,0.0338341298914979,0.0266390435448672,0.0347013506659627,0.0284213132328508,0.0298873516706378,0.0252623817705704,0.0255059512965981,0.0292629149970884,0.0225047252189189,0.0261548967431156,0.0142205208018408
1523.30190376021,0.0191219961373209,0.0356182457728747,0.0363232356318885,0.0265112799683331,0.038200020210389,0.026662182342181,0.0223268255837122,0.0274138762599883,0.0243845719897047,0.0269556399954548,0.0205137781356459
1526.03551814165,0.0445529138889811,0.0332606309018105,0.0407862922290473,0.0313809385400555,0.0426025056090425,0.0331047978115314,0.0412147369314045,0.0526443473712587,0.0383710458461654,0.036914656975652,0.0273054654242647
1528.7672647887,0.0242161634812482,0.0386456119715551,0.049971388224002,0.0303581448677702,0.0383765157288728,0.0378921898368478,0.0265740190063997,0.0385825332864533,0.0282037040255837,0.0359245789108594,0.0274218544250055
1531.49714545752,0.0053156823866986,0.009526498035176,0.0182715589872095,0.0208390702465231,0.0204105122682442,0.0100452805183578,0.0009307225606272,0.0168034902525754,0.0,0.0099711432534666,0.0112979133818518
1534.22516190202,0.0308071476988387,0.0503850209759745,0.057118825793194,0.031293086294783,0.05633619532362,0.0370597101986119,0.0333006065415775,0.0304816087430087,0.0412893590729682,0.0358289355054644,0.0329771810349454
1536.95131587387,0.0270527646170725,0.0408404809823261,0.0409762025322239,0.0311679100115152,0.0333035331913052,0.0306029054878625,0.0268703356631555,0.0248438372358348,0.0277986228497654,0.0324584458072702,0.0250251806205166
1539.67560912248,0.0374802164251186,0.0385850216106163,0.0493036841826218,0.0307056307693405,0.0527598924186339,0.0363066413120836,0.0281297311252607,0.0472530437771354,0.0331841022035562,0.0321538236352821,0.0242680896358496
1542.39804339507,0.038487774903855,0.0308993483545391,0.0585926092119687,0.0352877332520431,0.0392098611739733,0.0357510022795494,0.027014198558462,0.0374589118774073,0.0390739275323052,0.0370478511666156,0.0283147783249959
1545.11862043658,0.0352680311262402,0.0205092486357602,0.0462746751703797,0.0225207737133181,0.0355130869102051,0.0289361582960614,0.0216068106039863,0.0267144754402504,0.0241953749974819,0.0358682592806303,0.0261654374478184
1547.83734198977,0.0221566956237463,0.0314911160739942,0.0415009812032999,0.0307690293290809,0.0231890291130436,0.0288400816323556,0.0248481589430552,0.0282299446597042,0.0281936046308934,0.0386689898515347,0.0187767536237411
1550.55420979513,0.0222838139712438,0.0070616379657009,0.023583916181308,0.0199324156792926,0.0274031429978842,0.0296020068609445,0.0108575735916128,0.0210627394026732,0.0181924763888149,0.0201633551782932,0.0181053947918357
1553.26922559097,0.0290410267629088,0.0312606099755176,0.0376606228750255,0.0299376961315345,0.0312476865337247,0.0291289135856387,0.0299590921743069,0.0287333618277006,0.0285189397583113,0.0336671796018099,0.0198471901003022
1555.98239111335,0.0126900876429313,0.0277711675995155,0.0362434025849682,0.0288436192455135,0.0382617022531784,0.0228159435239884,0.02224352576598,0.019344503464317,0.0175942832163573,0.0404886595140661,0.02830664760798
1558.69370809615,0.0218511297877919,0.0102215357371679,0.0212131227223294,0.0251563971047713,0.0256393268800905,0.018617412495912,0.0174260870281664,0.0199608482492261,0.0120098478670177,0.0244809268338359,0.0176578947794003
1561.40317827101,0.0173451302297061,0.0199503280896944,0.0226612724094386,0.0306805662588166,0.0244441350759701,0.0307672393695271,0.0260509997575763,0.0254274141426901,0.0136997286717548,0.0304293241097901,0.018988001568473
1564.11080336739,0.0100291455798946,0.017436382635277,0.0128475700835774,0.0207657665838036,0.0185547805817751,0.0211694136361496,0.0126520884743126,0.0186679006349123,0.0062259327880899,0.023297946083081,0.0069493503038063
1566.81658511252,0.0055678128898348,0.0076768364314714,0.0171617456801944,0.0214513342178415,0.0248794055648199,0.0149424658887568,0.0208435512902937,0.0270692464114812,0.003609448205013,0.0247179324570557,0.018368143856048
1569.52052523145,0.0407803172519162,0.0315560538574721,0.0323127201868352,0.0263143700319285,0.0359472190390139,0.0380422340821196,0.0242654335039328,0.0303331679957699,0.0343755380312453,0.0270728971511432,0.0336358786362996
1572.22262544705,0.0207870823213346,0.027293703526589,0.0169250723656574,0.0271959854791368,0.0261998624303157,0.0259984036830431,0.0138116815284882,0.0242712549781362,0.0066639782409324,0.0233557640764503,0.0111440975265949
1574.92288747995,0.0097855088455756,0.0048838654415135,0.0170763222100834,0.031213691992081,0.0282737995744343,0.0131395686325339,0.0086534688838767,0.0111390113271193,0.0007319394047848,0.029409130917011,0.0
1577.62131304863,0.0266573354631731,0.0170219111933859,0.0139595474400049,0.0380203892740914,0.0295865398067184,0.0128623964417933,0.0159800999850919,0.0163902859653649,0.0170631028718299,0.0245161106150144,0.0078389328134807
1580.31790386938,0.0067334216234922,0.0146469975736354,5.20710127701013e-05,0.0418875401431984,0.0321043023508747,0.0276789082956365,0.0166207383311069,0.0074831760041151,0.0116613293900367,0.0242146430227723,0.0026346185454828
1583.01266165629,0.0,0.0159300689549241,0.0120278956972896,0.0461135500319994,0.027176668480011,0.0178184723794093,0.0,0.0121269517670885,0.0019319416278751,0.0224116329516683,0.0094105183698719
1585.7055881213,0.0108557517248187,0.0136030117265475,0.0122729912662862,0.0526080525454535,0.0305321693240302,0.0247266293146648,0.0021581999188177,0.0200114015386826,0.0057637487544535,0.034340384413124,0.0042537825382531
1588.39668497415,0.021213217264114,0.0081202815310186,0.0163033758313783,0.0552953504915806,0.0390253091168256,0.0195173840851934,0.0071849327591651,0.0250149008597633,0.017838698283533,0.038065324931937,0.0153819406853403
1591.08595392242,0.0254581527637863,0.0235583311034863,0.0222385028777553,0.0562586774273975,0.0463649189742524,0.0314957252108701,0.0122362156769954,0.0332593853459819,0.0183344539560709,0.0543036527939882,0.0131430191956696
1593.77339667152,0.0150940314406348,0.0213044786643479,0.0164433928446021,0.0683440682811206,0.0454734237914895,0.0455907694405834,0.0043717854632414,0.0354012550586113,0.0087016298855595,0.0474100670061623,0.013319777606789
1596.4590149247,0.0241078286006049,0.0227095574284239,0.0271288502413397,0.0649917996745235,0.0524725516492835,0.0396147895752771,0.0152239920112181,0.029829671114808,0.0092464142701672,0.0542488280252897,0.0058689161071958
1599.14281038303,0.0199290296144017,0.032770715019965,0.0242036881899614,0.0632141295786581,0.0465224218108466,0.0361745056652148,0.0054924229530991,0.0358767179075973,0.0122333752092863,0.049533140008085,0.007529717150593
1601.82478474544,0.0204952875858684,0.0328631139045969,0.0302365821188897,0.0564145750302543,0.048070059286042,0.0382005768034806,0.023584068536972,0.0374326130519598,0.0162122704606361,0.0564174867958442,0.0144762660186701
1604.50493970872,0.0173100730974223,0.033435128273193,0.0156065213226519,0.049453850304912,0.0370619782455333,0.030622130280508,0.0177373576397704,0.0354641089179208,0.0100633309968047,0.0438264564683725,0.006621793098662
1607.18327696747,0.0202863797857055,0.0349412163006882,0.020748925329593,0.0374713488958612,0.0307995511437465,0.0410696004100349,0.0219810146341591,0.0293269549257957,0.0223118481459357,0.0397891481141642,0.0117055719561461
1609.85979821418,0.0162072850871181,0.0328388768837543,0.0146322464465107,0.0326189199452478,0.0363607498395934,0.024329998717493,0.0099550643185908,0.0203100907309239,0.0210485703343822,0.0318145388495415,0.0220756030921932
1612.53450513917,0.0366995810901838,0.0280368349929203,0.0226462329290185,0.0289944162293251,0.037624145960656,0.0260353106467706,0.0195224406059602,0.0213016891936866,0.0212614502760114,0.0351359857610991,0.0190798992975892
1615.20739943063,0.0090694193536767,0.0182639291165357,0.0132891545943494,0.0231259806689279,0.0334102822844468,0.0193927089057854,0.0195304099814192,0.0226359101505139,0.0176324347491907,0.0223338681721201,0.0060664493643326
1617.87848277462,0.0197001354075991,0.020328319582904,0.0194736022533674,0.0262976107487216,0.0280446395048944,0.0152870296617976,0.0181268281269773,0.0220575071502201,0.0212816678652983,0.0232654581567988,0.0083832277506172
1620.54775685504,0.018083706535061,0.0192393040506271,0.0176908616011085,0.028787907361566,0.0234934453830167,0.0308827392704326,0.0172289694235163,0.0153780198778649,0.0244737140591473,0.0251350080045403,0.0155086725242476
1623.21522335369,0.0127170117645303,0.0104543717438936,0.0168744696417353,0.0196602463046583,0.0323396290532299,0.0188735629276625,0.0134820773088914,0.0222518728565936,0.0194731370591033,0.0163653907075867,0.0121386156404091
1625.88088395022,0.0687416131316752,0.0598427853039485,0.0668633898759486,0.0362384525291412,0.0691320916341585,0.0625692222096236,0.0639200906761754,0.0436457978337577,0.0618798936799453,0.038086576096804,0.054229692172421
1628.54474032218,0.0209440368918458,0.0197671898109525,0.0298958254894124,0.0186310582602083,0.0269178877778144,0.0242370741318327,0.0228434896287865,0.0186640337372115,0.0317920761003858,0.022663046301382,0.0231735026322441
1631.20679414497,0.0232091574376585,0.0246914949832045,0.0362110581200892,0.0175289959802461,0.0165824045756166,0.0215153313665887,0.0263666272839653,0.0223795136692609,0.0307398610034896,0.0228020255079676,0.0251440099149975
1633.8670470919,0.0,0.0,0.0054089056952565,0.0068924609681339,0.0062758165462819,0.0,0.0025983620185726,0.0035623771422852,0.0,0.0,0.0017936099630117
1636.52550083414,0.0,0.0,0.0,0.0026927678160084,0.0034693405653562,0.0,0.0,0.0,0.000192161074051,0.0,0.0
1639.18215704078,0.0202528262921269,0.0187333128145131,0.0167627317243942,0.0070132801736161,0.0058038907456953,0.0218803804653715,0.0121782595886445,0.0172234620182772,0.0166273399141844,0.0011273941220458,0.0120871997199325
1641.83701737876,0.0023282421568991,0.0087775453836595,0.0034380691435834,0.0085700278366043,0.0152457057847867,0.0079608470741218,0.0129360198366273,0.0004050298391971,0.0045651709563525,0.0022802901189089,0.0
1644.49008351297,0.0089771513856043,0.0038469290059992,0.0108285300131715,0.0078839117346551,0.0,0.0024409692414774,0.0007813326444297,0.007773970283461,0.0138039534357198,0.0004118838140257,0.0
1647.14135710615,0.0189579420958392,0.0225667388513958,0.0163657434782493,0.0132878906626493,0.0114120409489277,0.0145310638779104,0.0159735412354351,0.0096877760747221,0.0109839723380465,0.0070996976631048,0.0222335650606235
1649.79083981897,0.0030043264711222,0.0,0.0092357836746793,0.0011722649202473,0.0,0.0036230033390044,0.0019582682675501,0.0035689741917664,0.0067419043984419,0.0,0.011482889081001
1652.43853331,0.0,0.0,0.0,0.001917403851963,0.0,0.001533774419395,0.0,0.0023058522145469,0.0,0.0,0.0
1655.08443923572,0.0,0.010303478967709,0.0044629548647631,0.0160442341771434,0.0070663702896123,0.0040771332694195,0.0080420345513559,0.0075095961348768,0.0075296106605955,0.0038584769082172,0.0125441969604946
1657.72855925052,0.0,0.0018824431057899,0.0129327261308531,0.0024092119055133,0.0072514209486127,0.0053922582324477,0.0036983487532685,0.0072588270798047,0.0019232648360634,0.005470625305726,0.0004434841010486
1660.3708950067,0.004140530775778,0.0039389472709423,0.006855264042031,0.0068433447664546,0.0003892990292237,0.0046420377468031,0.0022593536663206,0.0005870820815087,0.0060155517801886,0.0049764084864621,0.0051104817175033
1663.01144815449,0.0298678919103943,0.0187445340601939,0.0233747840810508,0.0116393273325147,0.0151847669322274,0.024851988285111,0.0257719143522509,0.0174594961592632,0.0183562266067344,0.0063366688243313,0.0284583996212451
1665.65022034204,0.0,0.0,0.0,0.0,0.0,0.0,0.0,0.0,0.0,0.0,0.0
1668.28721321542,0.0077710194108462,0.0030179199862613,0.0024293542822144,0.0,0.0039747437345368,0.0172128228506609,0.0,0.0055217848710027,0.0034810426197944,0.0039578548154803,0.0035020677310377
1670.92242841862,0.0194241487879336,0.0092820198026831,0.0171544775062854,0.0,0.0,0.0115521041779262,0.0154889401893843,0.0079657659633115,0.0120428599802619,0.0,0.0178503057910435
1673.5558675936,0.0,0.0073995073493829,0.0,0.0,0.0,0.0,0.0041329130083392,0.0004452966395741,0.001779094653144,0.0,0.0135758027030059
1676.18753238021,0.0159123017253558,0.0014590069819301,0.0048463445932533,0.0018162965304976,0.004696852582169,0.0003170477277163,0.0062266844593301,0.0,0.0079837658432041,0.0025723925252894,0.0088526340850004
1678.81742441625,0.0172690675629924,0.0091772747451668,0.0126065826001533,0.0054870363961,0.0165354073722983,0.0135820031888512,0.0160191153544871,0.0096420451147382,0.0156692680490914,0.0089694533933239,0.0213766158733771
1681.44554533749,0.0,0.0,0.0,0.0,9.46172336495569e-05,0.0034322049767792,0.0047538156088062,0.0,0.0045297464722551,0.0,0.0033218420510267
1684.07189677761,0.0115756026279372,0.0,0.0098790449939628,0.0,0.0,0.0,0.0021460721596171,0.0,0.008408791504855,0.0014335838442751,0.0082536846270806
1686.69648036825,0.01113427734211,0.0111670765132315,0.0022126633565038,0.0037450274863417,0.0026992583058857,0.0,0.0115509915343762,0.0092822294045945,0.0103848877905651,0.0039531071814174,0.0127375350989802
1689.31929773902,0.008835160114893,0.0,0.0025693854194345,0.0008807731894261,0.0150604104196755,0.0108380090634189,0.000377971226743,0.0,0.0036895400806578,0.001930617554567,0.0048170426233199
1691.94035051744,0.011759025491349,0.0209785804779894,0.0043668828019101,0.0,0.0168375512574164,0.0075052887290689,0.0155962424745111,0.0045480304469463,0.0153976628309044,0.0035923544475583,0.0103184568887581
1694.55964032904,0.0052728020255857,0.0,0.0,0.0021437381308431,0.0009529814716874,0.0,0.0,0.0052795462774084,0.0,0.0,0.0
1697.17716879727,0.0025937862282814,0.0054780022858101,0.0047620089820645,0.0024518641836734,0.0047622876597525,0.0093032892340726,0.006346873523382,0.001847701758139,0.0103834976172147,0.0045636628016847,0.0061094297559436
1699.79293754356,0.0112747949020781,0.0143567446343133,0.0080617445618986,0.0,0.0015270300588238,0.0,0.0082397646584441,0.0045632508160645,0.0,0.0005221713373403,0.0102688872663186
1702.40694818732,0.0105462321721648,0.0032798944007093,0.0066905948816543,0.0,0.0030438404073964,0.0066181359024545,0.0010582041024962,0.0018269275998457,0.002596044269776,0.0,0.0
1705.01920234591,0.0,0.0,0.0,0.0,0.0,0.0,0.0,0.0,0.0,0.00166589750207,0.0
1707.62970163467,0.0,0.0093887935191529,0.0,0.0,0.0065718371324875,0.0,0.0040451008151782,0.0,0.0007393904830962,0.0004533498004646,0.0095443021353848
1710.23844766691,0.0175184301618527,0.0070412558903353,0.0069957503937659,0.0031933519623862,0.0121223149444688,0.0013568089144535,0.0166102841000939,0.0005396770549074,0.0059034001750218,0.0068868563423155,0.0013951035706001
1712.84544205395,0.0,0.0,0.0,0.0,0.0027647886326788,0.0,0.0,0.0,0.0,0.0,0.0009300287780944
1715.45068640504,0.0083220310754436,0.0006285763649266,0.0031250546276981,0.0041952170265574,0.0111363327699306,0.0065181567068593,0.0092474998658229,0.0,0.0105283630345799,0.0052181522390312,0.0081492456852157
1718.05418232747,0.0,0.0083748714622887,0.0,0.0,0.0,0.0,0.0017810574028963,0.0,0.0,0.0007722963962003,0.0058355360777748
1720.65593142649,0.0,0.0011638725517912,0.0,0.0,0.0,0.0021774969249071,0.0010574843874733,0.0,0.0,0.0,0.0
1723.25593530534,0.010583230044818,0.0148832172469118,0.0095480209606259,0.0008759530580959,0.0132591845759971,0.0038229511491,0.005159848598686,0.007621299533205,0.007078787150081,0.0065946906372985,0.0080013050852036
1725.85419556527,0.0205284197048702,0.0277280609930495,0.0253886839568672,0.0123030759783907,0.0209835188559136,0.0243396127611582,0.0251116747274379,0.0157556359591179,0.0153434349941874,0.0189959542654079,0.0201332918418982
1728.45071380552,0.0106808769623111,0.0060825049297387,0.0064687043682576,0.0036090375736741,0.0177330512714856,0.0084666390309794,0.0024414409817983,0.0103844810728957,0.0047864122623768,0.0088819251851565,0.0069504217219855
1731.04549162334,0.016915837390569,0.0271728919812255,0.0209640531888993,0.0129872483232247,0.0219891076012843,0.0194194604015181,0.0238983089158127,0.0172845808880216,0.0261730366624224,0.0155553566565786,0.0215398027235523
1733.63853061397,0.0198798212673766,0.0192245126614185,0.0218570959852907,0.0093623282571039,0.0274604085026544,0.0153338389864271,0.0228630616101527,0.0213123459843629,0.0263209771010502,0.017384738588357,0.0
1736.22983237067,0.0120203561752545,0.0263018929380565,0.0171410217962915,0.0125254688283847,0.0243167273544139,0.0083506268062349,0.0204240236263693,0.0128017047923539,0.0207016981939449,0.0207683282442797,0.0178186379295322
1738.81939848471,0.0249643163433155,0.0284172751163445,0.0181002652890605,0.0176157997789928,0.0227818564983952,0.0252632334836611,0.0194570245987454,0.0217181245441592,0.0165675482413567,0.0299716823165898,0.0219866821150088
1741.40723054537,0.0228368101780858,0.0296592919723635,0.0205033879829777,0.0211612970898887,0.031899949249218,0.0267192725376924,0.0209207893740385,0.0264738500509692,0.0298734698555273,0.0282380279052545,0.0247537470788171
1743.99333013995,0.0202712602887172,0.0259396881992231,0.0224698414369025,0.0141345323360322,0.0324035836584567,0.0244409569954456,0.01427141466859,0.031579947491841,0.0272597063017901,0.0240983161594103,0.025163479762741
1746.57769885376,0.0328451702338322,0.0426978608409825,0.0225892552430291,0.0208404884506042,0.0349097748921137,0.0280572792251481,0.0287449193547287,0.0289813825955083,0.0304829293146767,0.0376610364029308,0.0279986553581858
1749.16033827016,0.0360126159040472,0.0358696574599788,0.0344969530277903,0.0246130541038506,0.0398119158514142,0.0404989231780646,0.0346263533877645,0.0389773988934475,0.044378100113578,0.0381545100795423,0.0375637884153675
1751.7412499705,0.0293017297068587,0.0363457326926365,0.0266911760761536,0.0263203624187754,0.0427848024327948,0.0383219853888061,0.0266438512044164,0.0438467297981935,0.0341350297753958,0.0380704283780148,0.0251634062973264
1754.32043553419,0.0405630636101086,0.0477604491947472,0.0381968566830148,0.0329067648545953,0.0556251002065105,0.0319927438825709,0.0407432984158806,0.0493892721768519,0.0389155778833688,0.0456350844731558,0.0367107018447921
1756.89789653866,0.0494990562990908,0.0496717746193414,0.0337508131173951,0.0313518885514257,0.0496281940285253,0.0508164764889218,0.0510439542487339,0.0472277850811886,0.04856690500724,0.0507944692469821,0.043988464364562
1759.47363455937,0.0589421224471188,0.0502567864261444,0.0443849522744744,0.0332874536926394,0.0637226759802155,0.0516729939183894,0.0522739529650063,0.05057294041545,0.0490683520978065,0.0648215847203183,0.0465186009692851
1762.04765116983,0.0556753061935958,0.0681408080459144,0.0428291174622285,0.0350678273944471,0.0546549230622022,0.0613557039756776,0.0429956386767011,0.0507252872251918,0.0520235646361921,0.0560307537997459,0.053388233041775
1764.61994794158,0.0651889571562728,0.0606225017650391,0.0591748601843447,0.0379083544664521,0.0684314287660696,0.0668868095449911,0.0586756210105906,0.057673427676484,0.0622675038861051,0.0594593544869213,0.0430757983272859
1767.19052644422,0.0549124663041001,0.0672236822393281,0.0412325925396637,0.0393786427754695,0.0665171598943686,0.0540325791657489,0.0552206640736219,0.0520850435082393,0.0503082326101356,0.0620066680535492,0.0490597120879726
1769.75938824539,0.0498641430957214,0.0584168855642248,0.0397816955139857,0.0372219018601628,0.0611019970624802,0.0583779507570747,0.0508434353402498,0.0503928952327261,0.0499893587383594,0.0615401472418226,0.0522097160994455
1772.32653491077,0.0424915154339628,0.0460133603621893,0.049650373062239,0.0352575732395131,0.0569047138874254,0.0568976613523556,0.0426684507446875,0.0509861052005569,0.0419719716972023,0.0528805168815316,0.0400912033609771
1774.8919680041,0.0601730947205292,0.0749861918226111,0.050621140162329,0.0418188957002316,0.0633626948072884,0.0638257950230475,0.0565767941366508,0.0644977080111039,0.0542979488887908,0.0695418694404781,0.0523999715336839
1777.4556890872,0.0802511182534973,0.0862802523945463,0.0638521649154688,0.0513505388837197,0.0848014953082128,0.0749760813075542,0.0681255550656389,0.0815838083869577,0.0705292450661241,0.0798384570481209,0.0680927242805047
1780.01769971991,0.0791237425452924,0.0885268949656315,0.0695961393109645,0.048748820083018,0.0870114410637661,0.0740215641915098,0.0653330013943746,0.0825898872494723,0.069876516856705,0.0822470871098267,0.072343549006347
1782.57800146015,0.0723684709385197,0.0844519376900081,0.0659725146988388,0.0525897593477395,0.0955517893368599,0.0810573477869068,0.0721631139058152,0.081693251030748,0.07361295848868,0.0789006161359979,0.0723265233402418
1785.13659586393,0.0741466860803561,0.0895008043244565,0.0727289266051933,0.0512417992225309,0.0939076208076567,0.0839429194307776,0.0708828470629082,0.0795384714734176,0.0831891891125179,0.0944776287515435,0.0728244223466801
1787.69348448529,0.0684091896908941,0.0904998071577943,0.0687075330536833,0.046093881059686,0.0848316193164486,0.0717936960834885,0.0696400682525679,0.0787033719619264,0.0575098142178257,0.0841915059584497,0.0570982944671907
1790.24866887635,0.064596961209975,0.0797265163390511,0.0666033008858445,0.0555484743343768,0.0903441044595732,0.0764268316967315,0.061245808453954,0.0720995229613141,0.0671627241283489,0.0852123796887537,0.0638874137430153
1792.80215058734,0.0716789389764359,0.09261431131451,0.0753497717874845,0.0544326329335037,0.0907844104692474,0.0794221437226404,0.0730189781715463,0.0751930960621931,0.0792716414799273,0.0908376299932809,0.0721484835747788
1795.35393116651,0.0972079413306352,0.109175426866075,0.0940067550425123,0.0694819542429833,0.10384747582846,0.0983628754624274,0.0867472583298722,0.09507283869566,0.0894854563646217,0.0971066742558472,0.0876207998816052
1797.90401216025,0.0868995037370455,0.0917055054342368,0.0727355584917824,0.058510019866649,0.0941439497260094,0.0934779747108253,0.0722364249595649,0.0856630864793066,0.0833000326419089,0.0927467936914228,0.0720436839184229
