Wavenumber (cm^{-1}),Spectrum_OrigIdxInItem_91,Spectrum_OrigIdxInItem_87,Spectrum_OrigIdxInItem_121,Spectrum_OrigIdxInItem_21,Spectrum_OrigIdxInItem_64,Spectrum_OrigIdxInItem_76,Spectrum_OrigIdxInItem_113,Spectrum_OrigIdxInItem_15,Spectrum_OrigIdxInItem_97,Spectrum_OrigIdxInItem_53,Spectrum_OrigIdxInItem_109
380.958441887711,0.0063146361766032,0.0038160651350199,0.0212269041624008,0.0179575199488196,0.0055223229355571,0.0180676592961103,0.0059030412261874,0.0175192909707291,0.00879058397151,0.0,0.0045216819757616
384.515243875205,0.0063735936631961,0.0046510975630154,0.0106503572403802,0.0163026703766505,0.0135673195346937,0.0053781310895248,0.0197927772682424,0.0152358714752906,0.0190677553261819,0.0193291427820948,0.010743701007261
388.069349005981,0.0090945829582119,0.0145512800899766,0.0020804802281004,0.0080370991733537,0.0203007780935774,0.0225158165369787,0.0155599356241851,0.0112217744810964,0.0021232798033357,0.0136599635834033,0.0105490304417709
391.620760167868,0.0077146705635966,0.003247002030989,0.0,0.008347531007229,0.0056424432308383,0.0004489932027228,0.0039528147184077,0.0,0.0029208122695759,0.0067596889696319,0.0028754552927459
395.169480244544,0.0,0.0023475322912301,0.0043675535041682,0.0074874928587396,0.0,0.0187361722256126,0.0,0.0,0.0,0.0055608152357458,0.0
398.715512115511,0.0045194182471047,0.0,0.0120439037742196,0.0,0.0171281171090348,0.0164233438677322,0.0042833060382762,0.0,0.0132872094005356,0.0181911996928732,0.0383885593347854
402.258858656118,0.0,0.0,0.0,0.0,0.0,0.0,0.0,0.0064464943679742,0.0,0.0,0.0
405.799522737568,0.0,0.0,0.0,0.0,0.0,0.0,0.0,0.0,0.0,0.0,0.0
409.337507226919,0.0,0.0,0.0064460173663679,0.0,0.0036808586766252,0.0,0.0010131386248881,0.0011549123181257,0.0014839587144267,0.0,0.0015776902547891
412.872814987094,0.0,0.0044542221876616,0.0048842921576019,0.0139685260128309,0.0027621701176833,0.0090062941157833,0.0004427825900934,0.0024454662371566,0.0010271702632031,0.0081198098795053,0.0
416.405448876898,0.0036926404444526,0.0172342732360155,0.0141923660170711,0.0142484769627115,0.0190890182833311,0.0,0.0010242021027387,0.0,0.0091686699322663,0.0098172722747382,0.0032059902429129
419.93541175101,0.0,0.0,0.0,0.0015714833047729,0.0,0.0,0.0,0.0026764741158961,0.0,0.0,0.0
423.462706459995,0.0096990959614329,0.0091854706938342,0.0127023708193776,0.0,0.0091745387638154,0.0102205424468397,0.0,0.0023743820429886,0.0161891157736565,0.0119126808953947,0.0171492158870544
426.987335850322,0.0024038273009832,0.0001436134645326,0.0,0.0,0.0,0.0,0.0,0.0,0.0,0.0,0.0
430.50930276436,0.0068322951432615,0.000437061465713,0.0085664593234695,0.0086601479075078,0.0,0.0054637575041747,0.0087464216572427,0.0035860171324324,0.0118764176818201,0.0105230684157191,0.0041031232926367
434.028610040384,0.0079259004006303,0.0111376443876245,0.0040579824664356,0.0,0.0035416955402444,0.0,0.0054736433128931,0.0,0.0,0.0,0.0
437.545260512592,0.0188292452008828,9.86142234869649e-05,0.0011038914275878,0.0115448528967742,0.0089582638390199,0.022841421321389,0.0065725773972206,0.0,0.002328507538303,0.0032586541182896,0.0017808655838364
441.059257011108,0.0096799870439251,0.0,0.0053852218768843,0.0,0.0,0.0044254591420827,0.009231707608567,0.0,0.0,0.0,0.0
444.570602361988,0.0049805199217639,0.0175478183273994,0.0171293729997147,0.0213150203153938,0.0181507108836908,0.0053140809922666,0.0266470223593855,0.0015368367465499,0.0106652635989353,0.0032688389641095,0.0136365982707814
448.079299387222,0.0168551131910365,0.0326417654087184,0.0102045752826679,0.0203667657152548,0.0,0.0122877979810433,0.0289349097758917,0.0129836311181816,0.0161739575905861,0.0158936322016991,0.0260103477621931
451.585350904754,0.0125054036202447,0.0217103642711878,0.0325573494617825,0.028224232402956,0.0116836887503114,0.0074753723948331,0.0249834987881803,0.0162639994572123,0.0203745854147715,0.011989215977645,0.0224086771992947
455.088759728477,0.0187317527548754,0.0219907123304337,0.025561473638031,0.0247123946673059,0.0166547306910013,0.0014038327247997,0.0342465633857729,0.0238738894456091,0.0169159044603128,0.0161794745868451,0.0179699295047782
458.589528668253,0.0259626671179715,0.0251783611273327,0.0287557346157645,0.0236592713986823,0.0365859788345604,0.0361815167758741,0.0503756040298845,0.0248321949706703,0.0258683855238401,0.0315724202804166,0.0363314385462534
462.087660529904,0.0155654504396109,0.0162712616443861,0.0316875286581329,0.0397998631963098,0.02546660638663,0.0459534233128602,0.0488381021773543,0.0250082420838894,0.0347834778009414,0.0337834167270027,0.0344685153324636
465.58315811524,0.0200837446860976,0.0225950488553422,0.0043613974463563,0.0248493957194971,0.0333750153759033,0.0321887976292546,0.037569960103441,0.0183434073325403,0.020034082205649,0.0211389778942629,0.0280507639023886
469.076024222036,0.0276487887382407,0.0350414025607132,0.0313105374383296,0.0386542206815082,0.032348781951494,0.0259788192465168,0.0476333295076543,0.0305872434586876,0.0344641182757872,0.0409747289592219,0.0409812344477889
472.566261644077,0.0224353125112623,0.0118182401935455,0.0195940531883923,0.0320224870168673,0.0188289580061955,0.0290375335627156,0.0485102883567222,0.0128914263361986,0.0254838338259202,0.0294595517986978,0.0227983378906291
476.053873171131,0.0329035143401359,0.0349029870730709,0.0269310302431157,0.0319306120467557,0.0322181746279404,0.031082832627777,0.0512199777252529,0.0250862009917744,0.0205315448007077,0.038471471692712,0.0292758884962741
479.538861588979,0.0261263681409903,0.0191034848465267,0.0249165354304212,0.0327114527583953,0.0290467266245459,0.0289322050677566,0.0544020616096209,0.0152932974439572,0.030532155797388,0.0366925181552275,0.0277465045444478
483.021229679408,0.0273735881986065,0.0340741635327033,0.0321845340298791,0.0345918448852958,0.0410910448116912,0.0426608746909682,0.0568776052567701,0.0079372406106895,0.0346527974496978,0.030816690597251,0.0540651425589022
486.500980220236,0.0261799650702938,0.0297175555603151,0.0185117967306819,0.0380253212487021,0.0360665087189921,0.0184088019397862,0.0502124836948883,0.0109706583329887,0.0321313933960406,0.0385355274326486,0.03572563560284
489.978115985287,0.0305861111951472,0.0371104772671585,0.0373008324571378,0.0341708013800613,0.032530587308668,0.0303565099341391,0.059210508570646,0.0353754239198836,0.0415146385859731,0.0402451858764028,0.0500151445373333
493.452639744435,0.0418683393425584,0.0487518104649394,0.0292409719947686,0.0443380289350467,0.0403978162782961,0.0295400198521883,0.0675928232462606,0.0266214879117155,0.0396829671461912,0.0438352037174252,0.0374411846191481
496.92455426359,0.049816503926167,0.0504428784688044,0.0436444563721077,0.0333888222842038,0.0406023246811678,0.0370141395507473,0.071822574813999,0.0352628680764505,0.0289229340636847,0.0516964522218473,0.0545752813298101
500.393862304703,0.0380944738530127,0.0462023225684464,0.0350623934701552,0.0412224185327099,0.0234838774245876,0.0331932255718205,0.0660050545332755,0.0353599724995959,0.0458201758647196,0.0411169300482513,0.0459084830638172
503.860566625786,0.0502231851533012,0.0416562200509637,0.0457625957748309,0.0483427644774156,0.0576811319329052,0.0457423714101518,0.0799770583993893,0.0407348107055045,0.0525190492354311,0.0556084854435598,0.0621694414244549
507.324669980914,0.0542957937574906,0.0542186430368171,0.0482484348334461,0.0642713667932556,0.0565065015602221,0.0594826565182271,0.0879829021620611,0.0517661439211239,0.0688367510696922,0.0590708099122985,0.0653783094870414
510.786175120224,0.0634579859338063,0.0782635914985275,0.0579727872537102,0.0581772157297774,0.0669899947219798,0.0727004594501094,0.101585512817073,0.0523600765581123,0.0551394046090726,0.0672830246687798,0.0767827748355584
514.245084789933,0.0621394000189855,0.0738736647478826,0.0519838992723959,0.0649721872164047,0.0720993822602195,0.0687482016317783,0.0977498591223755,0.0591787053431506,0.054363975693044,0.0644662570683635,0.0767290542173747
517.701401732335,0.0762482129790901,0.0520327476860816,0.0666413734835613,0.0780821137439058,0.071834795469335,0.0806767328415364,0.106358094465128,0.0570748201750719,0.0723542980617998,0.0735719161675959,0.0800905412361999
521.155128685819,0.0719636337424077,0.0716805070973228,0.0649041139197859,0.0773308404006873,0.0661963052598887,0.0778836573095942,0.102108074610157,0.0570302877354626,0.0732871373423093,0.0876668833226004,0.0881953758492798
524.60626838487,0.0726411899395043,0.0870050054806968,0.068815186724545,0.069972783862839,0.063573172914348,0.0870545327716571,0.110528673675707,0.0624534136634734,0.0752013237263238,0.0661083160870092,0.0707657965171415
528.054823560073,0.0604129663342004,0.0669293590341609,0.0615583671505453,0.0782248958053537,0.073371697700559,0.0846867107997256,0.0977933350228414,0.0576287669505107,0.0628528773197726,0.0727298266945471,0.0830459741266842
531.500796938122,0.0638680297415283,0.0623558067005629,0.0572231327287519,0.0773767635930213,0.0734750124692846,0.065149168260312,0.0963683631425055,0.0624375673013327,0.0789255032474813,0.0752560955921124,0.0820093810850536
534.944191241836,0.059905376984564,0.0719452470974787,0.0467195406981809,0.0710556667931629,0.0821870055582411,0.0624725273781708,0.0969582578299456,0.0575667068871727,0.0751462443100041,0.0703400779240942,0.0620783650734557
538.385009190145,0.0709883459476105,0.0806948765001658,0.0520913615863428,0.0631156192673522,0.0573071849712455,0.064660692320642,0.0937138246631571,0.045856236635244,0.0700622120404893,0.0713704046977303,0.0599058947126834
541.82325349812,0.0695484393406437,0.0805675646388813,0.0592490505107346,0.081441853421975,0.0659501343861085,0.0697552070791299,0.10200628799783,0.0560874161062818,0.0842533559807611,0.0702184383753999,0.0693835224991162
545.258926876969,0.0687317892282064,0.0774574350735973,0.0502395938984297,0.065050187144091,0.05650879126431,0.0620871996309758,0.0999805212812906,0.0528520082635546,0.0694462406500258,0.0714268791778314,0.073247199526256
548.692032034043,0.0560301235379811,0.0601121855950228,0.0480158349813588,0.0654033640495508,0.0597444757624168,0.0641810099441055,0.097339947922333,0.0535702744847935,0.0579079039415933,0.0766694622336115,0.070434644137642
552.122571672838,0.057608884525749,0.0612174574988182,0.054396084957783,0.0518956424273076,0.046675480325514,0.049839914294379,0.0923163038355893,0.0482066673884158,0.0735218479749797,0.0653849548207669,0.0736949924152005
555.550548493021,0.072830131623749,0.0526423647882263,0.0577903519092289,0.0671492446560796,0.0760286235771821,0.0599509607957229,0.0873581277778576,0.0581581617209723,0.0784309403124782,0.0755881548697499,0.0599206891667425
558.97596519041,0.066849058600823,0.0651975707375423,0.0638802113895483,0.0522187331113684,0.0672138773527317,0.0717449037163745,0.0893573028218625,0.047637069224384,0.0667915237205934,0.0848050705705669,0.0665624154403513
562.398824457005,0.0648100828209404,0.0763781422441702,0.059257558978452,0.0737583128325374,0.0687887677465647,0.0607386905296727,0.0805401688272187,0.0618990878108381,0.0660439637147867,0.0590853014834163,0.064403547406829
565.81912898098,0.0667133939041892,0.0733242528852736,0.0657393430425283,0.0875586352582238,0.076431640297145,0.0741851006488191,0.092509304957901,0.0556886113722853,0.0787293140840647,0.0699164504247195,0.0823955266846699
569.236881446697,0.0661770992002484,0.0696997618479064,0.0717355065845976,0.0720821940639348,0.0657366204199454,0.0650763620954193,0.0965186962983472,0.0581663233247238,0.0802021021645126,0.0802398366195874,0.067948080854379
572.652084534703,0.0786456883394682,0.0751499194601199,0.0554291626405826,0.0636030815320144,0.0651775257090542,0.0588751727847956,0.0993695103079679,0.0587284442443967,0.0778307121726855,0.0699720039157911,0.0736518207744624
576.064740921757,0.0778254682388667,0.0671696582280925,0.0547729161822667,0.0768583371690052,0.0607718247853766,0.07565827008603,0.107182763276036,0.0645706174532487,0.07313971310755,0.0689993436616522,0.0702898890836643
579.474853280809,0.0804372478867476,0.0752303318204978,0.0590857532571493,0.078974091884333,0.0647228649886981,0.068417426872447,0.104769463468253,0.0605443722393603,0.0963648356426023,0.0766048244178539,0.0687524442461432
582.882424281026,0.0740999555254107,0.0754871786052446,0.0649588659268507,0.0722175886945145,0.0760138762598306,0.0694710042248589,0.104870343737403,0.0720236867270537,0.0756014946940623,0.0858548692407913,0.0855075956206992
586.287456587802,0.078087463699971,0.081604315498644,0.0619382479028505,0.0738195461479448,0.0712555046599106,0.0658428366703316,0.108800271677284,0.0641668451261272,0.0748780361079276,0.0862295448989584,0.0788544853100165
589.689952862748,0.0804015560929628,0.0852763399330481,0.0682051566481763,0.0917153058705032,0.0857863812712269,0.0807926096185229,0.114927035005807,0.0871537206501616,0.0886050314802118,0.0870535591034572,0.081994691867364
593.089915763704,0.0833398538020264,0.0891826136655205,0.0778508517325344,0.0875895052950797,0.0819800413823425,0.0773500522003476,0.115950980074468,0.0769816192037374,0.0840058919020496,0.081632386421699,0.0792572532528579
596.487347944762,0.0932845123094148,0.0895723800238632,0.0606492181616179,0.0866080116799819,0.0750905711155118,0.0726538420713642,0.113595116127577,0.0766346407067029,0.0880135647131239,0.086941870602085,0.0902977142864018
599.882252056245,0.0872600292215554,0.0907325319012774,0.0693259703903722,0.0772081748958762,0.0724909540160659,0.0919224709097579,0.116519320039658,0.0772131419931783,0.078776920105736,0.0888755492749658,0.0723523570011981
603.274630744735,0.0845403290946938,0.0926632248226211,0.0684277359173511,0.0861433561126607,0.0721474870617923,0.0771294718495346,0.115973150485825,0.0813682677219984,0.0918680663985526,0.0886290056152814,0.077216177581311
606.664486653076,0.0827003187481498,0.0763419274450912,0.0699997925449001,0.0687492052741449,0.0783823956061613,0.073814785898888,0.0957709126360483,0.0718682579476144,0.08155167920969,0.0869196301343449,0.067968727520232
610.051822420375,0.075740631986612,0.0733838929522937,0.0640424540042701,0.067196479052545,0.0723821328063475,0.0800199962255801,0.0912314423863354,0.0708684305103872,0.0803509009683833,0.0686841973649048,0.0770155207915429
613.436640682001,0.0821703079955473,0.0958461256067782,0.0741918502698165,0.0730966639117896,0.0762656623168045,0.0815444893335136,0.0929241703331337,0.0605687193242165,0.0778483261783831,0.0783954798321443,0.0738106283195222
616.818944069617,0.0869269735989523,0.0748715892215635,0.0793120802957757,0.0848627850572515,0.0658802442215431,0.082061003814771,0.0847543007495622,0.0847125630128245,0.0793799841916767,0.0789930502008259,0.0700413788036334
620.198735211165,0.0943507082530445,0.0846762297629234,0.0803123624605147,0.0839033867232333,0.0829216891222336,0.0825490366091731,0.0814565856207537,0.0832714694064067,0.0811346786051245,0.0776500457112489,0.0688953778450504
623.576016730871,0.0874644397637559,0.0821238254795753,0.0887835500127894,0.0985594048245443,0.0737450736194902,0.0805602934222591,0.0784973119888451,0.094497034016989,0.077268434121007,0.0793877367205167,0.08790376584644
626.950791249269,0.0749478719088894,0.0803430127272343,0.0801806802330384,0.0766837582821341,0.0711477217245662,0.0741361234285013,0.0770552663229725,0.0759718512655663,0.0718468059327859,0.0712946387697798,0.0723488494986926
630.323061383193,0.0841187188694189,0.0771904990843695,0.0831398541191117,0.0792662322951007,0.072587419249086,0.0772327957924963,0.0807573673322216,0.0697347000412722,0.0765582731858238,0.0832589262396724,0.0665893442266396
633.692829745791,0.085744812196576,0.0769533398032577,0.0756159325124177,0.0686699285339578,0.0793355564244601,0.0695283141326531,0.069338443204544,0.0848757053045503,0.074632784149544,0.0617211312438864,0.071422449259326
637.060098946525,0.121184530740476,0.0718616459022571,0.0803362644858605,0.089787876254989,0.0891040585985587,0.0816285569325941,0.0714055528786625,0.0910961080532168,0.0726769085572865,0.0836735865753618,0.0812702364503924
640.424871591182,0.153418239204349,0.0881730221073627,0.0893464674702709,0.0877511529735912,0.0886723646805513,0.0880696675268221,0.0762594060537925,0.0897216331149064,0.0813628334560816,0.091730793631786,0.070898587372691
643.78715028188,0.138922468197228,0.0773917394817998,0.101055733182276,0.102918014352066,0.0917698057527586,0.0868930410369907,0.0781424394751652,0.0972272684856685,0.0729942147954717,0.0904359986007253,0.0806825337817918
647.146937617074,0.102585145695346,0.0826551821515375,0.107282432963053,0.103773057841758,0.0986507768999341,0.0883823161803489,0.0790041432130014,0.0960019913825341,0.0877184494969041,0.0927010029722466,0.0814035285770626
650.504236191561,0.105677623815541,0.0876195715627551,0.124844684885583,0.10550732943979,0.107281450824815,0.1084525668241,0.0791165882273581,0.114829590549534,0.0963145344839848,0.107611941721627,0.0818273366272574
653.859048596493,0.122798668018941,0.105413780048552,0.130106605452294,0.112428842413392,0.107492199852725,0.107194193887972,0.0939844099384313,0.133069014965427,0.102085894873442,0.122018062827159,0.100282229768414
657.211377419369,0.126631293224576,0.101474599189227,0.130113710553859,0.116828890941045,0.106147741104902,0.117416506643967,0.0931877940499637,0.125914044775626,0.104016293309517,0.111291872590253,0.0937371699251712
660.561225244057,0.126111093044737,0.104738930971194,0.149411061665725,0.120748175852312,0.113163792249029,0.118307894199866,0.0907353903566908,0.119307371301237,0.108458250656841,0.116798468314509,0.100973489173112
663.908594650793,0.132726482931836,0.112795543746426,0.152999581246527,0.115117574979525,0.120150396404181,0.126273032458477,0.0973262457552782,0.127830316857127,0.124813396679488,0.119887842780494,0.112960092064656
667.253488216186,0.11213963265884,0.091884846046765,0.131788593815702,0.113087582243881,0.123039778074635,0.114379188583133,0.0902023889699852,0.120805770029007,0.0971808569158991,0.112908701520111,0.0930408901885326
670.595908513231,0.111964241379785,0.0955939338187705,0.127595526943565,0.107856351734646,0.103780498257354,0.104417525359954,0.0909431636279426,0.103156962931094,0.100010863821615,0.104947106132464,0.0922160393412172
673.935858111305,0.0960744388774851,0.0877516295634198,0.109284413951908,0.0987437285120588,0.0923736546004276,0.084880249861197,0.0881243329301457,0.0968508318128634,0.0951890300244761,0.0859604361304887,0.0759541586051196
677.273339576184,0.0865546224129282,0.0796113869936613,0.100946350304009,0.0821218720686104,0.0778867225970189,0.0768246064056464,0.0788446475381282,0.0916616250177159,0.0819530539062953,0.0832075706120639,0.074802787349345
680.608355470042,0.0743411052782786,0.0652786121125156,0.0696260277011584,0.0609382451815503,0.0679474539474577,0.0680082697222958,0.0725336235408459,0.0714923289312937,0.0697047442182489,0.060343269985675,0.0685741963411102
683.940908351461,0.0742432685171344,0.0774424795750991,0.0685073724642207,0.0705652980879434,0.0699295788516949,0.0640630626366579,0.0706419073615994,0.0747867730452934,0.0754694308152541,0.0656692888234031,0.0686907419907644
687.271000775435,0.0710690874666949,0.0558159965060908,0.0728170848356762,0.0676950983956902,0.0678151151970577,0.0657237576747157,0.0699508478135852,0.0678357055019484,0.0631642477648078,0.0762305792576327,0.0775433176936999
690.598635293377,0.0674995885514661,0.0756915308784324,0.0605086509656561,0.0589032746847282,0.0618584153260374,0.0693176655106218,0.0650205485328504,0.0701454226017813,0.0579458274526439,0.0485075091243355,0.0579432718912076
693.92381445313,0.0630241315184441,0.0623127683590338,0.0579472621434331,0.06051574627603,0.0645183237381764,0.0613777720280868,0.0630589876246505,0.0695956293166586,0.0615931966320426,0.0602142372308794,0.0502671124911636
697.246540798959,0.0649200971990353,0.0690008484176711,0.0553597994963297,0.0625558040299274,0.0607936755694329,0.0617376476433125,0.0579463096131529,0.055202043314126,0.052507154894626,0.0623311282107383,0.0608905184700965
700.566816871583,0.0583775676569829,0.0630665946203433,0.0502462072760847,0.0466568065392688,0.0611092762918922,0.0623171428215452,0.0520852081409794,0.0493120378308171,0.0515248830272775,0.0481627910238966,0.0560776712947469
703.884645208148,0.0573129454356957,0.0603189495265264,0.0432884487550588,0.0481918954783393,0.0565661176265625,0.0467107265354199,0.0529555046625966,0.0541985986452984,0.0441621526781204,0.0578820807896354,0.0562828182858038
707.200028342264,0.0659396835538071,0.0712080548007674,0.0474423002689087,0.0594517823313858,0.0588604092213503,0.0496887427021151,0.0576559562978429,0.0586879724825763,0.0588798072389113,0.0711635908457336,0.0596466694966698
710.512968803987,0.0533603977212838,0.0598290781599121,0.0449791666265264,0.054813654865388,0.0532450319341592,0.0521522059705055,0.0597948051276565,0.0523638901543985,0.0512081633119906,0.0516606666052473,0.0547468847848193
713.823469119842,0.0463868076698989,0.0556563814136928,0.0502185878031871,0.0533247521876643,0.0651465206937719,0.052632076037308,0.0650839186223994,0.0594681673727753,0.0656171928118116,0.0548501738740471,0.0620378729290633
717.131531812825,0.0663416492666275,0.0535991441747362,0.0497504454309789,0.0622413385954028,0.0637990827426718,0.0582294962229289,0.070486109063597,0.0661755162408936,0.065768824915576,0.0599284567509655,0.0615967993047009
720.437159402404,0.0751766804753445,0.0737537936026579,0.0535757498279841,0.0722666475481678,0.0657300059220174,0.0728623555299911,0.086745082449891,0.0730541930694983,0.0763121669979369,0.0647435015584421,0.0648463366122915
723.740354404523,0.0625504532301459,0.0756600454913553,0.0578306583912593,0.0598185580512927,0.0661084133927488,0.0671474363937689,0.0814032615863823,0.0630593342856796,0.0771724513315465,0.0606868824716853,0.0630205018724288
727.041119331624,0.0631910064924529,0.0703039874041312,0.0472866154973205,0.0580030434826591,0.071036803565174,0.0621429049711625,0.0782599722732319,0.0594857518507467,0.0747026166030772,0.0573237376876433,0.0632917416448576
730.339456692637,0.0765878756624809,0.0598292859523703,0.0487644247471753,0.0570698934273473,0.0685648562051327,0.0632359099224104,0.0815310718413497,0.0699092948216568,0.0650910335947086,0.0594367736656407,0.0707074079495915
733.63536899299,0.0705662693384882,0.0528105165507065,0.0599913288552798,0.0579262701366605,0.0530987269828464,0.0545104529978816,0.0845528488341506,0.0647851146176472,0.0714623166205585,0.0462218714163556,0.0664071060370444
736.928858734616,0.0655545811766303,0.0602339965560415,0.0523283080668688,0.0539963561877155,0.0582018885302428,0.0548212110010371,0.0769444686111064,0.0621053728349763,0.0612898235535231,0.0542660242942079,0.0554380918794913
740.219928415972,0.0632127882392904,0.0638790640145204,0.0510052053490464,0.0568448946528313,0.0523452532332254,0.0551083502071626,0.083955562490242,0.0444458729611571,0.0696417428498046,0.0639606870680144,0.0577237995326832
743.508580532013,0.0575399105078249,0.0672292634893456,0.0526127657309368,0.0803041233144985,0.0607016161374457,0.0494952046604899,0.0844164346208598,0.0553675845111546,0.0571300655097989,0.0698060020084235,0.0629043134714401
746.794817574235,0.0693484274987256,0.0579588568720211,0.053741679290037,0.067231624021487,0.0626752968706113,0.0629582980614411,0.0785991554649697,0.0598325070161056,0.0654302516366112,0.069410810870491,0.0691202734577242
750.078642030654,0.0605888009582089,0.0620595400639523,0.0541647794361206,0.0568561663618658,0.0592834983771412,0.0521563944249735,0.0742100882786157,0.0502648896726437,0.0571870240977439,0.0649273658724619,0.0569797715754432
753.360056385828,0.0630542430681624,0.0779237338781077,0.0586554488146982,0.0668652391487575,0.067816729943259,0.0633694291390475,0.0817207074962128,0.0643546454902924,0.0583206590316309,0.0695079757506037,0.0665953395572531
756.63906312085,0.0581028890659853,0.0573197954785725,0.0460750762205966,0.0598437453585288,0.0473375026407363,0.0402780031266077,0.0717566194607287,0.0466086700198309,0.0477392960367489,0.0527830287656183,0.0549325633468914
759.915664713369,0.0721657568003557,0.0667006590097356,0.0612016322310723,0.0618691282085756,0.061922411346845,0.0558530132890946,0.0644448278401614,0.0618008911643096,0.0691519546202061,0.0606660819475299,0.0615728593865191
763.189863637582,0.0646388879094084,0.071500253456525,0.0569844054200318,0.0584288739861369,0.0663111713920157,0.0549991243153191,0.0603746531789385,0.0646653676660826,0.0615696945534589,0.0527437524469233,0.0572952592008132
766.461662364247,0.0563348537766648,0.0524258209900916,0.0493343821634303,0.0390918643971212,0.0513500843185527,0.036247133691182,0.0518852652052833,0.048951981199704,0.0468469172420465,0.0412118676643288,0.0548509571061917
769.731063360692,0.0496798147662798,0.053422432562791,0.0459799017456542,0.0371924760602096,0.0508575667916169,0.0458777387391001,0.0515332682276892,0.0447751286315358,0.0458218938716185,0.0449624035806674,0.0518492796815283
772.998069090809,0.0469723996601922,0.0423352830376779,0.0453300371292761,0.047968977079668,0.042711935557189,0.0469155820921157,0.0559642378416179,0.0470213038443606,0.0452803986960519,0.0381686925034753,0.0541346703292593
776.262682015076,0.0432327286626918,0.0419410924837512,0.031246385185147,0.035365718975103,0.0497981704160727,0.0371569159615977,0.0538002729817481,0.0475463433296136,0.0416648082824622,0.0392444738224514,0.046299597418547
779.524904590552,0.0408870509487183,0.0385740517867344,0.030096284936967,0.0420148746023028,0.0449088640814101,0.0418237147804859,0.0545608236093072,0.0543052272758281,0.0425990400517407,0.0496247331511184,0.044283204282717
782.784739270879,0.0308689262213376,0.0480440548153657,0.0455168375629226,0.0334479841385565,0.0410122275874515,0.0408365768339258,0.0520809977539283,0.0417286778047076,0.0374099127361084,0.0370258272349527,0.0361313379274563
786.042188506305,0.047529073197847,0.0569531556323489,0.04091215043608,0.0457212761311065,0.0447196585978424,0.0405623274928478,0.0603679481826495,0.0480762163302852,0.046681882282611,0.0452103676894235,0.039908528049204
789.297254743676,0.0441304028676693,0.0484199703397653,0.0392400779337757,0.0538903687095884,0.0499286331437415,0.0510409117404574,0.064734664598717,0.0494830920125446,0.0399197898219161,0.0485905363921435,0.0479110150041303
792.549940426439,0.0511925036659394,0.0564757282936862,0.0552755801426043,0.0572751285596349,0.0551136211057671,0.0580698041980998,0.0642745888935513,0.0569348301323514,0.0671868389907848,0.0605582665807991,0.0519037196250253
795.80024799466,0.0526256840740026,0.0612914307344221,0.0587872784052758,0.0610913257939585,0.0536635365102678,0.067036339217747,0.0667392743113235,0.0556580168658983,0.057835923855951,0.0495472860989706,0.0571998448065663
799.048179885027,0.0609442269879255,0.0634031579827642,0.0686415378956545,0.0735026597019322,0.0674464136115752,0.0703496400817988,0.0637426408820269,0.0573957789895773,0.0611677001497507,0.0703206463144129,0.0598147626135069
802.293738530839,0.0617185742200499,0.0545042234397004,0.0568801856488639,0.0614013921828683,0.0646776854202062,0.0665406142653933,0.063489545525979,0.061390600979911,0.0619347346063398,0.0595065430452717,0.0541699153147072
805.536926362046,0.0555871902757411,0.056299706503748,0.0598719101925507,0.0683268080707015,0.0590884447568642,0.0560990679126381,0.0628975681212131,0.0583617429811531,0.0553087175223951,0.0524976244361691,0.0583298336665004
808.777745805219,0.056213676117167,0.0698616250219446,0.0596598437772999,0.0657064009360742,0.0570357958567506,0.0556765202794167,0.0529459834308801,0.060052389604421,0.0600952643219249,0.0533595034323608,0.0672472685683269
812.016199283575,0.0424000352232887,0.0466888376455946,0.0416964509446242,0.0632912779881545,0.0577570695689626,0.052784574254383,0.0476872860169538,0.0564241356138202,0.0498651293948531,0.0510918040666682,0.0524974930570947
815.25228921698,0.0488808586111395,0.0564519654854739,0.0489428531875198,0.0504233533009247,0.0284500016097335,0.0533003591755569,0.043540419064778,0.0476663829471454,0.0479983160481337,0.0406725840899146,0.0499438184107968
818.486018021954,0.041815399673658,0.0428786711141158,0.040029254832212,0.0472852893067368,0.0479423423567433,0.0437558413041561,0.0465797579764669,0.0506365728896034,0.0440756529384873,0.0390811779826528,0.04497545382426
821.717388111677,0.0330797978714795,0.0531309878271351,0.0372319585240877,0.0484348045033262,0.0468150151928578,0.0466797655074017,0.0417102190753477,0.0545385553382047,0.0457212317654393,0.0432088969762782,0.0455622342115196
824.946401895993,0.0437456467089609,0.0491579546596496,0.0485069853479705,0.0400388706448399,0.0405794163522053,0.0373397047865793,0.0416697966980597,0.0463031648979113,0.0470901701445564,0.0454032157585152,0.0402810893925149
828.173061781417,0.0317978941799987,0.0424822150715447,0.0397580586425975,0.0384252899904481,0.0455098510241101,0.0402235563980771,0.0352618037442301,0.0535843069796208,0.0334428606838591,0.0389681551050901,0.0424150246911588
831.397370171139,0.0280136058062425,0.0414109055904796,0.0407628419153943,0.0324822496027686,0.0402466040124845,0.0428426950506966,0.033048402395556,0.0557363939423922,0.0467114765823565,0.047340165394204,0.0506359166670383
834.619329465039,0.0137473032215728,0.0397809409352386,0.0281084602121557,0.0349093375784875,0.0441154343713859,0.0241376000562208,0.0291366030101861,0.031734686909813,0.035052866455693,0.0229290616965848,0.0351902510365626
837.838942059678,0.0274403728495661,0.0429518436569353,0.0372556853884684,0.0377695334078792,0.0494879472736484,0.041410281522701,0.0249317125056183,0.0395394912699726,0.0487857241098362,0.0444146678477982,0.0391147705359502
841.056210348311,0.0259263123762382,0.0377932988774995,0.0443368941361393,0.0310847653313365,0.0507700181907459,0.0461746377682417,0.0276868423680537,0.0429730591343074,0.0396246634975757,0.0359870870407546,0.0392973589444364
844.271136720895,0.020571465456599,0.0360960770104364,0.0309399506966498,0.0225655087133733,0.0263473752527152,0.0374513250069658,0.0272024523455182,0.0314282377505042,0.0332373498848741,0.0308880228517166,0.0187358452768429
847.483723564093,0.0332147982666489,0.0349126765175902,0.0350261346565734,0.0360237377197138,0.027331779209595,0.0382591522648539,0.0197160099344351,0.0363479907907843,0.0395352934705933,0.037009600405996,0.0409233268985817
850.693973261278,0.0194123109333738,0.0355831044981105,0.0184069121978394,0.0247431114284917,0.0199031605707751,0.0302322261835794,0.0190537840708706,0.0217433502813832,0.0211605149701787,0.0352199615772705,0.0274900065680256
853.901888192535,0.0306325096390084,0.0225651589491997,0.0231356033438169,0.0295440045012275,0.0200818889678759,0.0285533061486824,0.0295224414428995,0.0266343439672091,0.0261451240332965,0.0307804992810375,0.0289115914359691
857.107470734681,0.0215370065055724,0.0285515507498685,0.0230711378245741,0.021852279831926,0.0171879357938915,0.0263658568238935,0.027730656783627,0.0347311757561681,0.0400034218740342,0.0299092603061075,0.0284516004422001
860.310723261252,0.0318450920208317,0.0318367082555255,0.0375354514185842,0.0318299037691788,0.0333447224788739,0.0312613859195025,0.0267794426902237,0.0301228376081165,0.0342721183761357,0.0345196033879553,0.0287668052150898
863.51164814252,0.0229868925027899,0.0235776767830327,0.0281124176483752,0.0150278636130421,0.0293916778045528,0.0153233208234034,0.0302954588462195,0.0359184179490797,0.0315695935197892,0.0328932131622959,0.0330453111966111
866.7102477455,0.0265081730709558,0.0375391780037787,0.0304906406278808,0.0340380787609632,0.0279607542392449,0.0331608750464017,0.034289515475207,0.033365597049155,0.0440946592848978,0.0343571322265617,0.037567995886586
869.906524433941,0.0259336439496418,0.0257542219924233,0.0192108565928616,0.0285366669511854,0.0224405277339962,0.0260020672024425,0.0313271106730244,0.0296623344325693,0.0179699785953883,0.0291062213700298,0.0311771850569072
873.100480568356,0.0271383393680318,0.0327064747569962,0.0288253740688491,0.0248304290821305,0.0202055869269496,0.0151518516623427,0.0341920909195462,0.0301124858213991,0.0180012107943555,0.0192929081089161,0.0173265518464595
876.292118506005,0.0292283103807732,0.0302588925369137,0.0115976501633621,0.0353925755781358,0.0138815911592223,0.0221603022216709,0.033681963553146,0.0260028075614048,0.027923652977855,0.0233322532849897,0.0321466301509803
879.481440600911,0.020070305284867,0.020555367283183,0.015491922001963,0.0166808815956124,0.0187262928681305,0.0232736927404503,0.0332873970391715,0.0233948429740576,0.0136824673214862,0.0177871961695148,0.02037939371874
882.668449203865,0.0188222097704584,0.0153869185380355,0.0186857723949451,0.0106503171662841,0.0418599576565014,0.0155535115144876,0.0269790904812875,0.021152164436784,0.0123824700413214,0.0244210234419851,0.0125763506590683
885.853146662431,0.0153942418928898,0.0107340897503808,0.0141324282399643,0.0030136516042539,0.0138608792338226,0.004632199214563,0.0217383810537636,0.0044997063827033,0.018686879035666,0.0054471204619425,0.0129883775429908
889.035535320943,0.0198765495505382,0.0114206315727325,0.0081969332009845,0.0193979847531906,0.0082197078324253,0.0088764996128588,0.0198320530938939,0.0147322478320193,0.014297515008253,0.0091753337314844,0.0091293136267133
892.215617520531,0.0184751714512418,0.0139630051030345,0.011108876944561,0.0067353121328921,0.0183252006520234,0.0140830783442717,0.0223029044544225,0.0219206890418693,0.0167504089926993,0.0205389012536583,0.0097663248119453
895.393395599108,0.0184703499852076,0.0162175431830478,0.0180946624742711,0.0106099315225663,0.0123905762422652,0.011925890315407,0.0213988309628066,0.0201929923986647,0.0191838265141539,0.0129914191851586,0.0159622432164716
898.568871891376,0.0196067174753924,0.02140012181268,0.0111960721198299,0.0230844275851872,0.0125396691227847,0.0075476950954572,0.0187065492184023,0.0192098975486788,0.0088906693800957,0.0099704608462386,0.0170905251689459
901.742048728847,0.0129435754142127,0.010216506122627,0.0001879540832878,0.0053782598671497,0.0070749999654763,0.0033975036858918,0.0178075524825318,0.0034384598684026,0.0069650676758864,0.0124328277979267,0.0011962233942868
904.912928439833,0.0025679493201863,0.0116084335001404,0.0,0.0,0.0066771715042787,0.0,0.0020637091174819,0.0,0.0111199019129674,0.0007675233151507,0.0017537005041697
908.081513349454,0.0,0.0,0.0,0.0,0.0,0.0092506373274727,0.0003085096626126,0.0,0.0010236054999519,0.0,0.0
911.247805779648,0.0012068656081356,0.0,0.0,0.0,0.0,0.0,0.0,0.0037826344309375,0.0,0.004171716402505,0.0
914.411808049184,0.0,0.0,0.0,0.0,0.0081678235023045,0.0,0.0,0.0,8.99019696373835e-05,0.0013044044037288,0.0
917.573522473643,0.0072220768425884,0.0081417371996449,0.0078553497892371,0.0136484739521096,0.0082036318709744,0.0002751350278997,0.0032653662553392,0.0064113340544168,0.008998677429297,0.0065518708483755,0.0146825947228074
920.732951365446,0.0106010071969843,0.0126546317863086,0.0067462010460554,0.0067232491278708,0.0,0.0116995464008504,0.0016573440017559,0.0017398880874285,0.0,0.0,0.0
923.890097033857,0.000688021878916,0.0021421142589583,0.0072115840692037,0.0,0.0089831165155339,0.0,0.0094597693286137,0.0,0.0,0.0002557404581139,0.0161182187212156
927.044961784968,0.0106934456821117,0.0,0.0012952631882052,0.0,0.0008265766703142,0.0009507164354159,0.0121647440417807,0.0018315065421314,0.0,0.0030621353719957,0.0
930.197547921736,0.0108557906976642,0.0043764580011102,0.0055921002335873,0.0051231368246094,0.0114702616467525,0.0064504116836651,0.0069159818616262,0.0100045542669561,0.0027711561834318,0.0082439191608704,0.0052586624153514
933.347857743968,0.0092222239298815,0.0053324783870047,0.0,0.0,0.0014978091699547,0.0,0.0115312809804971,0.0,0.0093021284196066,0.0,0.0072401599511055
936.49589354832,0.0123071729202216,0.0169898396472293,0.0082264453482808,0.0049557517638065,0.0161747922710185,0.0127504490820123,0.010414447333227,0.0032037859784502,0.0135280719855409,0.0,0.0102662167926477
939.641657628323,0.0123190084500568,0.0045111275277419,0.0,0.0040536410464245,0.0054042008669251,0.0040002872356364,0.017167009393161,0.0054684487201664,0.0,0.0079082529086642,0.015665338730994
942.785152274379,0.0147503086086459,0.0043419461297069,0.0064773224113967,0.0015477106958581,0.0,0.0091938468174842,0.0124748384008698,0.0007122502664907,0.0033745588006145,0.0,0.0056377040278022
945.926379773757,0.0146195371382363,0.008711008517078,0.0113758003717009,0.001520381342973,0.0,0.0070256665490984,0.0149267838538082,0.0033322274799979,0.0144103229145118,0.0064096435156824,0.008078959011669
949.065342410614,0.0179302330555782,0.003683375841705,0.0,0.0,0.0065561556490553,0.0,0.0076567529225214,0.0004469661817179,0.0068760180191575,0.0083873937569839,0.0110340429516625
952.20204246599,0.00028497651022,0.0125736840822715,0.0,0.0016446345429344,0.0,0.0,0.0156922056521831,0.0,0.0074575057844795,0.0,0.0
955.336482217814,0.0,0.0,0.0071096703689588,0.0024768580733781,0.0046959218976826,0.0,0.0145951497370345,0.0,0.0,0.0,0.0
958.468663940918,0.0054651628214582,0.0021652336893309,0.005126464576573,0.0039738479914447,0.0100982300148022,0.0031036912128029,0.0066777846677253,0.0,0.007553433209606,0.0051404708370726,0.0043867243125457
961.59858990703,0.001593774210572,0.0,0.0,0.0,0.0,0.0,0.005088873840794,0.0,0.0,0.0017957045342249,0.0003657652399618
964.726262384784,0.0056351644428087,0.0,0.003615360096215,0.0,0.0,0.0,0.0051584785338196,0.0049820445185389,0.0037707393789277,0.0,0.0
967.851683639732,0.0,0.0,0.0,0.0,0.004336278534725,0.0,0.0094711669666118,0.0,0.0,0.0,0.0007752921962176
970.974855934344,0.0,0.0,0.0,0.0057258219723295,0.0,0.0,0.0028827854842057,0.0,0.0,0.0,0.0
974.095781528001,0.0,0.0,0.0,0.0,0.0,0.0,0.0,0.0,0.0,0.0,0.0
977.214462677025,0.0,0.0,0.0,0.0,0.0,0.0009575151325348,0.0,0.0,0.0,0.0,0.0
980.330901634669,0.0,0.0,0.0,0.0,0.0,0.0,0.0,0.0,0.0,0.0,0.0
983.445100651119,0.0,0.0,0.0,0.0,0.0,0.0,0.0,0.0,0.0,0.0,0.0004512360871804
986.557061973506,0.0062689315607292,0.0,0.0,0.0,0.0,0.0,0.0,0.0,0.0,0.0008191545364257,0.0
989.666787845913,0.0024639581361579,0.0,0.0,0.0011027929082211,0.0029633507500135,0.0,0.0,0.0121202604164549,0.0055350313694812,0.008824598719498,0.0067463626522376
992.774280509374,0.034675512838749,0.0210696391263206,0.0346266798070474,0.0264768709698477,0.040996280321192,0.0384287866781776,0.0019862321707038,0.0363602421579139,0.0287818174089882,0.029492056163649,0.0267410881823478
995.879542201883,0.0661126766630695,0.0428667232041811,0.0554305205752918,0.0604546597100167,0.0523122200231087,0.0585693481531675,0.0110726310749938,0.0751756468276691,0.0545548283338481,0.066408721770484,0.0408756838954437
998.9825751584,0.140455565178046,0.107525169099812,0.162600918961767,0.141588998877989,0.134307263899047,0.145305490869199,0.0317485693631924,0.172131089414298,0.128091565725857,0.137749517898359,0.105737727833983
1002.08338161085,0.212356436321743,0.151533564338435,0.23906601746141,0.213181222217028,0.20179034915859,0.224924181341481,0.0403444166727738,0.259409112145785,0.174164664367701,0.20357384438159,0.179084194822553
1005.18196378813,0.154757795015048,0.126122498360742,0.189363612339407,0.155270958047367,0.15788159200568,0.17523693487831,0.0278369392512532,0.193258943286748,0.137374358126449,0.156028666868394,0.12968074296003
1008.27832391613,0.0625316737379819,0.0433489735698824,0.0805436090427483,0.0676353151497554,0.0600462577867437,0.0711712910834539,0.0090981290769936,0.0863682070165566,0.0621926465533175,0.0594408874483221,0.0499751233352061
1011.37246421771,0.0273870852176321,0.0096003128751664,0.0192163899151358,0.0230736260795633,0.0125451706385909,0.0192515485959838,0.0134219244683951,0.0205665964508378,0.0167300780165955,0.0219104680881388,0.0194027676294433
1014.46438691273,0.0196996675784321,0.0130873909301504,0.0176630056332937,0.0131980418587565,0.0146190460734208,0.0248695436693288,0.0175007262588937,0.0144265614536043,0.0147131383248087,0.0281345500578674,0.0113982706023728
1017.55409421804,0.0116228416024743,0.0120046951879556,0.016551533843002,0.010339989955261,0.0161702607189976,0.0054962932159775,0.0107233309735882,0.009981786775431,0.0190359556028978,0.0111463663850228,0.0052393187346959
1020.64158834748,0.0164423954018622,0.0114441176191537,0.0126994749433754,0.018582048231373,0.0258453515047779,0.0110907100626804,0.0145843575124372,0.0246608988386963,0.0174992519241189,0.0183015750968791,0.010224778597868
1023.72687151192,0.0282820258292499,0.0164975605836643,0.0295220165765841,0.0313471004746019,0.0182138786008741,0.0235306042719233,0.0181098381799722,0.0385726660281085,0.0220484299483129,0.0261616692389244,0.0255577374246112
1026.80994591922,0.0373053579557938,0.0325248631195696,0.0476960662505082,0.0509031522494972,0.0431198611570439,0.0540810929842822,0.0167196516673768,0.0613783803228022,0.0408165069894326,0.0550559795498144,0.0416739484495129
1029.89081377425,0.0369976976565154,0.0354074508026252,0.0358505444093998,0.049127610127655,0.039021592804762,0.0510698009096805,0.0114567050665846,0.0559489099471336,0.0471174858664165,0.0377786050179362,0.0450242289105441
1032.96947727891,0.0426882533553737,0.0562317169051359,0.0719590533638371,0.0548237673518098,0.0661892851928136,0.0681284727559621,0.0096222053798039,0.0728634981022568,0.0620461825032555,0.0618648925519825,0.0560656330688166
1036.04593863214,0.0294671128105552,0.0414010039389901,0.043267401628143,0.0323846247896613,0.0363798236313758,0.0440341580841734,0.000921724778939,0.0560496461187762,0.0403637366682173,0.0383447925581905,0.0277740456772015
1039.12020002989,0.0139404987596582,0.0142298252413083,0.0172914478916928,0.0133348615167768,0.0032508384082426,0.0191939341973225,0.001318772811239,0.0208507925187799,0.0171429741822793,0.0148123634167799,0.014612673672243
1042.19226366514,0.0,0.0,0.0,0.002664402030933,0.0036774605119546,0.0053630758086489,0.0,0.0106486861640798,0.0,0.0,0.0
1045.26213172793,0.0,0.0,0.0,0.0,0.0,0.0,0.0,0.000816512989003,0.0,0.0,0.0
1048.32980640533,0.0020746519771373,0.0058002322863477,0.0,0.0,0.0,0.0033837558151997,0.0,0.0093516771656746,0.0063669762288286,0.0,0.0
1051.39528988146,0.0,0.0,0.0,0.0,0.0,0.0,0.0,0.0,0.0,0.0045135931724538,0.0
1054.45858433751,0.0,0.0,0.0,0.0,0.0,0.0,0.0,0.0,0.0,0.0,0.0
1057.51969195172,0.0,0.0,0.0,0.0,0.0,0.0,0.0,0.0,0.0,0.0,0.0
1060.57861489938,0.0,0.0061800269435596,0.0,0.0,0.0,0.0049342199108084,0.0,0.006275475016595,0.0,0.0,0.0007694214231521
1063.63535535287,0.0,0.0,0.0,0.0042996399599835,0.0012273220405416,0.0,0.0,0.0,0.0,0.0,0.0037151045687192
1066.68991548165,0.0010680785291204,0.002546952205386,0.0087370170920187,0.0007938473812439,0.0038443382328011,0.0,0.0,0.0,0.0030321653196695,0.0038812604827153,0.0
1069.74229745223,0.0,0.0039290444244653,0.0167499231093965,0.0102048804546885,0.0102643424809003,0.0018911270001618,0.0036355042565975,0.0,0.005865534848172,0.0,0.0114312262448479
1072.79250342824,0.0,0.0,0.0,0.0,0.0011598595603289,0.0114700240461713,0.0046553742304382,0.0011718841995068,0.008941438431929,0.0060871660554392,0.0
1075.84053557036,0.0037547783297574,0.0109473223508979,0.0041006771521386,0.0131179850063057,0.0075569566631501,0.0034068269079027,0.0036622506705417,0.0043279090610706,0.0069226708783098,0.0118381432655223,0.0095372470927661
1078.88639603641,0.0061738089715024,0.0039882608591366,0.0009435270049908,0.0111564053149662,0.0121626216080758,0.0097835546489445,0.0,0.0074760830201814,0.0028592690233958,0.0108817904636652,0.0108317960187649
1081.93008698127,0.0064162463589416,0.0,0.0032324882430711,0.0,0.0,0.0137022411607423,0.0004448949158962,0.0,0.0099676847113752,0.0068058414838447,0.000956825646199
1084.97161055694,0.0177689105243845,0.0055811816115505,0.0146050512907465,0.0144595041687558,0.0076079692028144,0.0161426269715934,0.0095150127590924,0.0054135534012373,0.0203690796218266,0.0280722391652922,0.0128568263212278
1088.01096891253,0.0142971856996546,0.0176173452242301,0.009372444919831,0.0117862645557821,0.0119264199935184,0.0102476516656233,0.0164815703276491,0.007402035681768,0.0137308825880159,0.0194317549478886,0.0143846518641489
1091.04816419427,0.0160589554277099,0.0103477957334115,0.0145877165131476,0.0238451881363845,0.0169971113033248,0.0077726339288451,0.0082814677778992,0.0097619249403324,0.0047944156460368,0.0160431372102466,0.0143079030088846
1094.08319854548,0.0175607444286849,0.0084277981155286,0.0063807621021384,0.005048568130788,0.0118848043267918,0.011656531487173,0.0084102540390243,0.0166611569280631,0.0131301738917144,0.0128838571769194,0.0091728858186334
1097.11607410663,0.0,0.0123935041710606,0.0081673007109379,0.0102834364531739,0.0110853743044806,0.0059809408642103,0.0129219886727031,0.0059344191942077,0.0117973238071346,0.0121066245041241,0.0117324033418297
1100.14679301532,0.0011316635867922,0.0131333688701609,0.0094900155666604,0.0062094600598944,0.0074782367090566,0.0056849366352506,0.006076819503863,0.0075145893034867,0.0081666398156618,0.0084496856263305,0.0073741874015554
1103.17535740627,0.0096472759762639,0.0157393716962199,0.0060296431929967,0.0168682556651154,0.0092015243453306,0.0031767256787429,0.0042950484404969,0.0052986445445935,0.0068131477751814,0.0052616255211901,0.009116740700977
1106.20176941133,0.0010386112844361,0.0172637620567181,5.9661440389029e-05,0.0025687928673677,0.0040483772788617,0.0043340793600274,0.0082573968099369,0.0045912502581446,0.004432897312669,0.003977635061996,0.0095211565819528
1109.22603115951,0.0036688286705,0.0083269889773524,0.0152232744540832,0.0070849109780999,0.008549267521989,0.0160143614296359,0.0,0.009939300589646,0.0144965678802397,0.0048370211165303,0.0053994101909726
1112.24814477697,0.0001623041064568,0.0036687124681375,0.0060532223602532,0.0018390259138809,0.0013420403765635,0.0,0.0,0.0,0.0,0.0,0.0071132232810218
1115.268112387,0.0,0.0260683946170908,0.0068775014610039,0.0,0.0180306728462853,0.0067801419282743,0.0,0.0065956306805236,0.0048576963372262,0.0031801216561772,0.010677530674646
1118.28593611007,0.0,0.0112082237360879,0.0140588680069389,0.0047016194408115,0.0069897671787364,0.0039885852447033,0.0,0.0077554833011236,0.002946696996189,0.0,0.0014799950992809
1121.30161806379,0.0034171801501752,0.011078670623539,0.0098651583286569,0.0128103565918272,0.0048405088159437,0.0051081788128456,0.0,0.0053091819395482,0.0033137342610888,5.27083683953639e-05,0.0132623476018986
1124.31516036295,0.0,0.0050445314775842,0.0077093881939128,0.0048069594402468,0.0,0.0057308207818595,0.0,0.0041825326406806,0.0064672736422371,0.0,0.0067038450903987
1127.32656511951,0.0004570884161707,0.0073095642872797,0.0100924170620372,0.002011500114894,0.0040750663652846,0.0168772315308744,0.0,0.0049439893533782,0.0,0.0055012704632592,0.0104982642794927
1130.33583444261,0.0,0.0176059203664515,0.0176963836070638,0.0087335098681018,0.0125799581647095,0.0098940308916655,0.0,0.008351453053541,0.0086804588570526,0.0012767374801731,0.0039225698562133
1133.34297043855,0.0,0.0110104589644429,0.0161991690436027,0.0152203195301526,0.0198045362772006,0.0075572132810205,0.0,0.0180045689606295,0.0085028661039556,0.0032626110544176,0.0124823992374338
1136.34797521083,0.0027606496144381,0.0097666927916432,0.0106023136603643,0.0,0.0005718776905982,0.0015402374660063,0.0030118086192887,0.0096536976241068,0.0037416090256578,0.0006959407442911,0.003498992063826
1139.35085086015,0.0082912828555291,0.0106588721384698,0.0150008999681002,0.0215918590498014,0.0093053345077176,0.015843714493297,0.0051144977295956,0.0100115280169972,0.0195589204695847,0.0100802383850659,0.0101827922073262
1142.35159948438,0.0153515945054221,0.0091312658675472,0.0155274528321725,0.0119508944798069,0.0131984965318665,0.0257325710330453,0.0073371248118018,0.0258984003505734,0.0323177723621228,0.0108461875135211,0.0216409502749058
1145.35022317861,0.0095041117475818,0.0140277983324436,0.0201389296771346,0.0093331027347737,0.0076738529273967,0.0128393631227326,0.0109500557611475,0.0169613271153229,0.017618886422284,0.0072991376932874,0.0176818155637598
1148.34672403512,0.0238402704068987,0.0132889288763145,0.0322454950635056,0.0187284528666246,0.0176543619864543,0.0261445909540608,0.0148645088657846,0.0146492388831091,0.0140949000338546,0.0075713108813422,0.0224825796495622
1151.34110414341,0.0223302073828098,0.0160265730954259,0.0266128901684858,0.0136004037633864,0.026101073297534,0.0269538880128191,0.0178555900078039,0.0219935099850377,0.0227626646450772,0.0221867150887243,0.0222279473857652
1154.33336559018,0.0219667722654367,0.0163450330617327,0.0161994044898542,0.0241146847610099,0.0129233465072542,0.0255532735594,0.0188798606534181,0.0147443886093256,0.0192227338295237,0.0193346410863835,0.0232944318582401
1157.32351045935,0.0362930739746382,0.036487829471815,0.0401072478977041,0.0300854091626263,0.0394109575960625,0.0354124581899486,0.0276462416185405,0.0417804380160034,0.0367704674728909,0.0255640773678533,0.0355123903689695
1160.31154083208,0.0337513935736598,0.0217846896363506,0.0217238860277115,0.0260693339201921,0.0206232973949193,0.0200412585715177,0.0273230795271284,0.0239112363740108,0.0271152794840967,0.0191098702818082,0.0198268140336793
1163.29745878673,0.0269903586616481,0.017258434154607,0.0224304799950257,0.0156954645664683,0.0186129715028156,0.0247466114918146,0.0223109858240083,0.0202454576889199,0.0240607837276646,0.0152795744486236,0.0206066569316079
1166.2812663989,0.0255924181545371,0.008973603422689,0.0247222166399623,0.0148405932983009,0.0183756545342529,0.0228343451992363,0.0244514635223943,0.0256681574869181,0.0225239026635457,0.0183785705073999,0.0213798186901402
1169.26296574145,0.0258524945279369,0.036861373735163,0.0322366295759546,0.0246389289389648,0.0265236687754148,0.0314477488067103,0.0240808424474365,0.0227498082395308,0.0222506164501645,0.017643889120052,0.0335707744618278
1172.24255888445,0.02649299202446,0.0194519883420234,0.0276961816517261,0.0187806632733215,0.0222033590332173,0.0087086203643962,0.0264167836897554,0.0300568385073912,0.0191744547390412,0.0130756395185978,0.0258292149927309
1175.22004789522,0.033774551270754,0.0282997119077845,0.0240592471364247,0.0392256721135584,0.0277945460816696,0.0315165852421176,0.0286009995323384,0.0297808131307679,0.0265120394260371,0.0199814924111012,0.0303027987934056
1178.19543483834,0.0309597844823644,0.0366053866782299,0.0336022380820681,0.03539565098658,0.0387196843475992,0.0418297255771352,0.0297261062664551,0.0397303172427095,0.0361302670223485,0.0321428431564131,0.0355673532991583
1181.16872177565,0.0328696937227625,0.0341854640671058,0.038820233848566,0.029291173689836,0.0313277274929485,0.0251990843354335,0.0246196540055596,0.0339505433909543,0.0345586860364572,0.0316213639487668,0.0286046231402674
1184.13991076622,0.0455093281799151,0.0478393261781084,0.0474428480811409,0.0322528413696723,0.027235484736252,0.0320745966995277,0.0256229554691786,0.0334707198428651,0.0383179830105344,0.031093689239781,0.0365143181556847
1187.10900386642,0.0249269708085832,0.0274525661256207,0.0274156418485112,0.031125844630189,0.0236456494916535,0.0244965410104617,0.0292424952392026,0.0362069868799454,0.028091948066167,0.0238628978301132,0.0244922342271739
1190.07600312986,0.0336009323385276,0.0234078792236818,0.0335271293191942,0.0311269272158546,0.024627415099433,0.0252409985376552,0.0190074769548379,0.023214116883798,0.0244678737580774,0.0276284367973454,0.036376102868243
1193.04091060743,0.0274512171569892,0.0359734976212026,0.0378148760031345,0.0381532674964834,0.0385733076709802,0.0423898758718102,0.0160622075186235,0.0397715552444687,0.0345625058510849,0.0354541996148729,0.0339078167903659
1196.00372834731,0.0352259798460068,0.0319183825064034,0.0382329801923253,0.0367819439854132,0.0303880219587887,0.039697760315154,0.0154611556644878,0.0426840136139231,0.0355012835718447,0.0413608043124209,0.0399362026663292
1198.96445839494,0.0304769957198741,0.0452778171244838,0.0466031455069039,0.0444774062225803,0.039490488139483,0.0499816596234554,0.0147994585531568,0.0455922314942826,0.0422799640585727,0.0405648004407947,0.0440998076506242
1201.92310279306,0.041824704487303,0.042820832471976,0.0458751754207587,0.0464971785242391,0.0465529099542938,0.0489964518332603,0.015574651937209,0.0426232759450648,0.0411739019376501,0.0416767630872498,0.0541035432144378
1204.8796635817,0.0453762638965384,0.0481309365709346,0.0521901688703535,0.0630273287252467,0.0480150483837406,0.0470281329933689,0.010889208141519,0.0423025905105216,0.0446372020585449,0.0463710687375293,0.0489587556895094
1207.83414279818,0.0378097813609423,0.0604042735525789,0.0478159449741161,0.0496136200134659,0.0520150927167248,0.0497095755394731,0.0173065863233902,0.046145899683239,0.0465701008131467,0.0402970756565641,0.0528425821435976
1210.78654247712,0.0399516696971045,0.0587376469545722,0.0588964236712924,0.0668139093950378,0.0633851203272377,0.0612042183878996,0.0209861959912164,0.0590790172709677,0.0617141206617185,0.0509605398673053,0.0628326681328709
1213.73686465044,0.0493743872741659,0.0626945971463433,0.0654260452977421,0.066771849707135,0.0640690452465982,0.0663283259518581,0.0236071293501515,0.0631040913450825,0.0654157048273861,0.0654458293825098,0.0698960115723758
1216.68511134738,0.0682497312200445,0.0741511916461426,0.0824090997715585,0.0791993340524101,0.0764465199305871,0.0873678945787778,0.0267123302186395,0.0718617225174991,0.0861409782922743,0.0823179430265639,0.0764238974661738
1219.63128459449,0.0645085268886917,0.0794400434165315,0.0896128783513351,0.0784673431389411,0.0766123405999053,0.0831800419882185,0.0241301821191072,0.0781528707684295,0.0786496493364809,0.0886615174292582,0.0800253707296908
1222.57538641562,0.0753307308310068,0.0879409696999736,0.109088894281938,0.103813353972609,0.0976271151581745,0.100540518335736,0.034466501435691,0.0895555950887601,0.0907238494738556,0.0983489071668901,0.102486193670793
1225.51741883196,0.0724803028090642,0.0803588722989341,0.0996901061561326,0.0912785464443878,0.0840512500369012,0.0963474394815936,0.0379357081092457,0.0867462430787926,0.0865272634304998,0.102291593957662,0.100766694412879
1228.45738386203,0.0771662858827475,0.0939444618086404,0.106655822555142,0.0946157291721818,0.105057343912526,0.0980294729986525,0.0388035766476064,0.0953004535567615,0.0965591146371356,0.0990546699080174,0.108873768666912
1231.39528352165,0.0846614079896756,0.119586075416209,0.113845556977473,0.115866208109978,0.115886858512888,0.108525510526553,0.0388853027540119,0.102335807941461,0.118531985525068,0.0989227553122716,0.122822365852006
1234.33111982401,0.0741401267898385,0.0991306129971064,0.0832948190666747,0.0910714226015334,0.0982297823411747,0.0881623142428471,0.039633096591967,0.0839819429827285,0.0914482590030479,0.0944815475505271,0.102229874369416
1237.26489477963,0.0715386699824049,0.101183071827116,0.0934337775958939,0.0975716990425267,0.103202409626291,0.102327693266517,0.0431799324242695,0.0864643455726048,0.0968926954335233,0.0936239499769884,0.0909329614247298
1240.19661039634,0.0686801721585695,0.094121012946015,0.0901570970974938,0.0936351198695244,0.102830833626966,0.100327921199347,0.0406765596578807,0.0809868661419493,0.0982666773289421,0.092523280448248,0.103809892529728
1243.12626867938,0.0590484177503821,0.102599576386229,0.087559646490991,0.0876535867348757,0.084908233529341,0.0919590380790058,0.0373870980711196,0.0825161573746854,0.101415997382354,0.0878311861979423,0.105259948688903
1246.05387163129,0.0641088270678077,0.0920483143238873,0.0972356378255468,0.0841633519993109,0.0939392128235906,0.0872619968655268,0.0353992000104706,0.0755173453100903,0.0915995675121924,0.0900715598656488,0.103253633506581
1248.97942125198,0.0616294931409793,0.10346973508533,0.0896316962147171,0.0872470915466762,0.0973720588573689,0.098971702931445,0.0374814302840808,0.0808301672218718,0.098299993422358,0.0947001686775931,0.102041940559238
1251.90291953874,0.0539102287343718,0.117032728833906,0.0849807179579344,0.0944100484638725,0.1005474598042,0.100149417482276,0.0326054781944516,0.0713631190091887,0.0953390005128437,0.0959768966303507,0.0979055264158262
1254.8243684862,0.0472118450615729,0.0911992327947535,0.0841922051045564,0.0911367278495906,0.0945646644037602,0.0942238637471081,0.0359752854398922,0.0804598627857521,0.107116019910093,0.0903142084612422,0.104925499477912
1257.74377008637,0.0630005204965967,0.10690207136539,0.083401589788881,0.086045890057169,0.0929023015894127,0.097113589375551,0.0331130193399371,0.0721245457256988,0.107198638244543,0.0980422568898142,0.0999879964793117
1260.66112632864,0.0471002825494816,0.106791685611266,0.0921571135554633,0.0841274267910291,0.0932717196884097,0.0958390951629252,0.0315980761902253,0.084058305075191,0.100161851854137,0.092373353084211,0.103019047152374
1263.57643919976,0.0396319273459217,0.0954240406862657,0.0868159841636636,0.0808453154048548,0.0872807524980468,0.0796248918743775,0.020764204407334,0.0732554980391681,0.093122228995227,0.0754601039596891,0.104985737687716
1266.4897106839,0.0416181319313152,0.0845907813750967,0.0755623680882296,0.0698490047500513,0.0741665421125487,0.0695324536384662,0.022261903415766,0.060366412619323,0.0799800307459027,0.0791133919956949,0.0907445113029804
1269.40094276256,0.0421979222939524,0.0909075491817186,0.0661258210567332,0.0706442354180112,0.0780890510463086,0.0709498460807038,0.0201143275803689,0.0577057651188322,0.0800516743122516,0.0841990678770922,0.083675246334393
1272.31013741468,0.0409880139904972,0.0840915065544829,0.0757842329933378,0.0664472272824384,0.0692936862966877,0.0738362509108324,0.0136404000852249,0.053716925956032,0.0765626503504609,0.0727788154430176,0.0832467964084992
1275.21729661658,0.0315994212755083,0.0799542736790658,0.0483851038760052,0.0545363230978504,0.0688886827092713,0.0657017980223117,0.0130534188567236,0.0535153147107669,0.0738338486052541,0.060877687820774,0.0751125542350757
1278.12242234198,0.0342214671096737,0.0763520757741937,0.0546310215990316,0.0562319453753801,0.0679731742091188,0.064914277172831,0.012089371356158,0.0516067835545662,0.0693237777584438,0.0551929075866777,0.0691028587094029
1281.02551656198,0.0323705558943279,0.0770369649734096,0.0624672684569492,0.0647298885061895,0.0685818238287842,0.0636369555021382,0.0119285600562497,0.0582221073064707,0.0709116397294801,0.0600299283250448,0.0734540302186385
1283.92658124513,0.0263022326177481,0.0694134290973919,0.047795945958249,0.0618853474534716,0.0592705561358923,0.0523187204122709,0.0119809275983339,0.0475951907397216,0.0610602829021634,0.0509923040168645,0.0650518732722771
1286.82561835737,0.0184443219409552,0.0497296129418359,0.0460822323891744,0.0415744082324391,0.0547898205662674,0.0478580435952678,0.0152880523512612,0.0471974361810105,0.0496821804034785,0.043626964096402,0.0635570280551186
1289.72262986205,0.0351205222735295,0.0552369390489909,0.0430038281083702,0.0514279675317437,0.0431868580923629,0.0485407713606318,0.0137695536751139,0.038651489537314,0.0446566124393742,0.043435283020108,0.0471836085018465
1292.61761771996,0.0314787603926769,0.0569921436906825,0.0412889640023974,0.0444957955076662,0.058286071076388,0.0519179970940725,0.0209988837498707,0.049997401148897,0.0551337277849235,0.0444378065658856,0.0600352994026019
1295.51058388929,0.0415094496943101,0.064911183250053,0.0486673981592537,0.0432325632335682,0.0596511009149443,0.0584796572116221,0.0265803752356903,0.0429645162019086,0.0630678735067538,0.052614244809728,0.0718242480975041
1298.40153032568,0.0266221496466614,0.0521947351231854,0.0446785110130992,0.0412876160620697,0.0480450421235884,0.0466742922341959,0.0205723958286813,0.0412353019677149,0.0605800993902785,0.055287987202958,0.0583734791643027
1301.2904589822,0.0320522926350432,0.0585061919902926,0.0402348223480397,0.0361661098720712,0.0478825158456664,0.0466252990474727,0.0249920874630758,0.0436731242571362,0.0441121685359836,0.0431309869630104,0.0568787877238845
1304.17737180936,0.0316042054058262,0.0417704291813721,0.0382919195459328,0.038982119001797,0.0400898118510928,0.0421690896302551,0.0323945229165452,0.0425102144641829,0.0515349644410345,0.0424535719425842,0.0479454137108914
1307.0622707551,0.0328172567314698,0.0542467846139359,0.0347577716559361,0.0345391451463033,0.0460298484813536,0.0367344643183852,0.0306589397292064,0.0345258020189539,0.0477736963250494,0.0353170467840948,0.0395440221533348
1309.9451577648,0.035819298936247,0.0423362008513126,0.0348614039180737,0.0373535111956377,0.0501893154291351,0.0403627255456403,0.0328595311733607,0.0392344646152708,0.0478243179893557,0.0379861235879601,0.0399110432895487
1312.82603478133,0.0374157642007211,0.0491862187476986,0.0424677835488652,0.0453839962921735,0.0479906236662587,0.0464415351469211,0.0343659100858179,0.0376901856914846,0.0488911395200734,0.0511784622042327,0.0410760703965402
1315.70490374496,0.032239697184167,0.0268255618885905,0.036206798350952,0.0318664860613458,0.0229030627437465,0.022398437225204,0.0329082140221221,0.0327349541116532,0.0433492884103258,0.0325584428931965,0.0286921910536369
1318.58176659346,0.0242523875412224,0.02617383779815,0.023126150286202,0.0290089221593082,0.0324031289839126,0.0316644673637294,0.033525628636969,0.0266423777754159,0.0337405394419903,0.0292456287021027,0.0272027020604848
1321.45662526205,0.0368391194133574,0.0485712179836889,0.0348268409782163,0.0388528393099248,0.0426663575422007,0.0394629304480791,0.0338121236886563,0.037979916111808,0.042177658183905,0.0443496384366925,0.0472352260282059
1324.32948168341,0.0241241757656308,0.026482463573001,0.0244760953305068,0.0276026779095628,0.0264806436094013,0.0244870428848818,0.0299541254157559,0.0246869341788026,0.0323147570302576,0.0314685065094244,0.0308702727591971
1327.20033778769,0.033133591588772,0.0373590476809037,0.0184459561157391,0.0206619995502092,0.0240287236096847,0.0269017540124414,0.0292610325465695,0.0307189144594852,0.0288062692962098,0.0291112835853524,0.0309795826151492
1330.06919550253,0.0241251894266272,0.032425504839725,0.0185553598749814,0.0198455273260464,0.03378486726103,0.0153589791440443,0.0293267624544916,0.0210252204931776,0.0298731808842641,0.0298633488311474,0.0289652574313023
1332.93605675303,0.028151779979722,0.039553786059393,0.0250317931082877,0.0271947682135658,0.0244677074648237,0.0256155108561688,0.0243398354183431,0.0264885613533026,0.032719773332587,0.025592459878216,0.0277500087376862
1335.80092346179,0.0225946350534134,0.0343562191390244,0.0242346671684541,0.0188939297337074,0.0253243221282305,0.0209351834088435,0.0250153305585513,0.019447244392348,0.0287044335971791,0.0294540441993468,0.0254741761341911
1338.6637975489,0.0112873079618217,0.0213888765538738,0.0179828659922463,0.0214808859393851,0.0221128513114482,0.0297275335512686,0.021273744486721,0.0133533053581803,0.0178272628988371,0.0266186000794124,0.0213408441065012
1341.52468093191,0.0190217912942605,0.0167318450619403,0.0103687198403937,0.0159029944155039,0.0155963848569227,0.0181953047400225,0.0231495473642874,0.0108593805527349,0.0191511602210405,0.0216307986922632,0.0145530898525209
1344.38357552591,0.0142332478823764,0.0182413198424441,0.0059392974657058,0.0178108976739872,0.0159479692110133,0.0110743796744367,0.0174297842895436,0.0123445197366316,0.0120884697558031,0.0130556104870622,0.0194582642093091
1347.24048324345,0.0183910510864398,0.0264534483501402,0.0199269898426732,0.0247097124002978,0.0208788488867511,0.0201206025078364,0.020778628183286,0.007767083730705,0.0289190025921599,0.0212242293233119,0.0286172250358315
1350.0954059946,0.0280447906614712,0.0295763943922644,0.019821345551349,0.0173199355025015,0.0199619319708022,0.031619136188401,0.0236608028740441,0.0122845121242049,0.0195713060391257,0.0279584100670749,0.0340594736854922
1352.94834568695,0.0169969279980536,0.0246623211153435,0.018126564765662,0.0171895174656408,0.0226072983979847,0.0225487031324155,0.0204457996825376,0.0160446136368313,0.0181043445566735,0.0198637291487186,0.0132016522004558
1355.79930422558,0.0262692441051753,0.0229673508325176,0.0155248157702814,0.0254526961030463,0.0344101681086137,0.0267068705009941,0.0233029251431201,0.0156370811893032,0.0359559310591303,0.0246861869213443,0.0207757570682276
1358.6482835131,0.0245523169095698,0.0210076414055194,0.0015582317381393,0.010354829986912,0.0179852946063429,0.019113037905659,0.0240588096096183,0.005377954508327,0.0169545499480315,0.0161151247874444,0.0113491394594738
1361.49528544963,0.0334433517327151,0.0219993462312063,0.0126025746636021,0.0154454787193846,0.0188565375068792,0.0154415312214812,0.0285257975019751,0.0125506637571711,0.0208303916545105,0.0175912001941347,0.0231812097400982
1364.34031193283,0.0340289807756146,0.0195106101642863,0.0191027690220184,0.0171354720416924,0.0225276615038897,0.023039804943238,0.0263507428936499,0.0140402427050019,0.029791657324234,0.0257658896918767,0.0246550913417063
1367.18336485787,0.0421555881461359,0.0296215981528575,0.0201495873607479,0.0170126822753926,0.0223864026885708,0.0218253775364776,0.0316558813394535,0.014962414176989,0.030621609603999,0.0413568279463267,0.0237416199725194
1370.02444611745,0.0306033703539904,0.0086483894837671,0.0125602957095369,0.0107676326163573,0.0151266855247028,0.0149822013348759,0.0302735990455026,0.0141804604757304,0.0266246061304599,0.0148520885273491,0.0276145501681506
1372.86355760183,0.0400106062252995,0.0246633035803557,0.0222526199498426,0.0308358011512072,0.0299958575062038,0.0284708917766454,0.0359175864310842,0.0166206356725868,0.0322885165693214,0.0290111951902937,0.0232552734112413
1375.70070119878,0.0357453217208373,0.0235303249012054,0.0237637941614639,0.0295850228623556,0.0255393424522102,0.030698178013073,0.0421851132881103,0.014514844464447,0.022958905269551,0.0257112574985065,0.0279337313320586
1378.53587879364,0.0418327944648444,0.0336576730440087,0.0325535460487677,0.0328729266122876,0.0373625231899626,0.0334198784759879,0.0363162537936361,0.018662856431627,0.0382865766382067,0.0391564770189055,0.0419157372356965
1381.36909226928,0.0351423786786786,0.0306574770435504,0.0163387579040379,0.02482224599562,0.0217219765274515,0.0204720766395074,0.0394264275264067,0.0139073060197658,0.0287083463985654,0.034186186004494,0.0301305671551342
1384.20034350613,0.0324151256915961,0.0220338742394543,0.0171787488427651,0.0154131419197599,0.0259219496860246,0.0290812238277273,0.043069525884244,0.0051744082141295,0.0244706642358193,0.0222815311950456,0.0172873509624085
1387.02963438217,0.0317342369932331,0.0302990779053833,0.0093833924624139,0.0232451103649396,0.0242759210429143,0.0220211161144531,0.0412514115129101,0.018989970783913,0.0255736966918659,0.0211426851048633,0.0249071544625915
1389.85696677295,0.0347611546350335,0.0353531822056211,0.0240995178053039,0.0154292055660162,0.0274656295861756,0.0294158518612707,0.0407836601830631,0.0206812256540048,0.0284591830716056,0.033161696279339,0.0304065010583461
1392.68234255156,0.0413681267885011,0.027012327996243,0.0219960467895319,0.0175963653954861,0.0189601539024358,0.0142840780337423,0.0365347511399582,0.0180165074440646,0.023722906884621,0.0250912705484999,0.0210324492797085
1395.5057635887,0.0357085010215214,0.0218926808917979,0.0223976836539253,0.0154569604499501,0.0211401590361398,0.0219344217378846,0.038722605111438,0.021606156774261,0.0263611419149455,0.02443837411601,0.0185716957796348
1398.32723175259,0.0296672836425683,0.0283024499696965,0.0228037381508422,0.025115463893471,0.0261217364211616,0.0281208300112753,0.0376289191554788,0.0202716029705709,0.0195986702975471,0.0209179509227303,0.0286039035107922
1401.14674890907,0.0376857897572121,0.0317697192737054,0.0273066039634156,0.0173120005174728,0.0232234029700862,0.0289248784003392,0.0382492283102718,0.0138234414104541,0.0212276873258974,0.0229018028549569,0.0229660788287167
1403.96431692153,0.0211689185296881,0.0183585695658235,0.0143083453494425,0.0095119343600664,0.0116822899232259,0.0150400659076158,0.0320000975394463,0.0198824411737372,0.0137104210684638,0.0112547471434367,0.0098947235228409
1406.77993765095,0.0238240171513132,0.0148692747386987,0.0145010988594985,0.0178198329504282,0.0133705060679579,0.0067941179035814,0.0268290339766205,0.0140071013674309,0.0219559567627866,0.0187461487399267,0.0204758370937008
1409.59361295591,0.0175351395955042,0.0105819315521223,0.0096971185804261,0.010934294732073,0.0148089612633662,0.0125142461948646,0.0284135718608137,0.0090814345211447,0.0019924601437334,0.0154771694670027,0.013261794215683
1412.40534469257,0.0109927502954998,0.0146087838913937,0.0162656821331785,0.0,0.0070963878233872,0.0091788331115608,0.0201759705646419,0.0075686698016612,0.0112632924313395,0.0131683223790444,0.0158846060229192
1415.21513471469,0.0177441798691823,0.0097978129329093,0.0085164536558318,0.0125987282163897,0.0164284972465921,0.0078090662136327,0.021237871162025,0.0096583865591076,0.0068132192421647,0.0154076178243544,0.0100117359081829
1418.02298487361,0.0146570471063326,0.0082092879713733,0.0035007494337558,0.0,0.0051651781606991,0.004486478366027,0.0248773648191067,0.0,0.0003343682408793,0.0,0.004145446290032
1420.8288970183,0.0189849178690991,0.0157394319293042,0.015541770866921,0.0061137736654494,0.0056059846266765,0.0082729863004972,0.0188761215815949,0.0022879933484304,0.0030105684664505,0.0242026227013963,0.0059909694328431
1423.63287299533,0.0210147614839931,0.0128241779789618,0.0137200710692356,0.0189821903888309,0.0141905027791271,0.0103518582797148,0.0266264119802168,0.0051437323625084,0.016621164390483,0.01808139753039,0.0126258465516083
1426.43491464886,0.018701768797455,0.0233159301386071,0.0141776142734274,0.0239162195163617,0.0077751638244582,0.0188053467645369,0.0287785409200173,0.0174759431746041,0.0104112175059211,0.0100505839491457,0.0128911698627982
1429.23502382069,0.0206088802770204,0.0113024626104869,0.0060017320302071,0.0134308434162569,0.0105211236219116,0.0147753205465419,0.0281941479734658,0.0140849924392304,0.0103066274564023,0.0101564188392085,0.0099753934037207
1432.03320235022,0.0230298380438954,0.027436462213854,0.0055617649439895,0.0090743782809808,0.0036083430777246,0.0092829664998161,0.0300968142464723,0.0190338568644896,0.0145283208537518,0.0090705042074492,0.0036129663796467
1434.82945207449,0.0194466479883736,0.0288376233972819,0.0219518537149547,0.0131152352889859,0.0175561929510671,0.0214316357021578,0.0368485543330441,0.0173543800107493,0.0291765886018039,0.0223405130883673,0.0161222041764188
1437.62377482814,0.0283910987828905,0.0168461128799995,0.0262986602848133,0.0192024601946423,0.0223542327891766,0.02109718324912,0.0335509426897328,0.0206044153061918,0.0128212390774613,0.0234161401602876,0.0275763067303043
1440.41617244346,0.0264749487370978,0.0161183325082947,0.0199664551475554,0.027789815561667,0.02385213549112,0.0136678195210549,0.0408711622810283,0.021773605186113,0.0287517191015135,0.024017963385006,0.0169858251092724
1443.20664675037,0.0323577566727896,0.0194183701781083,0.023644177715692,0.0232266222830787,0.0273908905291114,0.0216756701148221,0.0408220199156719,0.0259777713132203,0.0164747492955638,0.0322786460601021,0.0167652801416446
1445.99519957643,0.0469340641864752,0.0342504425242355,0.0314208652897329,0.0315976986209951,0.0411090445814496,0.026262569468637,0.0441686494389774,0.0332169919170253,0.0380089147693183,0.0470023013701725,0.0351512650838393
1448.78183274682,0.0436209575407358,0.0289903787297682,0.036248817173847,0.0320354220407926,0.0416087989642404,0.0342862051583978,0.0476406974849723,0.039701928106698,0.0313359490217817,0.0370941746154571,0.0325558998139244
1451.56654808439,0.039416235342625,0.0325826190238327,0.0381281773603386,0.0322519124412046,0.0344854528438506,0.0305621606303038,0.0528733936855043,0.0359591572413989,0.0292443801941533,0.0298221888645721,0.0344857080817456
1454.34934740963,0.0376428690158533,0.0343072085146563,0.0306933004601279,0.0288449427851755,0.0380505805685032,0.0280709114363115,0.0547341340148696,0.0344938192014078,0.0238549623406691,0.040016429993742,0.0263278179271916
1457.13023254068,0.0411126686692626,0.0250521931926082,0.037588636747806,0.033155818402202,0.0286520272517232,0.0366090968460278,0.0507246813469982,0.0360639011481623,0.0309266390138223,0.0365820190166369,0.0367770641547354
1459.90920529334,0.0466305712694763,0.0326900403900187,0.0317597533647556,0.0433700606193603,0.0365547321045185,0.0311957863515107,0.0539721744351065,0.0401010814238443,0.041055084447097,0.0374584956735117,0.0467037902132289
1462.68626748106,0.0351537032306613,0.0320286089194771,0.0384425661975228,0.0286398352595346,0.0258988368171327,0.0206479256941734,0.0451716913972745,0.0274688230823961,0.0293314176489481,0.03020796563305,0.0329930494287209
1465.46142091496,0.0411895431107818,0.0367362066724816,0.0376304581245597,0.0356908981081575,0.0409372719326862,0.0294569851559379,0.0514869745613132,0.046103539838526,0.0336276804235737,0.0394674121501579,0.0389526469651216
1468.23466740383,0.0304861176683704,0.0226926881208318,0.0261406386727701,0.0293656983722339,0.0193601785870353,0.0135386923524419,0.0470259944770164,0.0270376345565457,0.0303058236209069,0.0224214021227523,0.021806388994525
1471.00600875413,0.0268154819611554,0.0335827661975857,0.0321646508667218,0.0203250524941137,0.0270383198216925,0.0098751145364607,0.0477330179943105,0.0274916500842407,0.0297871297975275,0.0276262909654108,0.0187512874182048
1473.77544677,0.0338843259801645,0.0249179955926992,0.0318308648509646,0.0366953832070041,0.0260771146905304,0.0214054118171755,0.0492927404643344,0.0340132191575701,0.0252090204175612,0.0270965611124686,0.0263335434429577
1476.54298325324,0.0300930260345609,0.0264469345400863,0.019455622715328,0.0267607944046197,0.0195286207307748,0.0167806889580061,0.048161913347915,0.0301183027402307,0.0252135802555962,0.0208323215483288,0.0235635814505936
1479.30862000336,0.0334626943679036,0.0218214952323533,0.0245946766125914,0.0188744495219177,0.0206180189389523,0.0126552394864683,0.0458395925890236,0.0267963961250695,0.0219215190881315,0.0217501843351008,0.0192094069619167
1482.07235881752,0.0190704181270575,0.0193499545117161,0.0217848457592827,0.0177998488033031,0.013831442878297,0.0190707073958973,0.0465052456132248,0.0287844381674753,0.0153329611308462,0.0135850347202809,0.0223047425248584
1484.8342014906,0.023981375132502,0.0131363576232539,0.0210297155244305,0.0228566625029677,0.0123940991692551,0.009086610322351,0.0477058402351714,0.0256614750566364,0.0123107933284484,0.0181037399878968,0.017439534997635
1487.59414981516,0.0251896375072068,0.0136330547934447,0.0264217499844117,0.0229305487617788,0.0216470390371553,0.017970820503207,0.0465339401570044,0.0208381052042988,0.0146344025031919,0.0188019615116539,0.014444583813086
1490.35220558147,0.0198833669084273,0.0144080772929117,0.0184088475462667,0.0137119204195903,0.016666205074441,0.00310824983314,0.0437163701580332,0.0169670562877463,0.0172203994979794,0.0221380902566366,0.0130543538972504
1493.10837057749,0.0161147643875163,0.0226977154772905,0.0217724719319658,0.012439702377737,0.0190696612545892,0.0193600570800786,0.0452046435181775,0.0240906095867612,0.0248982676549252,0.0166308747693195,0.0156602479535243
1495.86264658887,0.0232143687348244,0.0208137791264706,0.0169604946750934,0.0209286591780966,0.0118175195505988,0.010885683182674,0.0403678404439233,0.021556090119566,0.0203841682124726,0.0154361736532872,0.0105718775714549
1498.61503539899,0.0204764036141839,0.0092924041297071,0.0148859440644131,0.0180840304404605,0.0150019111369297,0.00903441303473,0.0432899960143156,0.0188373233748267,0.0054574206400454,0.0171189449680631,0.0078857688490771
1501.36553878894,0.0287345786665042,0.0331586656885883,0.0237336498701493,0.0215984256783738,0.0248080353620654,0.0218886058062669,0.0481104208675278,0.0259765990316995,0.0296826637684242,0.0214401141668231,0.0315145453386411
1504.11415853751,0.0220427507679732,0.0221953230222213,0.0209958595243396,0.0110575428567253,0.0104622183105078,0.0146704079602548,0.043107486287374,0.0333107533760507,0.0213822048559317,0.0197887560076723,0.0123779193735679
1506.86089642123,0.0297981913640689,0.0184793240977379,0.0207685483767496,0.0195782806390102,0.0190154997483171,0.0199536988344782,0.0463635946017158,0.0277661293174925,0.0141074662148533,0.0200584498562413,0.0145082867256709
1509.60575421434,0.0339791621929838,0.0217428424146448,0.0198689170854841,0.0276536067135834,0.0321562862760983,0.0223089428309732,0.0484286815266756,0.0290481971953179,0.0192965755921475,0.030381971088736,0.0190415340284611
1512.34873368881,0.0336910595364231,0.0161736886085784,0.0214800372105231,0.019859431212096,0.0178392876536116,0.0168379638427459,0.0520288196667341,0.0327991312225413,0.0191572796344821,0.0196639963114865,0.0227894789700317
1515.08983661433,0.0358358774196937,0.0250885246735447,0.0137796855682609,0.0143420161601559,0.0170116037441602,0.0140722585122093,0.0513939758303261,0.0221557000091271,0.0139438860439913,0.0115849922915145,0.0199069995644269
1517.82906475833,0.0411805567415679,0.0243669715243293,0.0188212487904047,0.0267526194350204,0.01365064047068,0.0206247041453891,0.059245627157523,0.0287604313285604,0.0232281896123544,0.0286295911006831,0.0287271589367222
1520.56641988599,0.0443569880641367,0.0316975600714135,0.0275107243720577,0.019664823467886,0.0204730372455801,0.0232699732590581,0.0563654293937526,0.0283605113849562,0.028201200741089,0.03013451610029,0.0234777601782182
1523.30190376021,0.0357791833826812,0.0288560570901382,0.0387114604481705,0.0373100940169603,0.0290860350139589,0.0244573623933649,0.064107170407371,0.0361140997678836,0.0263212987863958,0.0345180039673783,0.0283371391612147
1526.03551814165,0.0426716012569052,0.0308509270500265,0.0369636556156258,0.033415812499835,0.0433046916705757,0.0356980336500518,0.0640703670305284,0.0425474866448757,0.0320767076376208,0.03436510690913,0.03374044919875
1528.7672647887,0.0463734166640521,0.0344662531381943,0.03613592697268,0.0347476931032061,0.0354073245430519,0.0293166811054295,0.0634789377156059,0.0387554391852679,0.0375880755954949,0.0351774480431648,0.0325141024827716
1531.49714545752,0.0416443119659435,0.0187977106560406,0.0180401549335637,0.0295108547603105,0.0270119944381843,0.0173142524178422,0.0610607316946104,0.0319380770271487,0.0248089805092469,0.0245169394398734,0.018281555294406
1534.22516190202,0.0454836737636473,0.0331585893337211,0.0361044755942697,0.0415222877308127,0.0425344879551947,0.0408367902582288,0.0616773216405302,0.0431273412491036,0.0356787718290752,0.0389807441726399,0.0303658016125759
1536.95131587387,0.0465160587933421,0.0309159523666435,0.0339454339386148,0.0349434216169373,0.0336523731883605,0.0268995076767765,0.0653742669673882,0.0342386532825561,0.0412213882948726,0.0359920410683408,0.0310383215254227
1539.67560912248,0.0490872356971439,0.0412826179026769,0.0302061169268887,0.0401692235379333,0.0369892049492856,0.0306085784207869,0.0651091461829764,0.0444936386360862,0.0345742056275965,0.0385137873897549,0.0412891499700731
1542.39804339507,0.0512800416733769,0.0331700473049216,0.0394372618091883,0.0404146068511239,0.0438979277723503,0.0240437248426981,0.0586099923440304,0.0454709775192188,0.0393758159113251,0.0374566507911865,0.0411913582890059
1545.11862043658,0.0444030642546369,0.0368630632925476,0.0298095638983845,0.0427113443578154,0.0350496475779253,0.0236144702937383,0.0620069597238556,0.0447498040813764,0.0355463690635674,0.0364086937217112,0.0262282666992637
1547.83734198977,0.0412378856425128,0.0309213234432271,0.032470542085202,0.035718185855664,0.0323168280020841,0.0303006266870797,0.0599423514195229,0.0381617155930663,0.0436743543854893,0.0308252951150655,0.0296118857705094
1550.55420979513,0.0383335612486116,0.0271372491688552,0.0274132265877489,0.0287351632790996,0.036971281774315,0.0223047458532,0.0543698013755468,0.0355595711363637,0.0337669941428908,0.0307528456299351,0.0276955168227311
1553.26922559097,0.0479607057104439,0.0332832015075434,0.0253233715917425,0.0310623921737654,0.0340076736638777,0.0351398857138498,0.0551952111416172,0.0375119186478425,0.03378392748484,0.0323643215920301,0.0271216941958563
1555.98239111335,0.0455783679313814,0.0241666775353072,0.0284746638304764,0.0302244359891,0.0277497415569154,0.0266805075052849,0.0542849643206566,0.0443978020410305,0.0269495658889971,0.0308758977031443,0.0347986549327442
1558.69370809615,0.0432014416251211,0.0201563502794708,0.0209524278632428,0.0250872664555352,0.027862193680005,0.0253370763557247,0.0507301826970624,0.0395433298115141,0.0328357698378281,0.0262876859351028,0.0270796526233377
1561.40317827101,0.0436420130073131,0.0242004756702815,0.0354958425824433,0.0254046638613183,0.030530216849791,0.0188638769628819,0.0492114036611209,0.0371593622684204,0.0278040973561547,0.0305596999422231,0.0207036402205022
1564.11080336739,0.0396144510088089,0.0212907731974784,0.0277709281614689,0.0245987101589104,0.0301586699235842,0.0234256061678563,0.0431393451856527,0.0325090504124092,0.0189716561122974,0.022642641751742,0.0353322944757657
1566.81658511252,0.0378932386794485,0.0151794898818581,0.0227867811740783,0.02153537930407,0.0188634056717441,0.024572262087965,0.0494649249730587,0.0293820437106982,0.0325190306121411,0.0238252617003272,0.0255317561178239
1569.52052523145,0.042568740162231,0.0251633713352286,0.0312292382040008,0.0361758138318966,0.0337769679819433,0.0259777445930246,0.0495559460546662,0.0359260305568007,0.0366739871195039,0.0381740489301878,0.0306251795724666
1572.22262544705,0.0381747030408805,0.0222976865865542,0.0264979104554411,0.0263298345004601,0.0326804706824626,0.0202946510568673,0.0419579649491321,0.0337616756807364,0.0263530991480972,0.0200022681511712,0.0216518351754891
1574.92288747995,0.0368541532293407,0.018374937146366,0.0222342126209036,0.0264756570759082,0.0239669807054421,0.0214834373565561,0.0425316534288936,0.0317945570089567,0.0236700474484126,0.0209768654636219,0.0169449124981108
1577.62131304863,0.0396297744511279,0.0284037471245141,0.0298060568219224,0.0273134021936677,0.0302721618582167,0.0226865374865096,0.0439603439799444,0.0336248724205271,0.0255748433775896,0.0195701051929077,0.0266010677932859
1580.31790386938,0.0412609261593429,0.0188832193220881,0.0287515972640099,0.0324724791723658,0.0325212749668109,0.0275778590929727,0.0462440957725233,0.043231765099225,0.0224088040776305,0.0284596623787066,0.0197996114106569
1583.01266165629,0.0458379767554153,0.0259946430412119,0.0279378215783795,0.0321993214679848,0.0355467643567806,0.0324837623956375,0.0482013250632097,0.045267540724194,0.0291686657502146,0.0318585163223799,0.0284243283397033
1585.7055881213,0.0474811735510502,0.0205252347091975,0.0346402378477342,0.033298957536961,0.0312101530619855,0.038873888205272,0.0456963051013652,0.0440903055283617,0.0333997619502511,0.0355075663686205,0.0274998570488116
1588.39668497415,0.0524538494637118,0.0354402047779601,0.03635443313963,0.036225175870941,0.0398581254937486,0.0298490410587675,0.0433646852479559,0.0523952138394976,0.0315437220506754,0.0379717419348301,0.0263257416833041
1591.08595392242,0.0607560291938981,0.0302704145191551,0.0439935894014167,0.0412049318071063,0.0419072721209606,0.0443513031750908,0.0499328461724553,0.051234505711802,0.0431724953247196,0.0425999440668192,0.0349986226504022
1593.77339667152,0.0686809371110162,0.0433412145934664,0.0507371810372265,0.0550432252446931,0.0495656511483199,0.0429490296986456,0.0529477758164761,0.0550086325454065,0.0454100809867885,0.0484354965059211,0.0399681031929627
1596.4590149247,0.0725218962693795,0.0363275726816439,0.048400582243688,0.0530157823760383,0.0396892338225966,0.0518485515730292,0.0548638035842644,0.0610649824302541,0.043340206145327,0.0471065826670936,0.0380459822115371
1599.14281038303,0.0704895166818562,0.0470187987353168,0.0553996528583817,0.0530422491145111,0.0565318526896867,0.0492523460487596,0.0543175130480228,0.0614455646877742,0.0445883807056349,0.0567923882639585,0.0446428211228299
1601.82478474544,0.0673131432085643,0.0405739745944331,0.0451340201712525,0.053081290452947,0.0436320428126156,0.0481411705572229,0.0541267447897417,0.0504660850192041,0.0463587731483466,0.0475932602636785,0.0435512741264035
1604.50493970872,0.0531504470669862,0.029589605883955,0.0428401927454151,0.0440598281761101,0.0442263023966628,0.0421472933474275,0.0545642607749431,0.0440428115788178,0.0349258178522852,0.040080337658659,0.0310517128636706
1607.18327696747,0.0513930024862657,0.0325584748910669,0.0332854923719798,0.0375462994065688,0.0382225596024977,0.0295563854540012,0.0554028761987509,0.0444496493451078,0.0418079410672479,0.0364065528012938,0.0273372687214167
1609.85979821418,0.0514316883596242,0.03393621509766,0.0289746242843948,0.0267358999059374,0.0396092354396699,0.031921455069765,0.0510067266539294,0.0410758156148544,0.0354869750807302,0.032984046742985,0.0324081270502845
1612.53450513917,0.0468753083659325,0.0305068624058328,0.0269521100255825,0.0338582808901551,0.0366871736816865,0.0274448511261094,0.0477388509359171,0.0392268452199116,0.0312138490728102,0.0319657439498514,0.0324481549147037
1615.20739943063,0.0337611214326226,0.0230745805058712,0.0206247278084844,0.0310132736910014,0.0289478316935561,0.0244539597842679,0.0479175252546211,0.0315130621724183,0.0254301751910344,0.0280893628583705,0.0279888947441606
1617.87848277462,0.0324137876980894,0.0255760385208953,0.0272717729948661,0.0322645760663612,0.0339403559487273,0.0298066780929883,0.0420884551152724,0.0332825517309089,0.0323702357160419,0.0266174318439937,0.0192961797286607
1620.54775685504,0.0350359982802155,0.0297030834859566,0.0196104888067532,0.020146223315059,0.0303008806763234,0.0275833563835605,0.04266071074181,0.0346823770372336,0.0266160659892622,0.0320948919847351,0.0207178938884057
1623.21522335369,0.0389434076081217,0.0156231020249204,0.0233324104180117,0.0175684148265905,0.0307462214781922,0.0199883912351439,0.0403161218076412,0.0364705552795352,0.0267230210112406,0.0287346188949509,0.0248146348416094
1625.88088395022,0.0429856122126212,0.0409584591653293,0.0411659387329482,0.0410900847329248,0.0423978611674301,0.0403310562089296,0.0394639403542084,0.0481212479595379,0.0385374111383764,0.0457192043312716,0.0525766903489457
1628.54474032218,0.0315674561500109,0.0202140381630037,0.0169539262636958,0.0228884066284057,0.0273602217950475,0.0192991102343975,0.0307852659378918,0.0309802958376789,0.0185943604765046,0.0198997985728615,0.0232319844399566
1631.20679414497,0.0305105668330277,0.0185164587699239,0.0225414948438418,0.0230741323468709,0.0207314720162001,0.0274296836851,0.0324636246600147,0.0237020031303515,0.0223055701014053,0.0192095265317837,0.0223354751790035
1633.8670470919,0.010157943849116,0.0010244692152065,0.0044996172883085,0.0080760809858744,0.0034366532665171,0.0108403968973611,0.0263607504342066,0.0092330275834556,0.0059518729239591,0.0092035412110113,0.0073755260815392
1636.52550083414,0.0188307610101593,0.0055278545859214,0.0053445053401176,0.009197461052396,0.0085395259273117,0.0043101266095995,0.0219777582057475,0.0072798104136709,0.0076607864666527,0.0078221264251778,0.0017338487508578
1639.18215704078,0.0167727499681971,0.0092457817157682,0.010525345451743,0.0164577232988637,0.0078089968464842,0.0051449239159601,0.017905470684823,0.0129159078330914,0.0119273182005187,0.0121949944572304,0.0112560422984871
1641.83701737876,0.0135715300679419,0.0001178576848018,0.0045818309011062,0.0019563423475291,0.0131989858631014,0.0079566502724251,0.0160535313298313,0.0,0.0078217333313176,0.0079701037277668,0.0029954190381208
1644.49008351297,0.0052641891926725,0.0,0.0,0.0022138204658758,0.0005477194745226,0.0012340998315607,0.0151490725957215,0.0075436007321376,0.0,0.0080645225478769,0.0
1647.14135710615,0.0149892774993866,0.0130081998464471,0.0077498301976253,0.0108789349011957,0.0141098101196482,0.0070204065287778,0.0186021582398782,0.0143469502593147,0.012113864742337,0.0105647541658924,0.0112422410155657
1649.79083981897,0.0074638977123952,0.0039373540681069,0.0014011478102677,0.0,0.0106482624406789,0.0,0.0152736129170641,0.0010751518827483,0.0004313610553085,0.0,0.0
1652.43853331,0.0,0.0,0.0,0.002848331017376,0.0,0.0,0.0110284659454787,0.0,0.0,0.0,0.0
1655.08443923572,0.0047082168236137,0.0083668276218489,0.0,0.0081558915171082,0.0058110406083538,0.0056285921721889,0.0167337671211407,0.0,0.0058386746451231,0.0026011320634925,0.0066218950129392
1657.72855925052,0.0069213748496794,0.0,0.0,0.0032710890295621,0.0029096292266237,0.000466020990763,0.0124290511357011,0.0013037992770159,5.22223124332837e-05,0.0,0.0064501212431008
1660.3708950067,0.0087587801558335,0.0,0.0,0.0086092657876307,0.0,0.0,0.0147103259912119,0.0028539268447445,0.000383077490819,0.0034229962005383,0.0009844938991235
1663.01144815449,0.013160791128764,0.0100663893178671,0.0035615010955428,0.008972551214056,0.0098761044404767,0.0,0.0111645949208413,0.0089624676700845,0.0078481216657645,0.0072044865398459,0.0072300528029322
1665.65022034204,0.0045310534187735,0.0,0.0,0.0,0.0,0.0,0.0123863373713402,0.0,0.0,0.0,0.0
1668.28721321542,0.0037074552260737,0.0015617615293112,0.0013183637820554,0.0045288845015301,0.0,0.0008204941418507,0.0123735785302882,0.0060532378639807,0.0,0.0042864980885238,0.0022464659342628
1670.92242841862,0.0068549306278506,0.0079264626054071,0.0032926813746395,0.0106103261480103,0.005961856102642,0.0111819167309347,0.0141729126086095,0.0089732857613358,0.0095036841831738,0.0073946307778724,0.0032398925341985
1673.5558675936,0.0055360358587308,0.0,0.0,0.0010560569061566,0.0003694551398364,0.0024584930220176,0.0119640701642468,0.0,7.84848823237962e-06,0.0,0.0
1676.18753238021,0.0116400623054191,0.0073169376434719,0.0059308444025522,0.0153357541737437,0.0034428090502498,0.0106540918467698,0.0149323474568286,0.007646290444146,0.0022222262689652,0.0071974783951417,0.004758306733153
1678.81742441625,0.0073971307296016,0.0129396398285775,0.0127337053306738,0.015794685066361,0.0052628941254663,0.009806965483846,0.0100273138864535,0.0064312093881365,0.0039460882122914,0.0077197044491315,0.0092691287549197
1681.44554533749,0.0045686712252201,0.0025025067909681,0.0,0.0,0.0,0.0021215483125951,0.0129370289204867,0.0,0.0039086462844359,0.0,0.0
1684.07189677761,0.0062230055873128,0.0044151302428635,0.0041129211353785,0.0029247783308378,0.0028547730045806,0.0057223366914316,0.0085189925250149,0.0072565380225498,0.0069395552422853,0.0107239828889735,0.0016158799287923
1686.69648036825,0.0058402247420324,0.0034008799624156,0.004832186666925,0.0086504952565231,0.0,0.0,0.0117341344304265,0.0022860912180259,0.0013464319134121,0.0065085417143069,0.0008773009242077
1689.31929773902,0.0096847042184527,0.0056242281709497,0.0,0.0,0.0012850146137854,0.0,0.0091676113233763,0.0016855001260328,0.0089893505375367,0.0042224539086415,0.0009576815470382
1691.94035051744,0.0024152752955912,0.0089412135176289,0.0035984621280144,0.0088104976618006,0.0059970156623112,0.0080719892903679,0.0119607785828189,0.0046969153414415,0.0047040991324637,0.0081715407811319,0.0034513913618995
1694.55964032904,0.0079388002292383,0.0,0.0,0.005967076853775,0.000300402802649,0.0,0.0066529726975748,0.0,0.0,0.0,0.0
1697.17716879727,0.0,0.007064072828936,0.001076228733494,0.0035944734645013,0.0,0.0041878405320342,0.0069779049898506,0.0005229548083169,0.0076281174974683,0.005831892770628,0.0026599781762635
1699.79293754356,0.0026476552942591,0.0013342087748962,0.0030268913336352,0.0057758997110818,0.0,0.0049706487989585,0.0058413575313019,0.0024331912502615,0.0,0.0,0.0028292947749874
1702.40694818732,0.0016771220473956,0.0050070345738052,0.0,0.0,0.0100330512078104,0.0,0.0051534138071923,0.0026501279961825,0.0,0.0014041975877958,0.0016927112758575
1705.01920234591,0.0,0.0,0.0,0.0,0.0,0.0,0.0,0.0,0.0013537549459023,0.0,0.0
1707.62970163467,0.0,0.0,0.0010376236604184,0.0,0.0,0.0027899829698107,0.0,0.0,0.0017579837448191,0.0013479825802885,0.0
1710.23844766691,0.0009919145707685,0.0040994364076113,0.0,0.0046960144324727,0.0067184577099118,0.0,0.0,0.0016690151394876,0.0,0.0,0.0008115036098245
1712.84544205395,0.0,0.0,0.0,0.0,0.0,0.0,0.0,0.0,0.0,0.0,0.0
1715.45068640504,0.0,0.0006598560486466,0.0024088685489598,0.0019946264183022,0.0060509338839177,0.0079016971426715,0.0,0.0,0.0010547672569302,0.0028243538439024,0.005919679372649
1718.05418232747,0.0,0.0,0.0,0.0013516271238137,0.0002795805201309,0.004668209686932,0.0,0.0,0.0,0.0,0.0
1720.65593142649,0.0,0.0,0.0004676605848226,0.0,0.0,0.0,0.0,0.0033780156428062,0.0,0.0,0.0007595395749127
1723.25593530534,0.0,0.0081366804435757,0.0028243279051448,0.0,0.0038050100874824,0.0016951214964707,0.0,0.0050213953425398,0.0045978137319883,0.0003876665300249,0.009374704250805
1725.85419556527,0.0017833218702142,0.0085316970783393,0.0152054883404561,0.0076990825816804,0.0125933989929474,0.0149368480819199,0.0,0.007435642678563,0.0130212694413291,0.007902602607667,0.0158882267492789
1728.45071380552,0.0,0.0078783335065744,0.0012331618236879,0.0010053449347731,0.0035990972854885,0.0108108745831654,0.0,0.0060730972782859,0.0087558612307124,0.0010826685813358,0.0035609250752333
1731.04549162334,0.0005444345787899,0.0099289574887405,0.0029696803947066,0.004538172792734,0.011412429637449,0.0123403274988573,0.0,0.0068080265557446,0.0090864215269873,0.0064799391035149,0.0103885934168704
1733.63853061397,0.0032632717604376,0.0154877667400048,0.0083649300219795,0.010585159360343,0.0123799484291311,0.0129123549159478,0.0,0.0113459316949461,0.0035914241524841,0.0092637112806456,0.0105981100864997
1736.22983237067,0.0030510855849223,0.0138342887475235,0.0101434090889114,0.0064434261296413,0.006756128055287,0.0127720166252771,0.0019486723466077,0.0071805738747163,0.0080306082768514,0.0005834424671524,0.013489266276557
1738.81939848471,0.0120537231951197,0.0143492176351541,0.0187639725266858,0.0154775601434661,0.0087841408916515,0.0168179633970159,0.0021349115397073,0.0119346029849921,0.0094405685803897,0.0081872774108846,0.0153423589207008
1741.40723054537,0.0126279078350784,0.0218569878157011,0.0103535828787862,0.0138695481815809,0.0090535512664409,0.0164779281015758,0.001451533493281,0.0074170688127007,0.0151928712005762,0.0100682808250114,0.0148290194416082
1743.99333013995,0.0046457918623646,0.0157205395231542,0.0128780902680289,0.0129614857225893,0.0113796002753359,0.0156708566458902,0.003219020266977,0.0133350342183184,0.0102906079887174,0.0076618155177674,0.0156692574514893
1746.57769885376,0.0129105323031233,0.0235456453111517,0.0206535419121582,0.017743974282175,0.0185601690581622,0.0298272140987788,0.0073464488046514,0.0160452977885705,0.0178649570634704,0.0256063378292376,0.0284913907049126
1749.16033827016,0.0232306847166043,0.0346118195177494,0.0332253325389273,0.0288976531298307,0.0285606719852453,0.0261270762599126,0.0109228001858981,0.0212326543989973,0.0183436352869974,0.0201270760010178,0.0277879796984943
1751.7412499705,0.0240998225412524,0.0280139944658666,0.0221731636153452,0.0226045109600076,0.0279012380690312,0.0200008933357219,0.0116739252366987,0.0190437086907026,0.0150312120309104,0.0256699601333195,0.0247187445194968
1754.32043553419,0.031627117524309,0.0348421384083113,0.0266036943646246,0.024043850462326,0.0315880596825559,0.0315327407622586,0.0137389671137577,0.0242587815681411,0.0249583834393204,0.0219025135711106,0.0299120068293219
1756.89789653866,0.0274022519574993,0.0376753802571856,0.0340120630160688,0.0293595332794356,0.0388582566736482,0.0308417803649952,0.0125695054524264,0.0289193756435357,0.0277902941695403,0.0265261843407278,0.0290198921810287
1759.47363455937,0.0257444464208312,0.0394620434981998,0.0328028563816409,0.0310659780203847,0.0349602578545026,0.0350729664473332,0.0191274038366263,0.03207813191293,0.030898516722231,0.0314080502761182,0.0427674815587684
1762.04765116983,0.0357311938203849,0.0337698948475116,0.0373001185699998,0.0355148215282095,0.0402413931171692,0.0407974701754378,0.0156282246181049,0.0314612594183893,0.0314871280258687,0.0375050603200424,0.0382076102219651
1764.61994794158,0.0294911269912663,0.0372160720115947,0.0354537053297221,0.0329520845552839,0.0503780214511934,0.0401777960834509,0.0163086803944586,0.0323745701466061,0.0356567623699966,0.0354882602093268,0.0496162654484889
1767.19052644422,0.0286310345722111,0.0425642962021452,0.0331752032807206,0.0333588391275273,0.0386645958085939,0.0346836276244661,0.0188946370569924,0.0342496855337051,0.0385779976156918,0.032533978559194,0.0405921303614849
1769.75938824539,0.0331510394602519,0.0331977172202242,0.0363762121693208,0.0299300148170695,0.0338416546452863,0.0326425879569742,0.0170181747354246,0.0300755489126853,0.0313544069301515,0.0248150112392973,0.0440826763220487
1772.32653491077,0.0362750703221051,0.0423504911332623,0.0373264892929066,0.0367298251749759,0.0359093589161439,0.035769304245075,0.0174566824639463,0.0297057523213347,0.033812755222666,0.0250094848182899,0.041223051412984
1774.8919680041,0.0349347453979395,0.041345032464399,0.0392092644771509,0.0374259109443969,0.0448678516975109,0.0350016331746209,0.0222116299911808,0.031055995807336,0.0357856789793493,0.0379016814769123,0.0484870855046381
1777.4556890872,0.0388468606550836,0.0521588234187444,0.0433888562136848,0.0474435232371836,0.043676466653807,0.0548323501029532,0.019820589562203,0.0392426206898168,0.0428654456322547,0.040766991779499,0.0531211157860551
1780.01769971991,0.0413631819464591,0.0576389747788056,0.0503201246953955,0.045686667995802,0.0521738932658696,0.054603816600014,0.0205634440935333,0.0423278011533449,0.0527644993182508,0.043173843985188,0.0591108618583976
1782.57800146015,0.0469585850060665,0.0604658010113436,0.0474981780552204,0.0480342710977207,0.0571345715719847,0.0566044600183873,0.0215291468860841,0.0378482469312134,0.0469272886072473,0.0427302827431186,0.0542340719952462
1785.13659586393,0.0442543140730621,0.0571552405819528,0.0474281727187169,0.045412855238667,0.050165409181051,0.0529967733361427,0.0192607069156703,0.0371734890523907,0.0500101449323975,0.043502957703232,0.0586844381511537
1787.69348448529,0.0451406512532283,0.0549438771614017,0.0517017958406931,0.0428130270759641,0.0485616880396096,0.0521083855867028,0.022491765340715,0.0427670099142391,0.0523540778054849,0.0414254577444802,0.057316954428261
1790.24866887635,0.045014982944054,0.0546359125031523,0.0473594120707782,0.0449985674859885,0.0492714686524581,0.0505104624057815,0.0194865506461922,0.0381431785560014,0.0455710231012967,0.0393683954954947,0.0626198911225769
1792.80215058734,0.0400417480998011,0.0540873660402326,0.0516808495732017,0.0546916907242558,0.0502601665246823,0.0594697672782025,0.0201614673720481,0.0371349297885772,0.0540631592432511,0.0483354628020545,0.0557283652600287
1795.35393116651,0.0492712012938585,0.0672352496376985,0.0619378672309215,0.0528379252935689,0.0660253423783451,0.0662502475915958,0.0197857987685313,0.0461850673016107,0.0554620854734914,0.0530174692134757,0.070918445917033
1797.90401216025,0.0457262987714084,0.0570934296034064,0.0519836872236403,0.0507794162153909,0.0568899884085655,0.0590955626253299,0.0207250243953245,0.0440706557243699,0.0571393900445014,0.0505440423980474,0.0648804072710503
