Wavenumber (cm^{-1}),Spectrum_OrigIdxInItem_92,Spectrum_OrigIdxInItem_88,Spectrum_OrigIdxInItem_121,Spectrum_OrigIdxInItem_22,Spectrum_OrigIdxInItem_63,Spectrum_OrigIdxInItem_75,Spectrum_OrigIdxInItem_112,Spectrum_OrigIdxInItem_16,Spectrum_OrigIdxInItem_98,Spectrum_OrigIdxInItem_54,Spectrum_OrigIdxInItem_108
380.958441887711,0.01739142850943,0.0,0.0158902740234476,0.0294490683052379,0.013313003383156,0.0130167660573488,0.0184868700675672,0.0226410692242605,0.0093571938513341,0.0137126674793072,0.0084404462250902
384.515243875205,0.0345653891563214,0.0,0.007619520028365,0.0421200832201095,0.0118204916832376,0.020423211891988,0.0223154643438576,0.0148529564532498,0.0058496318602026,0.019861369188908,0.0174399422738049
388.069349005981,0.014939362370073,0.0217032663337995,0.0138757771886011,0.0254638512616275,0.01804581311798,0.0256235848617061,0.0170321422990649,0.0298498129202406,0.0098604127398073,0.0246428648347705,0.0053191380303171
391.620760167868,0.0,0.0003621445742089,0.0038833117065451,0.0141979740109292,0.0,0.0061809620148407,0.0,0.0,0.0,0.0032455265395098,0.0
395.169480244544,0.0,0.0,0.0,0.0059790169341056,0.0,0.0,0.0,0.0018844585705972,0.0,0.0013051691437457,0.0
398.715512115511,0.0043957595151461,0.0083221142855303,0.0187470921923209,0.0309862283047304,0.0089644943114191,0.0190578406117427,0.0144694417534597,0.0,0.0104900154202773,0.0157209588056284,0.0165415591631107
402.258858656118,0.0,0.0,0.005133113447249,0.0,0.0,0.0047604413754434,0.0,0.0056325289090013,0.0,0.0059515905514368,0.0004261441450393
405.799522737568,0.0,0.0,0.0,0.0,0.0,0.0,0.0,0.0,0.0,0.0,0.0
409.337507226919,0.0,0.0,0.0027734639636232,0.0,0.0007876781739757,0.0063634952033252,0.0,0.0051661735401853,0.0,0.0,0.0
412.872814987094,0.0067863557741631,0.0067251927450854,0.0194351614801251,0.0098651924550515,0.0,0.0002621960580927,0.0,0.0063471060691602,0.0034284781863656,0.0174044292719177,0.0117899705300617
416.405448876898,0.0117893141534967,0.0189827229775925,0.0183925862608742,0.0,0.0069069047990939,0.015264918845754,0.0101487168432049,0.0063618265563874,0.0147488979080615,0.0192279047755586,0.0185921444752318
419.93541175101,0.009609198895789,0.0,0.0,0.0034542908525944,0.0092842373521152,0.0,0.0068636688296431,0.0086001857193259,0.0052284500849075,0.0130388945327352,0.0033042555419155
423.462706459995,0.0175405959001631,0.0012188437081159,0.0168469483889994,0.0,0.0216334183457242,0.0068489521019988,0.015507400844642,0.0128363664848239,0.0105730916051031,0.014124145204551,0.0119897944349356
426.987335850322,0.0,0.001894610012446,0.0,0.0,0.0056683090028534,0.0030364629425648,0.0,0.0,0.0,0.0036521946013001,0.0
430.50930276436,0.0013185524069835,0.0012854709998464,0.0104064222258371,0.000438303774058,0.0241987591027869,0.0146647342985756,0.0124223788948946,0.0099019776306698,0.0226029519754724,0.0126402427398559,0.0140033940821098
434.028610040384,0.0071827130499414,0.0062829195992046,0.0106797949733005,0.0039188470260174,0.0039048184594503,0.0142847730346579,0.0112898620369023,0.0049913877086059,0.0127613699468013,0.0,0.0146048637708403
437.545260512592,0.0024844372059975,0.0133369995376746,0.009053860374361,0.0,0.0105998232793112,0.0090856406095905,0.0081601229672759,0.0106667499743667,0.0,0.0,0.0166333564040297
441.059257011108,0.0,0.0,0.0,0.0087452569360154,0.0,0.0,0.0090884711500589,0.0,0.0080899359655755,0.0,0.0
444.570602361988,0.0071238853925073,0.0050057518359112,0.0092548526885681,0.0,0.0146202392333088,0.014511760353759,0.0,0.0076741714031524,0.0044866805463913,0.0,0.0096977803889971
448.079299387222,0.0275945282005642,0.0211542083855378,0.0069226666499307,0.013754147166613,0.0011851798829165,0.0292764937095794,0.0,0.0155038616834274,0.0204429713649019,0.0023149794559407,0.0174627153739706
451.585350904754,0.0013216536960037,0.0019786908610281,0.0197448961765827,0.0056677799465708,0.0207463329623299,0.0132978146203248,0.0044331695608058,0.0183267848023563,0.0092328765636279,0.0119737565126649,0.0060470163258652
455.088759728477,0.0157769110876218,0.0155590581785903,0.0175663702723232,0.0,0.0280089850602934,0.0136322609976485,0.0,0.0064251811393872,0.0126855162113749,0.0056446484293206,0.0113331741822678
458.589528668253,0.0168867534076521,0.0209639161999707,0.0136970188083376,0.0302929064028508,0.0182185584526486,0.0270123381729003,0.0128425888966383,0.0062406007490091,0.0265161690366467,0.0092504656831664,0.0148951819998425
462.087660529904,0.022145814590635,0.0148520022735204,0.012920254383256,0.0225644958913505,0.0354189098257558,0.0227202966291887,0.0122357510105748,0.0,0.0237908924850102,0.0030722066529077,0.0181878441196416
465.58315811524,0.0206200570717991,0.012677205094246,0.0077492025309073,0.0255051833436753,0.0182991239602539,0.0203633053206742,0.0026682816196565,0.0041858755967113,0.0285871852858224,0.0,0.0086037177036745
469.076024222036,0.015092693780555,0.0286406992321416,0.0233487410904622,0.0275398242325533,0.019662009441975,0.0293094872838278,0.0030643154673573,0.0100000822508178,0.0296826068654597,0.0242885615941682,0.0229957344474167
472.566261644077,0.0248480165267731,0.0360114038340596,0.0287310047467747,0.0283754550707423,0.0189871931677484,0.0192764106695281,0.0190258019554428,0.0065140372839165,0.0213637997774938,0.0144604020621197,0.0276630472633788
476.053873171131,0.0246377968895345,0.0349983313627968,0.03221501933245,0.0287447929216108,0.0252839944974558,0.0273004797338572,0.0263297398126799,0.0219782906054724,0.028116845468811,0.0214366402387075,0.0352133095913353
479.538861588979,0.0057142047760467,0.0260191263201936,0.0250659653904203,0.0150205641924337,0.0250387839139842,0.0237526312056508,0.0225539553614907,0.0062201034353252,0.0379029339677757,0.0197371791576819,0.0286749356559733
483.021229679408,0.0112191712758746,0.0247368001520467,0.0278733238712642,0.0131386524600621,0.0215049603163412,0.0432730696066978,0.0169333739196905,0.0116726440147845,0.0370508046540457,0.0202189864464701,0.0221101818901807
486.500980220236,0.0188861217149563,0.0227979441623892,0.0404292997886492,0.0214877322190214,0.0334520167560408,0.0211566821236846,0.0176436121608272,0.0150575404200377,0.0408643281774194,0.0,0.0208532355107201
489.978115985287,0.0144005992565921,0.0448460126101422,0.0309137969971666,0.0223373242366047,0.0183361561839898,0.0473811136919056,0.030589474108369,0.0102726519683804,0.0330194286570993,0.0179778664188859,0.0377544878992133
493.452639744435,0.002533928062712,0.0438918749261266,0.043625704964698,0.0313666884136452,0.0342176917230177,0.0263041709883358,0.0273081147377224,0.0233091902580117,0.0410633771612385,0.0438380764334749,0.0526900427981527
496.92455426359,0.0204651245168811,0.0617036981741188,0.0330182942007199,0.0301125944864136,0.0390531029896163,0.0483397700117692,0.0347486217717277,0.0094173022911604,0.0556098083067286,0.032218794516519,0.032686159240057
500.393862304703,0.0240569079028453,0.0458628381974029,0.0400631625480035,0.0436325621377833,0.035595377587113,0.0381066620117284,0.021419724123478,0.0255518811563576,0.0607427287247879,0.0433877313617741,0.0538740901430639
503.860566625786,0.0385590534016723,0.0548446357154797,0.048538173070953,0.0478950326279307,0.0511230791637053,0.0526857088148325,0.0342561752773366,0.039167361891458,0.0740107051773954,0.047211186026583,0.0495784438644266
507.324669980914,0.03613751175523,0.0587849990073003,0.0563636404436461,0.0360128107790441,0.0566061050976195,0.0683295552232012,0.0393439004432114,0.0432576616955622,0.0562358768760185,0.0412519167718511,0.0605319992839441
510.786175120224,0.0587422898447142,0.076688563350384,0.0708188298077679,0.0654279695577791,0.0698130562209226,0.0715308464593891,0.0590904990268059,0.0391789370866444,0.0670016857168194,0.051212716297772,0.0573976434644519
514.245084789933,0.0558747001849922,0.0532125326342513,0.0627871618276515,0.0680017388522836,0.0577097873493739,0.0662111981850765,0.0497410973947995,0.0520185289792671,0.0661097154439466,0.0675659581414279,0.0673306187357749
517.701401732335,0.0613331475153467,0.0817093399132034,0.0801033482451593,0.0613184043391519,0.0660940415769497,0.0828716869451979,0.0555049830674871,0.0519431373451772,0.0782506659568961,0.0630582430950436,0.0728741423654525
521.155128685819,0.0685569006111418,0.0790599373510843,0.0724371258580321,0.066772120219232,0.080200590083612,0.0903578382722091,0.0654813989080697,0.063362076640566,0.0803664896542262,0.0753572436278067,0.0730584981790781
524.60626838487,0.0614420527768684,0.0719961408721901,0.0838796875078714,0.072786782816437,0.0747532390380571,0.08169816333945,0.0565056970284475,0.0677425911976884,0.0681719805756106,0.0776526530140188,0.0732178185209702
528.054823560073,0.0680216226431169,0.0811935985479415,0.0788670128532295,0.0740872033693327,0.0705236951296328,0.0775896887059919,0.0553763411455958,0.0576263517042768,0.090640779417383,0.0573145316048304,0.0745645018337978
531.500796938122,0.0626484093915504,0.08305315363742,0.0752852009596622,0.0730180090700729,0.0717666414965389,0.0845686473621724,0.0572486417692916,0.0467999978280668,0.0934940409237168,0.0723963138888994,0.075643906520993
534.944191241836,0.0721628817713181,0.0771571724454234,0.0770860469430819,0.0730961852782669,0.0614641512240186,0.077144703055969,0.0516754728488087,0.0574134927922575,0.0873427679963419,0.0719352329597849,0.0694247675032307
538.385009190145,0.0623683324565577,0.0749922024029407,0.0597276364719639,0.0631847080582886,0.0739029582242219,0.0853837095381251,0.0619741188254559,0.0612149278294835,0.0705542476939684,0.0643512943409275,0.071424670791217
541.82325349812,0.0543394804670926,0.0761407457994589,0.0843573943569201,0.0747901478343912,0.0780500835877247,0.0733373740658823,0.0531687727045612,0.0695052824404351,0.0876138528054374,0.0788933444174688,0.0734000709337297
545.258926876969,0.0598072200056518,0.0829002860488971,0.0715255271343356,0.0692255577497855,0.0581385813097854,0.0771722010022066,0.0449427230397966,0.0630732209907724,0.0703653940853096,0.0588365934277466,0.0782606271978529
548.692032034043,0.0582928098874218,0.0591398997312965,0.0682364124132909,0.0756530162489447,0.0537110872172923,0.0857769559246254,0.0425957934115504,0.0554797685737157,0.0851290720096676,0.0642300490220455,0.0622449343285433
552.122571672838,0.048205545413281,0.0790017291182886,0.0690827082838146,0.0773667158209851,0.0640172903294206,0.0736606487853312,0.0396172450527695,0.0512455063343986,0.0784405715326451,0.0549670671057756,0.0721488098727471
555.550548493021,0.060165103942132,0.0746092364500253,0.0757284716013861,0.0800819652263439,0.0637796948087372,0.0621746510563835,0.0479694693553252,0.041781668001315,0.0707061627384018,0.0578598122522945,0.0606915115713172
558.97596519041,0.0450608139011774,0.0632970529000272,0.0725746649664698,0.0741268150011516,0.0479927341113892,0.0781181573679384,0.0437280988357324,0.0603142676447791,0.0853937016047471,0.0636018040153182,0.0661829484193864
562.398824457005,0.0537932896122236,0.0801528681713197,0.069812778070037,0.0748887052311956,0.0737196721383012,0.0694186967982557,0.0467294043100608,0.0415218902150021,0.0763842976202679,0.0673182145073551,0.0684984185031729
565.81912898098,0.0702573183912958,0.079228934504709,0.0774265261649224,0.0797300117555849,0.0733859921043739,0.0822663356111696,0.0631818529975829,0.0572812303813139,0.0800019023926238,0.0656853066172687,0.0693352986837043
569.236881446697,0.0618448157462174,0.0789044952583441,0.0814806293348274,0.0744355468555638,0.0747724841896385,0.0722141106398745,0.0547757447516652,0.0682635965370988,0.0786968275146973,0.0815270178597745,0.0774225962153213
572.652084534703,0.0476432409968645,0.0804328150403921,0.0742794561959611,0.0796689582884816,0.0828848350646305,0.0804411223380628,0.05830675043282,0.0543527048130444,0.0830807749387456,0.064099215394715,0.0806369469518631
576.064740921757,0.0692093736686718,0.0856937318123767,0.0855660008018865,0.0839994479625461,0.0716943603560283,0.0927853346633142,0.0578755677734389,0.0557816198915066,0.0811137236580273,0.0772203399127024,0.062732814514133
579.474853280809,0.0748462887687513,0.0708776731795724,0.0870533975962349,0.089185735116577,0.0837484133238112,0.103364111522647,0.07210758584303,0.0659957967430259,0.0958557390303354,0.0909755773806607,0.083843270108298
582.882424281026,0.0762853730080234,0.0869459888389349,0.0974610568873037,0.0868744669273757,0.0780014844659759,0.0890825463798424,0.0820747424099546,0.0904198793828189,0.100777779656244,0.0814332226977046,0.0928068390606982
586.287456587802,0.0908251709884634,0.0908741023392476,0.105973470432838,0.0983157928105206,0.0977519553397983,0.103103009698044,0.0873229629058061,0.0829444092264358,0.10445090662921,0.0893663139528073,0.102474652683316
589.689952862748,0.0999743105119526,0.113155163971887,0.105935055648061,0.0934666191953291,0.0997017506567224,0.103157146756853,0.103600231288623,0.112281713549024,0.109936262126319,0.10635445003756,0.104117954627922
593.089915763704,0.0961773636791782,0.105126064812267,0.114193185678117,0.112628905464323,0.0911090323275172,0.102317768834262,0.108799125423835,0.0981926923898502,0.0935616928146062,0.1084658946339,0.106708192855214
596.487347944762,0.107071990314998,0.100203619734587,0.105996962015435,0.103483698692924,0.0944990838539785,0.114093518661952,0.0900486680920998,0.100574243569572,0.0994067332543399,0.101018915222122,0.110730414206536
599.882252056245,0.0907046118630359,0.103818352612418,0.104849518377579,0.0975395391613554,0.10036145895347,0.101662806781593,0.0794501384382037,0.0810016618175853,0.0937995242462532,0.0979739123873287,0.0963021000441011
603.274630744735,0.077695224046618,0.0952934251678925,0.102639265375268,0.0915724201065813,0.107945451947105,0.103590490121974,0.0765499625783098,0.0937225483723977,0.108167635329269,0.0984447390805937,0.100278967460513
606.664486653076,0.0750036206287328,0.093426230603745,0.0856383390213106,0.0832374627776503,0.0864664480654783,0.094602374050627,0.0668109212778727,0.0788385036034512,0.0849618988944786,0.0811580823295743,0.0955042557593177
610.051822420375,0.0764660677523255,0.0850586497438469,0.0896226410265027,0.0763453130903765,0.0789730308383115,0.0718655676810403,0.0638621316819421,0.0752273204733317,0.0872419061799778,0.0758082138651834,0.0875548670874383
613.436640682001,0.0645844040523792,0.0862732780672258,0.087552405156254,0.0931739379068499,0.0827125798510858,0.0891988658536733,0.0717927630228076,0.0779165784903903,0.0897023180868054,0.089486890282725,0.0691563942350716
616.818944069617,0.0729635007266214,0.0766015072827903,0.0671552621546944,0.0726063490300781,0.0598915073707718,0.0740452765455219,0.0513803178734018,0.0647545596461137,0.0747921470012718,0.0672366286554822,0.0747411711335681
620.198735211165,0.0683962734833178,0.0702462555226483,0.0656641548412859,0.0678452351579315,0.0678265783832549,0.0834921173929066,0.0560830526122932,0.0606057234342765,0.0855729216703653,0.0688906032620478,0.078606476964889
623.576016730871,0.0795167251306104,0.0885123605393837,0.0791274002568876,0.0733218062554678,0.0657204055414481,0.0641559676939855,0.0742403702504948,0.0765465313052019,0.0791872854898472,0.0687428522834952,0.0780851152979767
626.950791249269,0.064566958416778,0.0670684168855349,0.0775920189430062,0.0778969242494731,0.0700924930659805,0.0678955245538611,0.0602684388634424,0.0637518098364871,0.0848193612993842,0.0818628773571383,0.0627502999200041
630.323061383193,0.0583453064161516,0.0735881197146872,0.0729144674746402,0.066766949586533,0.056163737222465,0.080547882392589,0.0594483526373459,0.054997770678579,0.0726727505854943,0.0657019457416565,0.059275325491891
633.692829745791,0.0646304011631677,0.0759056617717096,0.0707110740918467,0.0667545201954815,0.0692378947514742,0.0720435891286962,0.0616337531703729,0.0629434384507751,0.0756054930966257,0.067462892821432,0.0717827652933094
637.060098946525,0.0780533124594282,0.0804961785846452,0.0845026620654462,0.0826968801638776,0.0692676626953224,0.0737596645946471,0.081817800535399,0.0697312278703334,0.0825970590841948,0.0827138173479409,0.0743266880141348
640.424871591182,0.0759450446708911,0.0756629563243915,0.0683190079138742,0.0849863343453256,0.0655141264436667,0.0822099383696402,0.0885000622679967,0.0751352333921431,0.0844635717610358,0.0868560220784391,0.0707869653458733
643.78715028188,0.08733803239672,0.0912748333728601,0.0714587781480875,0.0865214086129413,0.0647354644526209,0.0788732637467443,0.078803280562685,0.0719220611709839,0.0865114283277279,0.0805544589841292,0.0677108025111244
647.146937617074,0.0985115601109879,0.0746960944496817,0.0654244094658341,0.0916994009135057,0.0756923327501031,0.0685433247694929,0.0907400713632244,0.0632563821838396,0.0887407336562797,0.0748897257347998,0.0648558218934819
650.504236191561,0.090773825111049,0.0971524691102516,0.078089954730089,0.0930451931511326,0.0713525486397717,0.0638583637318874,0.0991707096694843,0.0685787131378994,0.0968660941066881,0.0855966320356382,0.0677994130620347
653.859048596493,0.10986054866863,0.108096739146941,0.0832456717563266,0.0946629277583172,0.0962694592032192,0.0831223264166627,0.108638641465922,0.0761345932737389,0.0888459308371184,0.10292421566968,0.0923033870957563
657.211377419369,0.101485639616383,0.10000988400306,0.0748592341279301,0.0972855882537634,0.0858662132665994,0.0786149879788604,0.116569443299411,0.0818552396325301,0.110804625293992,0.0993927935989919,0.0981148070876171
660.561225244057,0.0994536828009633,0.0952411229804584,0.0789325912629969,0.104577650693726,0.0734324054847597,0.0812783361559768,0.108879045181064,0.0809937210828697,0.0872290109124562,0.102925574761691,0.0765042316862193
663.908594650793,0.113508671699226,0.0952527809283286,0.0883933576061153,0.0907419007228046,0.0887541853177676,0.0874081838585102,0.102983285798588,0.08779138460488,0.107919005764763,0.106209515933314,0.0946410245782649
667.253488216186,0.0921477377550764,0.0931521543352646,0.0888885620939276,0.0933018883939107,0.0852756671125338,0.0834947313023036,0.109483726364908,0.0730876064696382,0.107157392717962,0.108136684858993,0.080506085663407
670.595908513231,0.0936350621272396,0.0979210139651825,0.0845785685797135,0.0918835552162395,0.0787658998400559,0.0830479582073591,0.107329381141255,0.0744072786981396,0.0975978513967661,0.108485592591987,0.0838098487487984
673.935858111305,0.0797903469779664,0.0888807426800326,0.0740072173570703,0.0879527189736009,0.0817402214393336,0.0895544569656584,0.088038682890932,0.0777352979819805,0.0967924274757085,0.0768946238595912,0.0807883841034907
677.273339576184,0.0824312456616497,0.0823237316913323,0.0829690754240116,0.070222259918897,0.0521472827259178,0.0740330543849662,0.0815989656904936,0.0692823186301463,0.0824948645694406,0.0809574442126459,0.0692592412482425
680.608355470042,0.0739161472556874,0.0632106110554163,0.0619553245852476,0.0570150211068826,0.061074594621758,0.0541336568984856,0.0563558009834189,0.0598990641504698,0.0708286903930172,0.0657124574537687,0.0632871393987903
683.940908351461,0.0602107516440391,0.0743625355319625,0.0675480087886583,0.0594725854884112,0.0592115687472278,0.0631968868074838,0.0527493746921687,0.0638276024798725,0.063426967239592,0.0628518869716085,0.0749971459063883
687.271000775435,0.0570257628121843,0.0595900245526966,0.064383357472953,0.0594179324068086,0.0806004713197805,0.0550258776439912,0.0501813465239418,0.0555231384087995,0.0774346542443388,0.0675003295029604,0.0684998926265453
690.598635293377,0.0526281323332167,0.0696521453615342,0.0670232028172294,0.0619819046000574,0.0724261783631819,0.0640507663094392,0.0448651087727175,0.0618872914820297,0.0681532904074266,0.064808914171346,0.0692576077576869
693.92381445313,0.0553706235347288,0.065278604680267,0.0609058186778032,0.0576360020544388,0.0554642326979159,0.0608535209062347,0.0433139538111218,0.053984025729563,0.0696681955658036,0.0558857930757955,0.0731479831149279
697.246540798959,0.0578950826940217,0.0602559204350578,0.0689142776690526,0.0515109902694009,0.0534945002598847,0.0619955719204774,0.0399235927963116,0.0566805968220139,0.0495265874817767,0.0520342002216162,0.0656211962256255
700.566816871583,0.054235367506945,0.0508241756225793,0.0575562090731889,0.0496174853627102,0.0419863927345013,0.060285885022502,0.0466605530257397,0.0394580427693808,0.0463048155013437,0.0494866113999997,0.0571047039725536
703.884645208148,0.0431981380585268,0.0685258638806725,0.0534592572302804,0.043746081325015,0.0582372603574336,0.0642232218286872,0.0380773206731809,0.0549905581090588,0.0516348172345238,0.0380479308036627,0.0565712261392246
707.200028342264,0.0480521848340709,0.0692854774428129,0.059328098311707,0.0529550367591396,0.0574405784411089,0.0716285394016431,0.049467632338033,0.0641682879003921,0.0620468004567692,0.051185339993663,0.0574733622618509
710.512968803987,0.0530863276660536,0.056654175085623,0.0601845891645644,0.0442591925144002,0.0446027051954593,0.0685554099111147,0.0475070427642235,0.0536533722837482,0.0548845950850582,0.0529939785625736,0.0593262176136181
713.823469119842,0.0485555854240939,0.0609211498816205,0.0576930539074326,0.0491780399238508,0.0572715581866485,0.0678608673680457,0.0405266433672013,0.0650426448231339,0.0597443686012876,0.0501230414526914,0.0708600131503879
717.131531812825,0.0603143455976558,0.0641219748304492,0.0699524186368111,0.0570097507241297,0.0521421657146033,0.0749929372326535,0.0460980426864773,0.0590001392312547,0.0643795668201558,0.0563141356537623,0.0661270189422346
720.437159402404,0.0680769964479974,0.077745748245306,0.0846887723450294,0.0683407786850496,0.0700166254747689,0.0799275899229066,0.0575563222347599,0.0687582894340043,0.0712396282626302,0.0677995548680073,0.0815027872838852
723.740354404523,0.0742302088194114,0.0767257565504157,0.0773547244097777,0.0663121049888527,0.0700931586943545,0.0859336567022729,0.0561183326237537,0.0680930745346311,0.0746095427861901,0.0732760011120827,0.08861456583605
727.041119331624,0.0622671317202359,0.0681643160777427,0.0724978656425085,0.0732072443700091,0.0688928996167024,0.0751421336979706,0.0484490324833791,0.0698906382350096,0.0624467425481527,0.0643214336871204,0.0658796859028042
730.339456692637,0.0646051056974317,0.0752485337265748,0.081976243514595,0.0597057842424862,0.0834376369288855,0.0828555377987844,0.0649960766097706,0.0829678765778761,0.0784314569561071,0.0673106938012226,0.0741666136406661
733.63536899299,0.0599640673745454,0.0607956694100789,0.0806180404950273,0.0627518294574638,0.0766804354620706,0.065708372876416,0.0675866346883302,0.0655017689903512,0.0731684898579368,0.0673942644216359,0.0790399013471439
736.928858734616,0.0598792548902192,0.0628244094069433,0.0673830211466159,0.0578625516104757,0.0673951721778931,0.060746779913791,0.0554632748853189,0.0701671085382931,0.0576797880827013,0.0561499047563591,0.0771045902090352
740.219928415972,0.0667374286212148,0.0629522449678597,0.0651550778385645,0.0607249686085278,0.0763586656690255,0.0784313222413877,0.058922293289999,0.0745829252519607,0.0676858149655424,0.0570716006503435,0.0758784235862785
743.508580532013,0.0797430927971171,0.068490645164614,0.0807996716714368,0.0689935181988234,0.0680254969948088,0.0952264480910192,0.0705413153652668,0.0744539486156756,0.0782845129100312,0.0792468034405458,0.0828792122541041
746.794817574235,0.077417066683607,0.0813197430835609,0.0804070000082483,0.0568652459719984,0.0799440336040741,0.0921735507557749,0.0642654684640057,0.0815361628008283,0.0851895864577148,0.0812288985221009,0.0922868943861392
750.078642030654,0.0631402052478286,0.0717766309867071,0.0741708802108755,0.0617254723140075,0.0725635600902032,0.0806043443368441,0.0672102108518357,0.0779698362368812,0.0679895593556381,0.0594716195729317,0.0861561895697305
753.360056385828,0.0741041940823337,0.0722400960893435,0.0781102701851732,0.0696464745074569,0.0816802905491006,0.0740299045843391,0.0787697739324941,0.0712154728507658,0.0658747269910295,0.0716019623176479,0.0819475445148836
756.63906312085,0.050245332213394,0.0549269398449849,0.0658044132162109,0.065087678198921,0.0629871314525609,0.0626438360121336,0.0557710735764725,0.0585601549108168,0.0543510649768328,0.0464725567589278,0.0602602634174838
759.915664713369,0.0508322982915454,0.0572301080293354,0.062842159384627,0.0440900337840362,0.0640457694234513,0.0658416295022865,0.0547181339412669,0.0409081047596224,0.0673027948540067,0.0762878579260761,0.0746892858944762
763.189863637582,0.0621421152658468,0.0478147972430598,0.0646468579611266,0.0588487005546677,0.0593232130123388,0.0624846392567715,0.0424352520983015,0.070936958030551,0.0488007064262327,0.0546582581367104,0.0752775571580771
766.461662364247,0.0483743398359797,0.0507048032975628,0.0599843196220262,0.0495447187529696,0.0453148677455759,0.0549700735643635,0.0408888847139343,0.0457793301386862,0.0492630608727783,0.0425360859795346,0.0520820117826132
769.731063360692,0.0560698730704408,0.0468901563679134,0.0567602445770108,0.0547382537418301,0.0392936057100102,0.0520151675063231,0.041595686468029,0.0531553959678247,0.0595045906072004,0.0408084726828607,0.0616083416310786
772.998069090809,0.0446544920494475,0.0512031132964409,0.0583034942065029,0.0451058906356642,0.0470173783650892,0.0473000821081985,0.0265274474945179,0.0514659574864893,0.0499272992098585,0.0470375373611588,0.0522011842988048
776.262682015076,0.0539073223961607,0.0506917753046942,0.0454738843371934,0.0489451825045825,0.039698077773604,0.0510677258615858,0.0331045132448442,0.0560849429177706,0.0548242994634291,0.0494758904178434,0.0519923781830558
779.524904590552,0.053994112811496,0.047654181611914,0.0546798049895823,0.0369320793640753,0.0421188074799098,0.0604850900517185,0.0378446477652651,0.0543516908525775,0.0570491620448851,0.0589845784152223,0.0546766665386624
782.784739270879,0.0484950238945074,0.046895263635168,0.0597073651901275,0.0356052433930545,0.0492730668046403,0.0572460366161229,0.0430204601872755,0.0557619428779944,0.0545607087043169,0.0438675318456533,0.0481282749570976
786.042188506305,0.0618745596506235,0.0465350068786066,0.0605566842287844,0.0506833440738504,0.0488946290091825,0.0609644913688997,0.0496925457300228,0.0618984595708227,0.063689199235112,0.0533316865546077,0.0672698423917055
789.297254743676,0.0607180589418511,0.0553476036974721,0.0670060923340808,0.0584133251345877,0.0635136678388995,0.0718584749322229,0.0608909469559835,0.0630396426218268,0.0585106080000401,0.0612221536021186,0.0611728412496295
792.549940426439,0.068694374826244,0.0601720814001899,0.0836326307239732,0.071551458632853,0.0570823044740723,0.0683528966980643,0.0541939850868573,0.0693595335109897,0.0714812490189614,0.0624410853213854,0.0780982170356385
795.80024799466,0.0635271146572587,0.0731250442488432,0.081101980476596,0.0730899199341665,0.0716566781851855,0.0739844267871038,0.0755058117539913,0.0867364256289436,0.0750440636415403,0.0685145436777481,0.0770608162317126
799.048179885027,0.0798245059856806,0.080418908509395,0.0829233809125249,0.0794502762848513,0.0857081886803404,0.0815614214904017,0.0724081871343445,0.0939184384690719,0.0698115441664041,0.0752312612137297,0.082554855031519
802.293738530839,0.0839730058023092,0.0793381181792433,0.0824394766343602,0.0799293991631259,0.0857191681112378,0.0764825992700728,0.0727767491513112,0.0877406162601536,0.0717056890656816,0.0624209674214953,0.068388662328892
805.536926362046,0.0849231002332928,0.0719717639104502,0.0734088906732828,0.07159485866987,0.0729413254459424,0.0626706303666731,0.0658551652553206,0.0826723979534302,0.0639880900863448,0.0726412025481314,0.0709398611948736
808.777745805219,0.0667629112644338,0.0510079971368054,0.0622810586065975,0.0666162350537151,0.0731590498511172,0.0800075780046482,0.052249188586811,0.0723834584239781,0.061968499903232,0.0684326379787056,0.0732323740702951
812.016199283575,0.0698689877740745,0.0647047370022039,0.0686129858803631,0.069685784206247,0.0645934547008565,0.065510632294107,0.0624113694311305,0.0783523914943485,0.0683008062482691,0.0710741968558403,0.0735686723864674
815.25228921698,0.0542623718940984,0.0604173145787563,0.0734721578143111,0.0592496643969796,0.0725285879847213,0.0610231625156531,0.0490723867461916,0.0682485880084298,0.0542025575150647,0.0590654103754133,0.0656433195387533
818.486018021954,0.0682766802913229,0.0548584647726457,0.0560534004149898,0.0704983825099965,0.0674249503129425,0.0497642059999747,0.0467755168571517,0.0723682627162002,0.0574382879365232,0.0519120693353649,0.0511538985655518
821.717388111677,0.052837489784118,0.0501174002113806,0.0758599380083328,0.0566579012986073,0.0678075584509447,0.0570148267404846,0.0518849729963461,0.0604152751577878,0.0696387166047247,0.0746618538242733,0.065508915978549
824.946401895993,0.0666218787675795,0.0620715173835649,0.06423436357265,0.0596639600681565,0.0493936787171368,0.0533533396246784,0.0553103276312666,0.0581642916681786,0.0509978938118684,0.0608174678790196,0.0524431724221743
828.173061781417,0.0465766665711789,0.0414178642940814,0.0590423546566906,0.0520969273972164,0.0562432395840594,0.0485870800521709,0.0435671763493345,0.0649373025947675,0.0566321114138995,0.0611386820336128,0.0570660955329802
831.397370171139,0.0543632124727759,0.051039053351089,0.0567471942464246,0.0558050386862098,0.0555618452578228,0.0544850127545679,0.0363518309127352,0.068751408152656,0.0516343975633292,0.0576713124109988,0.0488197450493128
834.619329465039,0.0281206107701702,0.0441387580085181,0.0469461027704167,0.043074665256126,0.0375861586741698,0.0614578123077144,0.0291191016916426,0.0352397890689925,0.0460074695402846,0.0510804198749906,0.0255211559643394
837.838942059678,0.047612783049042,0.0340874465843952,0.0483644534135626,0.0461655544196598,0.0566408303172452,0.0485831743197312,0.0368694548197829,0.0566507686831294,0.0513873678691775,0.0453560347636051,0.0504705210647516
841.056210348311,0.064106014522572,0.0474176101302109,0.0416528401479193,0.0596523852283673,0.0611552625298385,0.0535651603927124,0.0441482432240972,0.0692244810487109,0.0520555466734609,0.0500299194489474,0.0465438743408098
844.271136720895,0.0372215119995587,0.0367055005463475,0.0511544757270143,0.0596336870527645,0.0311019632382237,0.0415329518866904,0.0339856110851846,0.0550995170196792,0.0433168443515012,0.0320740478353884,0.0486653909926592
847.483723564093,0.0564699559724891,0.049584074903934,0.0448280768874739,0.0541744461902854,0.0465914652587615,0.0497551623267545,0.0506248679244003,0.0744180920033762,0.0517095905718268,0.0504518274849584,0.0548949646597417
850.693973261278,0.0420871619719176,0.0371670500977286,0.0447282069490417,0.047820380787318,0.0335215597326887,0.0403094218675028,0.0458834254108668,0.0516634243985335,0.0355891309948697,0.0415450630232176,0.0443752551585708
853.901888192535,0.0320655910194549,0.0381040901290056,0.0614661340840488,0.0418913315346833,0.0369547940656024,0.0500287025855167,0.0505194879168966,0.0580568598860377,0.0478283083988773,0.0552289070858114,0.0496052114251875
857.107470734681,0.0405287903576718,0.03087681574482,0.0498926168461729,0.0583835750482125,0.052885768805291,0.0551569540801252,0.0572603145930557,0.049961182537017,0.0390247576469392,0.0447317917940327,0.0392986196528725
860.310723261252,0.0519612311004612,0.0510015316793406,0.0539087258330223,0.0468530082231925,0.0490198699288425,0.0576558107078293,0.0571664496868443,0.0626484529934846,0.0516403181882633,0.0468505683254525,0.0406189830678911
863.51164814252,0.0422940498270122,0.0422793215509356,0.0483390317091294,0.0482123074495449,0.0453849561818605,0.0440126323460088,0.0493287497082838,0.061525175203693,0.0332101984443547,0.0582604040925628,0.0494434221801607
866.7102477455,0.0517086797199095,0.0533882128527727,0.0460835307582126,0.0571826389266857,0.0342203238925837,0.0484452192633116,0.043595997169781,0.0533744854817879,0.0480399366079584,0.048814590681692,0.0599512511377269
869.906524433941,0.0416150677575509,0.0339789713651635,0.0444375144220385,0.0347570192709385,0.0320491834759136,0.0452358475104882,0.034968041460463,0.0574153268037581,0.0342737251583042,0.0369115404189827,0.0541953675620367
873.100480568356,0.0450338446488437,0.0402509581289413,0.0398639509757471,0.0454589088117495,0.0398731674778118,0.0374358228481477,0.0308697339020701,0.0555595366354611,0.0460102410284831,0.0427235671044246,0.0341158750002926
876.292118506005,0.0408796032035065,0.0385682213417015,0.0388130115275355,0.0410422326410924,0.0369132839220404,0.0490198245331998,0.0455448775721046,0.0548164771478183,0.0356835429076281,0.0440837096556063,0.0482195690462692
879.481440600911,0.0379049245014879,0.0310200324999108,0.0408686964960888,0.0468768711490929,0.0306801574694053,0.0427184266156895,0.0236860442994505,0.0502119458295883,0.0365696081934538,0.0321251386900927,0.0317500883448341
882.668449203865,0.0265615101878033,0.0201134759651918,0.0339631170691525,0.0163285242083132,0.0199220956288759,0.0246340865364097,0.0262075781501138,0.0349627070996072,0.0315201607704486,0.023251683770658,0.0419456426828903
885.853146662431,0.0207741465887863,0.0175484659112368,0.0220495331298576,0.017442843854853,0.015404480382638,0.0185237996289961,0.0141663334734905,0.0219569605760166,0.0244140644717579,0.0174635677659015,0.0079857546558909
889.035535320943,0.0068168956311877,0.0172663767447595,0.0223980487277427,0.0305691443243893,0.019380746149977,0.0217724456821916,0.0125653368513702,0.023179020526864,0.0177012097149807,0.0105490823577608,0.0217923064121805
892.215617520531,0.0193038146815709,0.0157155928780743,0.032511984512474,0.030776473083771,0.0298481777092695,0.0260978052799332,0.0145858222890037,0.0370463022773304,0.0175063341885145,0.0257846970965178,0.0338875568536505
895.393395599108,0.0210350294882963,0.0260586028665031,0.0342891370540579,0.0215845050630145,0.0270288291008852,0.0312820166224632,0.017803334059939,0.0377820792782368,0.0242378986396238,0.0221599984111179,0.028749257086456
898.568871891376,0.0155913620754219,0.0152851527226627,0.0173258562560913,0.0101791381253025,0.0179327302096521,0.0126959951443315,0.0178234034587037,0.0120455566929099,0.0136017135853896,0.0231730297018282,0.0151087523507013
901.742048728847,0.0083439486766136,0.0168236063747138,0.0097120706661237,0.0087332170661831,0.0198346691364977,0.0113158089634468,0.0125245327669868,0.0098082106753931,0.0088713649354991,0.0117545792644938,0.0140671450298489
904.912928439833,0.0048630316560817,0.0087366945240456,0.0143612106495566,0.0,0.0174629957293019,0.0088331286334901,0.0131206773052342,0.0073281606675604,0.0045348226298019,0.0167232474171768,0.0113146893348182
908.081513349454,0.0031594203117813,0.0108727671432291,0.0042233245445857,0.0,0.0,0.0041582278409849,0.0,0.001665970943853,0.0,0.0008366441915196,0.00491112223041
911.247805779648,0.0,0.0,0.0,0.0,0.0041553256697434,0.0,0.0,0.0,0.0,0.0008942137132956,0.0
914.411808049184,0.0034930870260725,0.0008945448827343,0.0051314212595998,0.0,0.0034843897115927,0.0,0.0,0.0,0.0,0.005368646039539,0.0
917.573522473643,0.0114986918366497,0.0031967149015234,0.0093110726350476,0.0062957051678402,0.0230757369322008,0.0140348217107236,0.003991762758751,0.013073321767354,0.0195071067242135,0.0102697496836022,0.0173969873303176
920.732951365446,0.0029797739923878,0.0096634819795727,0.0105645170204623,0.0009594600817837,0.0151105858676137,0.010182407404067,0.0022413280066713,0.0003369310335947,0.0155081076282665,0.0118290265576598,0.0048790560946476
923.890097033857,0.0,0.0039982942654495,0.0086837630592711,0.0013306768095495,0.000869598939499,0.0076256559246772,0.0027497144447426,0.0081618886112897,0.0082286749805307,0.0186922992058783,0.0095693587351617
927.044961784968,0.0083841666101371,0.0073033882990982,0.0134486973311231,0.0091695144988999,0.0043878111138872,0.0076724681777104,0.0079418049238446,0.0069263211344335,0.0044061656833936,0.0071394393586161,0.0089113498556978
930.197547921736,0.0071883593113395,0.006834027702553,0.0157038761213369,0.0101028329848615,0.0108939792785161,0.0061816275131032,0.0,0.016529149364624,0.0109822143909046,0.0252762132387601,0.0225512774608598
933.347857743968,0.0023992619739951,0.008231510886392,0.0083746203213899,0.00501067889684,0.0088715259981877,0.0144874025557679,0.0032804201979874,0.0096096839596564,0.0059075576156282,0.0,0.0010100153797747
936.49589354832,0.0079428570346813,0.0,0.0087317774206118,0.0123731750666078,0.0120905813614288,0.0070880106434649,0.0126737559265955,0.0022226814062546,0.0149065929598534,0.0127311242088196,0.0122004650000686
939.641657628323,0.0043229937706667,0.0078523170576992,0.0,0.0066703652058072,0.0,0.0094854433336062,0.0105355582523589,0.0020565663956701,0.0085802051235842,0.0128637364909201,0.0071283777824756
942.785152274379,0.0028794159791611,0.0181940041367028,0.0027500269906936,0.008435776399331,0.0002042316918627,0.0048964474327041,0.0171734404835041,0.0021016278452837,0.0085695893554795,0.0016746137070992,0.0141718406920713
945.926379773757,0.0173392762671763,0.016822387511248,0.0113933670870564,0.0091627968137127,0.006129780054022,0.0162075947260443,0.0051570487760459,0.0059760244158034,0.0081375255654412,0.0022194770093728,0.0039827436408162
949.065342410614,0.0051289874489027,0.0049911062768964,0.0160709153573636,0.0013713159900848,0.0142930415555888,0.0102880969252776,0.0047964281375534,0.0,0.0068757866468978,0.0080695448758134,0.0119731454262061
952.20204246599,0.0020582257170264,0.0,0.0,0.0053019755477734,0.0,0.0172174110782658,0.0053316726179887,0.0044097442108771,0.0,0.0,0.0
955.336482217814,0.0,0.0103320435972186,0.0,0.0,0.0012805956861098,0.0,0.0,0.0,0.0,0.0,0.0005116115578024
958.468663940918,0.0060279441434269,0.0024323355755915,0.0129685605901117,0.0015421304509624,0.0,0.0042328151797599,0.0007546893928196,0.0039164558568853,0.0032176214474043,0.0,0.0007063198858015
961.59858990703,0.0009329181456618,0.0,0.0,0.0,0.0,0.0,0.0024626312211337,0.0,0.0,0.0,0.0
964.726262384784,0.0,0.0,0.0088990289356489,0.0,0.0,0.0,0.0014295197239047,0.001331443174128,0.0,0.0040625920533084,0.0008197730032029
967.851683639732,0.0,0.0010150471952327,0.0,0.0014655560324521,0.002865628335202,0.0,0.0,0.0,0.0,0.0,0.0094705587517278
970.974855934344,0.0,0.0,0.0,0.0,0.0,0.0031996145322631,0.0,0.0057009739175055,0.0,0.0042636162902773,0.0
974.095781528001,0.0,0.0,2.79405497447054e-06,0.0,0.0,0.0,0.0,0.0,0.0,0.0,0.0
977.214462677025,0.0,0.0017872383129213,0.0,0.0,0.0,0.0,0.0,0.0,0.0,0.0,0.0
980.330901634669,0.0,0.0,0.0,0.0,0.0,0.0,0.0,0.0,0.0,0.0,0.0
983.445100651119,0.0,0.0,0.0,0.0,0.0,0.0,0.0,0.0,0.0,0.0,0.0
986.557061973506,0.0,0.0,0.0,0.0,0.0,0.0,0.0002063650503053,0.0,0.0,0.0,0.0
989.666787845913,0.0140610493569533,0.0,0.0,0.0,0.0,0.0,0.0054381302319729,0.0,0.0,0.0018681798058,0.0
992.774280509374,0.0245731744734902,0.0087612590140224,0.0102082214819418,0.0108136851004612,0.0083485486971999,0.0213159004570201,0.0288448834255875,0.0158244869010991,0.0156689751779005,0.0234796452312406,0.0200825629448274
995.879542201883,0.0639217065633305,0.026837252535317,0.0332348911151945,0.0323423258797712,0.0303158256385523,0.0302783682110915,0.0675456662835191,0.0429977520589276,0.02586193787681,0.0280073124986289,0.0177245825565267
998.9825751584,0.140259640018776,0.0770775094396552,0.0708163635498967,0.0856871324922659,0.0557746554433668,0.055578625107274,0.151390395231122,0.0977447000493329,0.0713636381531066,0.0759727570027968,0.0575603073951709
1002.08338161085,0.177594322137002,0.110800230594718,0.094445246056963,0.131392317664212,0.0959912307214636,0.089151381879843,0.195819069467489,0.130318303365484,0.0935789507227253,0.112618005708904,0.0969002425810832
1005.18196378813,0.121424145495874,0.0701342397568806,0.0743671818797871,0.0852796499487038,0.0693481599769175,0.0507864877417374,0.142804128241462,0.0882614513627415,0.0667850764780375,0.0740999844688811,0.0688034181147699
1008.27832391613,0.0379847348181951,0.0332170987473823,0.0272270969083535,0.024632791367166,0.0319258145953794,0.0228736183160351,0.0644640035636452,0.0346583486539676,0.0220126983193962,0.0264784871631491,0.0191093074171074
1011.37246421771,0.0293363440042482,0.017600321751313,0.0,0.0103235059935171,0.0107640801807169,0.0021439600455405,0.0268738996591349,0.0172227318224117,0.0119371666905693,0.0109889883698307,0.0113665407729677
1014.46438691273,0.0234632685511708,0.0230759256337304,0.0182310164269206,0.02387407218651,0.0188831575863066,0.0175888679247566,0.0485315653722495,0.023519139725415,0.0249220274899995,0.0294064407333034,0.0235038007429585
1017.55409421804,0.0211614877648324,0.015587014183942,0.0170473712436703,0.0289078589118386,0.019478564598257,0.0171124375274702,0.0450190834485447,0.0236982504220713,0.0231959029861582,0.0207646360922488,0.0089507944770288
1020.64158834748,0.0327767040057564,0.0122667236448592,0.0150214595821628,0.0255717402248917,0.0130511652308878,0.0111775575121662,0.0417984603360063,0.0320065745731713,0.0114547269457265,0.0185397351452165,0.0150057424662426
1023.72687151192,0.0326440941835113,0.0170851019477404,0.0277603090617369,0.0405614406488366,0.019881311822907,0.0139527379642212,0.0490243664552885,0.0357808075429328,0.026653628393652,0.0238404210181497,0.018383492356092
1026.80994591922,0.0430464154470431,0.0335941774702365,0.0438188139431108,0.0438078589687083,0.0332090301552128,0.028707682109283,0.0665451521367013,0.0404482680064924,0.0285709707819143,0.0344498300548624,0.0309693144732116
1029.89081377425,0.0468738917268138,0.0327514998698673,0.0265732811277596,0.0391247964252249,0.0289987697309846,0.0168609102507531,0.0588964682631257,0.0405819294927684,0.0249653778079915,0.0197740019074497,0.0287504608434813
1032.96947727891,0.0526815361701737,0.0367047545729045,0.0492716385255165,0.0479273815133812,0.0463086392935863,0.0326883190338309,0.0648771760291486,0.0483930380233049,0.0364581949472463,0.0387843800015807,0.043016458503866
1036.04593863214,0.0328150895061425,0.0212170752665906,0.0136950188862926,0.0358928995194626,0.0132820439021272,0.0206063377493826,0.0505382040656174,0.0360674957381225,0.0191527678965575,0.0227550914437234,0.0274397165595716
1039.12020002989,0.0212952463045924,0.0019587714488606,0.0105713596336531,0.0157818878573485,0.0062825555682832,0.0082977609872305,0.0284583194429111,0.026670799165399,0.0048996658988375,0.0118132522063745,0.0099137583302237
1042.19226366514,0.0,0.0004512814911444,0.0009874763936983,0.0,0.0,0.0101493531528854,0.0100047781619182,0.0050518953630173,0.0037037829695411,0.0,0.0
1045.26213172793,0.0073801521462326,0.0,0.0,0.0035506558853064,0.0,0.0,0.0054850992754302,0.0,0.0,0.0,0.000304835307392
1048.32980640533,0.0107551407734013,0.0,0.0136313901198435,0.0,0.0167636854842015,0.0,0.0067148879848037,0.0002260288079262,0.0053662165567727,0.0123970682438299,0.0154990392558213
1051.39528988146,0.0,0.0,0.0,0.0003809904049555,0.0082172018926405,0.0,0.0083892116418461,5.90939308560344e-05,5.76636836533892e-05,0.0,0.0
1054.45858433751,0.0063370258234896,0.0,0.0,0.0,0.0,0.0,0.0006557740396297,0.0025957724465607,0.0,0.0,0.0
1057.51969195172,0.0,0.0042706271213849,0.000379774092908,0.0006997813523722,0.0,0.0066423682115514,0.0,0.0,0.0,0.0,0.0008785446585937
1060.57861489938,0.0026803239293136,0.0077246089144896,0.0,0.006201668883486,0.0005403612277684,0.0,0.0009228284849195,0.0,0.0071474752332098,0.0003125986788371,3.18685822245887e-05
1063.63535535287,0.0072061673294341,0.0,0.0,0.0,0.0,0.0,0.0,0.0,0.007314342708893,0.0,0.0
1066.68991548165,0.0,0.0,0.0,0.0,0.0,0.0,0.0,0.0033725320000758,0.0,0.0,0.0
1069.74229745223,0.0138454509981067,0.0019475495182066,0.0,0.0,0.0035360897214735,0.0042191816694812,0.0,0.0115143823661932,0.0,0.0,0.0
1072.79250342824,0.0,0.0003537730040481,0.0041355933536699,0.0026087596589339,0.0,0.0,0.0,0.0092444123499394,0.0020438334161015,0.0,0.0019052007127527
1075.84053557036,0.0,0.0119156931806406,0.0,0.0026455479637522,0.0015604260050211,0.0060145947716304,0.014153608463434,0.0080960063156453,0.0,0.0035981227651917,0.0041741950608517
1078.88639603641,0.0126016830791478,0.0107240346142549,0.0059968275307786,0.0064892293780695,0.0106983533243541,0.006901460220478,0.0083134552586183,0.0039987173897956,0.0090353924201005,0.0,0.0061934148845296
1081.93008698127,0.0105132176607455,0.0137035889793541,0.0,0.0063650767387782,0.0063061805229132,0.0084351794719941,0.0062535569826867,0.0087121691700422,0.0030239046800581,0.0087013351791495,0.006750153285442
1084.97161055694,0.01219735905385,0.01354135631333,0.0136533581108506,0.0085810822283069,0.0136724420054282,0.0021144693477161,0.0064582822009807,0.013190740388266,0.0168094095612419,0.0,0.0119085675362843
1088.01096891253,0.0087006945468588,0.017550581999354,0.0122675228678945,0.0065360483945908,0.0167729444866217,0.0147514735234747,0.007108779081371,0.0040920586431477,0.0211942752405551,0.0135452210853396,0.0054170893641488
1091.04816419427,0.0089768396691879,0.0134035435809727,0.0112902988186663,0.0072714769084903,0.0123528894227439,0.0119048210180859,0.0235147771965374,0.009232018835081,0.0155661138614944,0.0075285532440823,0.0142002524818052
1094.08319854548,0.0130259128007093,0.0205323980937347,0.0211268599747888,0.0132813307197536,0.0176886483189949,0.0155909739796344,0.0150528714166167,0.0186603810578887,0.0209554837108491,0.0196827997974044,0.0171552201570363
1097.11607410663,0.0083129941337944,0.00174465407237,0.0149322435902822,0.0096026711187287,0.0132506912629109,0.0016137465199502,0.0093106283555895,0.0199393603916993,0.0159236422767501,0.0149785162163136,0.0019113682285767
1100.14679301532,0.0,0.0063520933196021,0.0,0.0150127750131704,0.0075520652554554,0.0048508285890264,0.0003764383998312,0.0080938715326846,0.0002663426343926,0.0025056868675391,0.0053384021255895
1103.17535740627,0.0078189706271384,0.0069826401240328,0.0066831895046444,0.0058934754867295,0.0091059066011984,0.0002339874955813,0.0018930941498429,0.0086784222043107,0.0,0.00731746533065,0.0068185427453897
1106.20176941133,0.0074617773726631,0.0040543068392904,0.0006749997868379,0.0126113455042441,0.0149077832735447,0.0067281503832178,0.002643462924599,0.0178487267945945,0.0,0.0,0.0095052289394459
1109.22603115951,0.0065006629507208,0.0082236326240987,0.0094352511484034,0.0039196828471327,0.0059287888902304,0.0112542127848257,0.0103585216511059,0.0095981435830699,0.0093978127170909,0.0042783820441914,0.0165518904754513
1112.24814477697,0.0,0.0011031729606806,0.0,0.0005031129559847,0.0037019229814296,0.0,0.0,0.0022445598450076,0.0,0.0,0.0007914277189325
1115.268112387,0.0,0.0079759864694174,0.0036274773307401,0.005442604991536,0.0,0.00590097268622,0.0072708199576395,0.0,0.0135419385896045,0.0,0.0
1118.28593611007,0.0045710620130067,0.0031413356440828,0.0042512938798639,0.0184447780464767,0.0047326422936658,0.0,0.0108689247354522,0.0004057603280706,0.0070272698937787,0.0066424822485917,0.0056374172561136
1121.30161806379,0.0,0.0131360132526181,0.0021631447879234,0.0075291054354215,0.0072393632083832,0.0016139302055833,0.0099115723546186,0.0120268747207216,0.0101020002912353,0.0038673965648708,0.0
1124.31516036295,0.0,0.0,0.0023576777501153,0.0147987215516473,0.0117415336375087,0.0017506404052295,0.0003058759332487,0.0,0.0027562110289829,0.0004195108141684,0.0
1127.32656511951,0.0,0.0115856040641834,0.0046268956207281,0.0120871610199755,0.0024650851719382,0.0,0.0016069137539164,0.0083366279327988,0.0088795942245221,0.0129272910521669,0.0060716533593646
1130.33583444261,0.0039619035175864,0.0056823847322718,0.0,0.0225733219504474,0.0044485936903794,0.0,0.0094187744622834,0.0253647357230126,0.0017240359461914,0.0110165027263905,0.0089544588182946
1133.34297043855,0.01011120150294,0.0102210596468894,0.0081060521568353,0.0263059505306962,0.0029195041098758,0.0128088496245207,0.0126754991074715,0.0197715000283013,0.0182471350370083,0.0088767477079115,0.0018866842719517
1136.34797521083,0.0110809942808151,0.0068140670724204,0.0076513335243493,0.0203511629185845,0.0053895179919939,0.0052940219855983,0.0154701177535993,0.0234438707391111,0.0,0.000965353931015,0.0071845943072334
1139.35085086015,0.0066723771034561,0.0119686720038525,0.0144743765552623,0.021873044115966,0.015614542395816,0.0158670498993953,0.0165900180631781,0.0203254978236657,0.021462349812536,0.0216477657152893,0.0129625011481768
1142.35159948438,0.0169819803181618,0.0235954395202097,0.0202509919678205,0.0217762401246624,0.0313411728663025,0.0140095680332841,0.0289203326114983,0.0248899954085442,0.0191806641486448,0.0128357680636099,0.0211610322762754
1145.35022317861,0.0241020739434356,0.0166204721691141,0.0283109727195128,0.033704105424878,0.0202701197835187,0.0223925126963525,0.0245689040805056,0.0260562362112982,0.0260808770347713,0.0226407714221392,0.0211073961360234
1148.34672403512,0.0318132854711109,0.0213416850804934,0.0176357482438488,0.0362383332413985,0.0307255534004345,0.0209610329926383,0.0285478945823102,0.0235981997938621,0.0231739630267245,0.0311089090977159,0.0195935424462692
1151.34110414341,0.0265855188177172,0.0243863742022425,0.0202737287239912,0.0284988207128184,0.0309088877361439,0.0295521673689024,0.034187521185807,0.0410354212913171,0.0153603929868092,0.0178429989437381,0.0258370920599552
1154.33336559018,0.0211531266675871,0.0890651907408305,0.0174954409921391,0.0187007595490863,0.0320875283024746,0.0172116560372969,0.0320894139929664,0.0265801743881598,0.0244881275793979,0.0296240963534102,0.0204328527828522
1157.32351045935,0.0284496502234352,0.0768475885587049,0.0313603203690677,0.0451338755010054,0.0330096975583276,0.0238315304905003,0.0421117381053376,0.04491087488113,0.0283010577439949,0.0427292178309313,0.0346719622196591
1160.31154083208,0.0234042775394961,0.0345368962263899,0.0192065702819798,0.033420121612305,0.022408226616858,0.0199833586932733,0.0425774931896549,0.0159711533478621,0.0125062715250776,0.0263409141179685,0.0207690032998151
1163.29745878673,0.0227310399963034,0.0231455621256722,0.0155799802855799,0.0288904141838579,0.0183109160318679,0.0255042877502182,0.0395502805194388,0.022983951509903,0.0263127089089274,0.0159327576943392,0.0129258332803506
1166.2812663989,0.0244402993554375,0.0274212033754331,0.0163185825621078,0.0335989239593922,0.0212187387065292,0.0257891101479996,0.0375778323029843,0.0308962444403196,0.0284748535619213,0.0276900692295425,0.0128406379611719
1169.26296574145,0.0249505661670601,0.0245883191035922,0.0301630192120036,0.0341957090503006,0.0236202593631948,0.0214918774145008,0.039237306646889,0.0243299614917667,0.0151132518038758,0.0161619385570933,0.0115385059955703
1172.24255888445,0.0236649935011644,0.0282288571362624,0.0173647234206392,0.0340550605185285,0.0205078923560038,0.0184984080778801,0.0355849811112259,0.0182111147411429,0.016447626272589,0.0039630524893974,0.0221182597145158
1175.22004789522,0.0386906076625497,0.0318654481527111,0.0201697753525429,0.0393386746332137,0.0366699830715894,0.0207326627359978,0.0348068406953667,0.0317627760032565,0.0236980831779344,0.0230205614920839,0.0237190924407909
1178.19543483834,0.0405788962075729,0.0334087062706009,0.0277566495195455,0.0447652847954754,0.0337976633295548,0.0369143334703581,0.0435730527487857,0.0342284643859164,0.0295139629981369,0.0263311170530718,0.0289546675711364
1181.16872177565,0.029727888520528,0.0284707716581064,0.0180658802368532,0.0375717369223878,0.0171490818189185,0.0260613463222115,0.0364163248836396,0.0290006042708175,0.0204190296540188,0.0201029050275582,0.0208453181479038
1184.13991076622,0.0399638190932997,0.0339768284398686,0.02564371888296,0.0431380050395254,0.0352994094569077,0.0265400760107747,0.0363786782060596,0.0269345662043416,0.0329629093495002,0.0333805302342309,0.0268013709677964
1187.10900386642,0.023930044134129,0.0269423227332054,0.0213549174539339,0.0337369055228484,0.025401746153464,0.0134995949197071,0.0360322237300677,0.0307443387830394,0.0191616499847336,0.0193825687722876,0.0254768988620441
1190.07600312986,0.0271927263504942,0.0710971898727547,0.0124833528000099,0.0303474070563721,0.0260157544121803,0.0187669230327647,0.0331031366484795,0.0227901638463389,0.0212821965919779,0.0317638800573161,0.0197828088944261
1193.04091060743,0.0364204108304298,0.0475493776318536,0.0264998274077931,0.0389847718159664,0.0278772846003661,0.0336224152340177,0.0430541667674414,0.0231997637281097,0.0274817790628126,0.0290640943830602,0.0356741125424985
1196.00372834731,0.0341030025086815,0.0331919702998378,0.0249039053902798,0.0341219631040253,0.0282322152042424,0.0220974781776569,0.0442074258453102,0.0342348266294029,0.0212212184675106,0.0252513108407773,0.0328844683597386
1198.96445839494,0.0375518032453151,0.0453683995300115,0.0262175484303231,0.0348310819678892,0.0360946264148988,0.0245207665579768,0.0474777925970757,0.0359940103890316,0.0439508480411808,0.0391713853964684,0.0337302998791539
1201.92310279306,0.0250780415118387,0.0335125481075021,0.0300246396753061,0.0328965755434242,0.0274274776115647,0.0247609430896955,0.0416473879777286,0.0264420589938535,0.0276761833392103,0.0311376388095134,0.0183210003464462
1204.8796635817,0.0525953160513474,0.0438028573598085,0.023214288449915,0.0377079508472603,0.0342805002580256,0.0258700101538026,0.0488491245984705,0.0365621254092097,0.0395751297307728,0.0423889964549457,0.0312895579221659
1207.83414279818,0.044491329581498,0.0357027829899477,0.0213949083046828,0.0294594868986188,0.0318654581378164,0.0271940865312839,0.0375512960110059,0.0362759333955947,0.034113860655433,0.0352342293631028,0.0263051865215827
1210.78654247712,0.0614548159485976,0.0518386350051359,0.0383019742728822,0.0354393978628755,0.0474747219042638,0.0381069684066525,0.043227428788246,0.0344035990665884,0.0374285693833931,0.0384962843708385,0.0429068824588623
1213.73686465044,0.0392157303905213,0.0556439608247409,0.0408458831475168,0.0434707943950008,0.058823908602569,0.0440032078046781,0.0598136800602259,0.0377298719768245,0.0450272125448429,0.0652562613970378,0.0408282137415937
1216.68511134738,0.0730850665251331,0.0581933403848944,0.0517107840297138,0.0478321048651557,0.0706705162572479,0.0551285254618561,0.0680575241167643,0.0543963464837469,0.0532344856064127,0.0660724107065773,0.0525735241840244
1219.63128459449,0.0667572647340025,0.0615763985545276,0.0609074881990737,0.0671553099898778,0.0647366806971366,0.046196066857917,0.0749325064937975,0.0563602471186493,0.05245372520006,0.0595687455855101,0.0521881039323593
1222.57538641562,0.0765431318957618,0.0812554368207275,0.0686442288023655,0.064470351632758,0.0916000393253316,0.064509982710484,0.0872603146935932,0.0813888841932823,0.0718836690963555,0.0798889225597001,0.0828489333430952
1225.51741883196,0.0739890928689978,0.0785751159765832,0.0822048139076031,0.0695588089303398,0.0851596089962838,0.0603684717836709,0.0968551193097405,0.0815386922243377,0.0715040110018041,0.0793652355734161,0.0751822767393418
1228.45738386203,0.0851611645970597,0.0786093553603963,0.0774491269614423,0.0668699225401699,0.097745456541526,0.0730098789555791,0.0914384417119158,0.0877922378196889,0.0739794450515773,0.0801688803777285,0.0823100650402853
1231.39528352165,0.0873761424783792,0.103297651355647,0.0855930948604487,0.0891191340076675,0.108575981756956,0.0943684750033386,0.0890494121819595,0.105803231175984,0.0921736126528108,0.10402741322896,0.0879805514468622
1234.33111982401,0.0756596764622344,0.0836878048121974,0.072299378352553,0.0733700904819085,0.0971201711583154,0.075833253598358,0.084988854413581,0.0867242488770045,0.0830039317656079,0.0875323904155113,0.0914661584263372
1237.26489477963,0.0778686040745679,0.0820459214973223,0.0716974383149435,0.0752240262544931,0.0946757230085825,0.0775688682071129,0.0777408860224226,0.0807598339737707,0.0832234818004241,0.0971964317493885,0.0893710988405093
1240.19661039634,0.0735083530024866,0.0868801578082194,0.0852441869040359,0.0756094102073378,0.0964855832908201,0.0740708272698768,0.0735209227807929,0.0756982654441348,0.0914031186695737,0.0953292307988004,0.0943088086585348
1243.12626867938,0.0816809675010249,0.0877432341114069,0.0821399302795923,0.077167071290518,0.0962903406957496,0.0736228241579628,0.0688424281213974,0.0921193293344928,0.0724232419467836,0.0868084728097512,0.0883296368433731
1246.05387163129,0.0791060369545624,0.0871426471756956,0.069668412823717,0.0680137413996377,0.094340511184381,0.0725191341144965,0.0665858565139445,0.0929346491423435,0.0857017230773476,0.0878191116127623,0.0872003638408957
1248.97942125198,0.0697631433200906,0.0871679976802849,0.0888269714365847,0.0713294672791668,0.103155366065716,0.086673127394585,0.0637193824135253,0.0996285121808228,0.0867263117249554,0.0848369727365335,0.0914062480389454
1251.90291953874,0.0723565472936475,0.0957594308330401,0.082594265610411,0.0677487685105913,0.102203681190511,0.0801165835984326,0.0675198685632124,0.0943353510346957,0.0795808167420195,0.0838483798729224,0.0890616961941988
1254.8243684862,0.0789271494408232,0.0851269763449549,0.0819783555732183,0.0659276058164461,0.0947405428391559,0.0827141849646517,0.0637371180214292,0.101253161300869,0.0793750553301786,0.0919482407115104,0.0869586319134021
1257.74377008637,0.0717657364821509,0.081807142236595,0.0846901900261807,0.0635187212529187,0.101047127757888,0.0796427163795996,0.0651055682504423,0.0959580495228943,0.086721718684614,0.0920649252648736,0.0923741454741232
1260.66112632864,0.0797246750686139,0.0860090718143228,0.0809487973571809,0.0643367465874877,0.105099050910574,0.0881235162181142,0.0657129441211342,0.0879483276549345,0.0895739340271161,0.092401879298376,0.097546225643499
1263.57643919976,0.0562421667684294,0.0753752438535481,0.0634703168816655,0.0535637197986783,0.0878672776628702,0.0706622597512569,0.0570696316535968,0.0844609437514092,0.0728219750785763,0.0774393579644271,0.0901041322009523
1266.4897106839,0.0586254448472322,0.0678754304839544,0.0574361306659067,0.0529133871861676,0.0844056604726003,0.0601755666792855,0.0420558485393487,0.0778069047595957,0.0754656165811694,0.0682400909106769,0.0649538095040337
1269.40094276256,0.0639915534799897,0.0779275121804112,0.0690898833942226,0.0551969363865783,0.0846990345556833,0.0679994185528122,0.044322221394931,0.0720570696920468,0.0746360148917711,0.0741163838545703,0.0820098666954127
1272.31013741468,0.0488602161333233,0.0649949366446534,0.0603471901987019,0.0439821872968666,0.0724724015152439,0.0690646265915972,0.0412796874585166,0.0604269171716434,0.0599195613798139,0.0664671451229435,0.0731106044999745
1275.21729661658,0.0371096978362999,0.0610474589146435,0.0507705821434551,0.0374620371299692,0.0697599428453091,0.0531254855546608,0.034747546998322,0.0616875144437992,0.0527562051218428,0.0574867786676798,0.0739137488873567
1278.12242234198,0.0486392649320564,0.0585629547249176,0.0522227156057856,0.0410654146667176,0.0640424312818848,0.0557152908604501,0.0407964529382081,0.0588773331427368,0.0584551827136953,0.0602567776914453,0.061617845061504
1281.02551656198,0.04862586783952,0.051899765963359,0.0611657761803557,0.0405606213913906,0.0685906389622041,0.0524186536045264,0.0392625543277962,0.0540318933349418,0.051084237581332,0.0585919283071097,0.0590246084107232
1283.92658124513,0.0356765886985141,0.0448191743955196,0.0536667484203372,0.0382952623520211,0.0781465188381626,0.0451975974409063,0.0293877768265061,0.0546145444309752,0.0529004138012415,0.0571484297832989,0.0557036158140582
1286.82561835737,0.0418290299555729,0.0458885487867906,0.0488721902291839,0.0351497460893171,0.0433833971312183,0.0447341167972424,0.0248171247410242,0.0479605531357505,0.0512438843515104,0.0472793594152375,0.0455906195501607
1289.72262986205,0.0334537682818106,0.0457049783218591,0.039081913425693,0.0330315639868307,0.0644576092252682,0.053426316190603,0.0300992349411575,0.0446995050617638,0.0534657039652761,0.0478309987222298,0.0602202934657655
1292.61761771996,0.0390067603802173,0.0451044100992088,0.0494781837744514,0.04617292569411,0.0655008298970999,0.0379205251571836,0.0371987235854032,0.0608888899174038,0.0640582043382239,0.0570297557253938,0.0566572579093746
1295.51058388929,0.0485384685255862,0.0610124432711059,0.0548789579583218,0.0525655452656262,0.05102024477854,0.066232374342286,0.0430834459112008,0.0583079212124102,0.0542303157937366,0.057803345103034,0.0681341202141088
1298.40153032568,0.0339910838828254,0.0439065075034829,0.0448785377213167,0.0403251542889899,0.047557458310964,0.049418693961864,0.0345632935987357,0.0491692847630887,0.0574697650619619,0.0377354778953101,0.0456512135612081
1301.2904589822,0.0467047986236509,0.0479064894075601,0.059851627353745,0.0480396878238466,0.052608770743775,0.0496089690951408,0.0392317524334831,0.0465903803778843,0.050906997151915,0.0476004160870029,0.0420896004035483
1304.17737180936,0.0323545709989402,0.0479376798685041,0.0502665994654167,0.041376217078062,0.0529035025594872,0.0545954699270769,0.039350278924465,0.0424295864151444,0.047202117342841,0.049705674439516,0.0489594339225231
1307.0622707551,0.0329281246735646,0.0456718562903374,0.0386000148719545,0.0464515391759301,0.0489425698470505,0.053478343621361,0.0349189344422146,0.0486736261584985,0.0561566260506737,0.0522550955797165,0.0395774975066263
1309.9451577648,0.041261842623899,0.0427807953640531,0.0379635043498067,0.0411105093754622,0.0424788389175074,0.051707655154277,0.0394314660653536,0.0413494691036095,0.0367273453008136,0.0432758342287326,0.0500876973832375
1312.82603478133,0.0503909589104868,0.0467871377749952,0.0473166328146198,0.0432535585324468,0.0560479246363569,0.0540794976829147,0.0425782269867849,0.0559646944113763,0.0518067128709328,0.0538090983195851,0.043618590145255
1315.70490374496,0.0276804207628489,0.0298994116473927,0.0406446216809705,0.0386484928854102,0.0375679965884346,0.0429359458963065,0.0398108896406925,0.0305509220748513,0.0372771918709642,0.0328588551357997,0.0322990080928138
1318.58176659346,0.0250679915567302,0.0284766982805226,0.0310589905656726,0.0333110910473098,0.0348644670879457,0.0341910576104707,0.0273390024479978,0.0288861648259442,0.0335697676827643,0.0347473442092241,0.0277727818222972
1321.45662526205,0.0413600354044173,0.0427281640088651,0.0391638336606453,0.0367787755339526,0.0524446794700318,0.049209230834288,0.0380635130882785,0.0473521190463259,0.0451770082377786,0.0424020571980378,0.0409561005677904
1324.32948168341,0.017852372063643,0.0312797461185305,0.0324924162560374,0.0298303341828119,0.0319666483209334,0.03676007716051,0.0272575383206146,0.0352880988514821,0.0379979711736926,0.0298813636119492,0.0284275462017707
1327.20033778769,0.0180253697150448,0.0252666306068922,0.0306081906096442,0.026258265199734,0.0523051110229632,0.039136098279013,0.0211508536823716,0.0300112926864798,0.0271433084838366,0.0322178953140816,0.0287571759530864
1330.06919550253,0.0211833873375999,0.0257338278153326,0.0237295291031009,0.0207804272246097,0.0220656575345707,0.0277790036631798,0.0267182526836717,0.0186303974279068,0.0269071259522251,0.0252437272154845,0.0264200649112408
1332.93605675303,0.0094164103513947,0.0318456246550889,0.0239276586510418,0.0326187240512214,0.0258824334568797,0.0295033679792698,0.0250073571235346,0.0158464373662455,0.0323887804111139,0.0178279923740643,0.0126833724137417
1335.80092346179,0.0079976838009244,0.0149742503874854,0.0162177875375587,0.0206885829130939,0.031454409778029,0.0305750415105286,0.0181408706396397,0.0117081886605463,0.0172464844647392,0.0152923131850684,0.0246621182121454
1338.6637975489,0.0099623011367395,0.0183751626754031,0.0209961993969109,0.012722126489197,0.0212538427640342,0.0285960630020476,0.0200680968535925,0.0014661778361148,0.0145608582768788,0.0163064908132098,0.0179640620208941
1341.52468093191,0.0061561998535645,0.013211523589197,0.0124555333762329,0.0100402360745684,0.0190687091769238,0.0213864437551664,0.0174464106010328,0.0034403912409819,0.0208606813059637,0.0131101560016514,0.0078718645274331
1344.38357552591,0.0,0.0040806129305313,0.0087027419079126,0.0129365876966297,0.0151336015826813,0.0054580567629746,0.0051205564004016,0.0,0.0100081141895728,0.0061468677855658,0.0135496878066029
1347.24048324345,0.0047146247744469,0.0221184117343442,0.0230580307066898,0.0109930800125895,0.0234710678884919,0.0187444515068925,0.0103831706245974,0.013957356033739,0.0230480472596294,0.018698416591397,0.0160761962450275
1350.0954059946,0.0082733981299445,0.0223975332257044,0.0157694740115109,0.0144813184077896,0.0215452517465277,0.0224402914622898,0.010490586672664,0.0073469169910455,0.0162811452667854,0.0192793054654972,0.0234567146963912
1352.94834568695,0.0074548216734365,0.0103511816351775,0.012228477184152,0.0090212578316156,0.0216258851652644,0.0226499247380685,0.0033200761670884,0.0109177347781557,0.0156412774785696,0.0174240480720029,0.0201660882980257
1355.79930422558,0.0195724153054392,0.0143987418453019,0.0168058430109103,0.0235200737547955,0.0189555034604255,0.023297580779329,0.0,0.0210511928883425,0.0186781348239472,0.0169021790200022,0.0134818585831321
1358.6482835131,0.0054222971916063,0.0065389492856414,0.0030695192436474,0.0190927836264063,0.0253030712912377,0.0152270075966622,0.0,0.0112854199371149,0.0121185644699539,0.0199311396687661,0.008740948227603
1361.49528544963,0.013959842442737,0.0187437429510792,0.0190970706680373,0.0193639685955298,0.0203862854090538,0.0261253642925422,0.0027350799230968,0.0121536461005992,0.0169956973941317,0.0156462865739137,0.017587517426662
1364.34031193283,0.0095631328527169,0.0228028064528394,0.0155623620626431,0.0213990409459816,0.0262405393017507,0.0232915024898038,0.0105774407346531,0.0161923741111509,0.0198321548114357,0.0224513723270434,0.0194020430247353
1367.18336485787,0.0188990721961159,0.026239051050999,0.0132782291633273,0.0301871324144502,0.0290939331754516,0.0350665699133722,0.0176623180847971,0.009152882380018,0.024712124321333,0.0332511262151056,0.0241305595921543
1370.02444611745,0.0218681410719536,0.0183953645778166,0.0245243088806508,0.0207831635318071,0.0181793561298115,0.0185030770673244,0.0147405509116215,0.0179498336960467,0.0193834648824183,0.0285335068922747,0.0281344197251703
1372.86355760183,0.0280227091567823,0.0308256481682198,0.0289042016644805,0.0380885973167373,0.0232946889752232,0.0509939487606886,0.0237982703221514,0.0215493082310428,0.0340684753695381,0.0311367845113958,0.0316563125123565
1375.70070119878,0.0182583398300006,0.0221548728441282,0.0226717499927587,0.0376424273381881,0.0216535445817678,0.0287676612838934,0.0128420713278395,0.0192729385987304,0.0264970621997684,0.0346309408270768,0.0283891891788939
1378.53587879364,0.0357593485354646,0.0391913779277,0.0410004622177102,0.0408682155722132,0.0408001957973174,0.0499276194109286,0.0181112187289115,0.036452101399059,0.0356722380278601,0.0432289587778734,0.0416210953262242
1381.36909226928,0.0257993052885238,0.0361719423771057,0.033107594744,0.039989090332424,0.0409210303896335,0.0381713598974859,0.0191359443965571,0.0217459768981336,0.0323929802840327,0.0340928636697842,0.0441828798086845
1384.20034350613,0.0234032248866874,0.0273062667925324,0.0343746938349977,0.0266410402673558,0.0312810154282933,0.0394985137805012,0.0106092497802048,0.0253647992382328,0.0285031870411505,0.0324999189178276,0.0304952423984544
1387.02963438217,0.0212080204862211,0.0253413614695212,0.0333549229467593,0.0300249497505233,0.0381723866983562,0.0347245133376842,0.0175502650265581,0.0222036090870128,0.0289038791489914,0.0413327937168709,0.0311237004077386
1389.85696677295,0.0168256850333818,0.0346656712481144,0.0329621555904737,0.0284237351728674,0.0360543825148673,0.0362759435564201,0.0164563475747864,0.0233450112237732,0.027673230674642,0.0311014953971449,0.0383057378464558
1392.68234255156,0.0269730202096291,0.0327110002640808,0.0165461974952315,0.0290277024037577,0.0386992050378013,0.0310723608440671,0.0086921950107921,0.0179328108577238,0.0313459091661552,0.0217618144310971,0.0255998284924148
1395.5057635887,0.0192117788114213,0.026582285713988,0.0236516200607518,0.0252336646143629,0.0380941542134571,0.0372086546033096,0.0089662312995495,0.0172758329003856,0.0309369936723815,0.0348219643252618,0.019447676739853
1398.32723175259,0.0241893382326849,0.0252652045302854,0.0234754403126199,0.0293679162417577,0.0384961914908429,0.0335379882676524,0.010000238001192,0.0102916471657906,0.0286928360095803,0.0323659272830111,0.0375581616650655
1401.14674890907,0.0188207725357567,0.0331482032860929,0.0326680924470333,0.0315989603879735,0.0313917822392191,0.0396813390484052,0.0133106564250173,0.0096462120197449,0.0380911021229748,0.0345714281750465,0.029231155839648
1403.96431692153,0.0078822869857256,0.0195132423526988,0.019177780138256,0.0229756622170791,0.0285499586722333,0.0310036722640282,0.0025210691041406,0.0051617466730213,0.0227832917612814,0.0221478845035632,0.0138734327644307
1406.77993765095,0.0066978527787802,0.0280346176173075,0.0210922744267035,0.015384057329378,0.011691373487854,0.0338843241193139,0.009171602268474,0.0174204747527188,0.014012903496304,0.0225902743087426,0.0283582599260957
1409.59361295591,0.0081032088791703,0.0187996161906212,0.0146848564092067,0.0221780485852805,0.0093622562735132,0.026740322500378,0.0049065859133748,0.0057107227323853,0.0209695406827625,0.0205991685195171,0.0164057262517894
1412.40534469257,0.0039389242605114,0.0225266661219416,0.0082808231436272,0.014889444400734,0.0240668719914906,0.0222163958807853,0.0007954695874336,0.0016973357323038,0.0228241070654698,0.0234919268514239,0.0199833853542871
1415.21513471469,0.0055488370394106,0.0047359981941357,0.0145763782053779,0.0180246350962637,0.0149893314074695,0.0174784967261244,0.0,0.0056067103426668,0.0114083528908974,0.0188515633482531,0.0005199345751958
1418.02298487361,0.0,0.0166253154957772,0.0065144144127969,0.0238062810963745,0.0201913391503061,0.0234274104359435,0.0013755016692462,0.0,0.00796003786709,0.009782441597307,0.0092016048860183
1420.8288970183,0.0163400050247686,0.0243415899844043,0.0082384129786259,0.0276853993041937,0.0366681325141224,0.0189159384883634,0.0021243051183805,0.0005533783243897,0.0188098286571457,0.0237799393663589,0.0110957528592129
1423.63287299533,0.0137796679599016,0.0166006431121565,0.0209972699046593,0.0220313702046756,0.0118348639063905,0.0248734777163474,0.0025725495600445,0.0056140377219532,0.0102632627623522,0.0266969126955998,0.0137227410865716
1426.43491464886,0.0092323638627443,0.0178520130050783,0.0196070428527974,0.0254808956353897,0.0220652181947862,0.0234230086588582,0.005753114651012,0.0161100377594346,0.0270423037050928,0.0172030964410506,0.0224196111814654
1429.23502382069,0.0106587660806392,0.0178563157596573,0.0186371025639753,0.033338238518703,0.0255416224745227,0.0320057171839963,0.0068136611891917,0.0141734176858751,0.0156442262229363,0.0163634755606243,0.0163238825863565
1432.03320235022,0.0132826381437208,0.0324953621762368,0.0207932789456582,0.0381195064333024,0.0280235611193515,0.03034644775348,0.0145493320055647,0.0095299697127038,0.0195656951156441,0.023069546296781,0.0146001195505225
1434.82945207449,0.0184971734312897,0.0325135482709522,0.0344009415184737,0.043199939541116,0.0457874731103544,0.0411186748724511,0.0225913721436846,0.0275118532569229,0.0220616521100903,0.0306693421563469,0.0250112830734966
1437.62377482814,0.0272975163986988,0.0283594645112017,0.0357331478043019,0.0481394111928827,0.0455296982335658,0.0318385462299828,0.0313947847768805,0.024466760874774,0.0214985236340029,0.0384977865959137,0.0371261179689207
1440.41617244346,0.0295340681085438,0.0313175769436958,0.0318664890753683,0.0406115500192461,0.0410226207736959,0.0356441579805363,0.0288287990886381,0.0311550510271994,0.0319668717526777,0.0392377823682657,0.036389514973748
1443.20664675037,0.0323714159853206,0.0340740809560336,0.0431979616563301,0.0498185183695497,0.0497946860399027,0.0411989187351943,0.0349095205190388,0.0396606168282347,0.0387636986311842,0.0362154816154988,0.0315347186660087
1445.99519957643,0.0517306085506901,0.0477044319336593,0.0537014896579441,0.0606457035343612,0.0470560094766737,0.0517731016857102,0.0550957405733521,0.0531500272859438,0.0498532378394667,0.0571478251254777,0.057009198621862
1448.78183274682,0.0533816796073889,0.0462966561482636,0.0525544544902991,0.0631147528657733,0.0578471448165324,0.0514518941964005,0.0595155839304501,0.0481011684211531,0.0468569260975083,0.0477100824607564,0.0514386162256777
1451.56654808439,0.0564298632224458,0.0459414440823322,0.0537016765384289,0.0638292110656994,0.0598822738868847,0.0554962711170497,0.0546895461169926,0.0550478986031387,0.049991417302037,0.0533578460318463,0.0461167098625159
1454.34934740963,0.0632633747272158,0.0407877892287047,0.0471529847977868,0.0613217395489147,0.056667195726581,0.0582380092629443,0.0626045434519571,0.0540868920591149,0.0439412286387936,0.057239474129319,0.0424991131876347
1457.13023254068,0.0470157963499157,0.0458815850980315,0.0535134382523734,0.0699732558359229,0.0572165835601512,0.0614213048964853,0.0643065160148885,0.0522297227633586,0.0501483153126739,0.053146550763175,0.0425266480997519
1459.90920529334,0.0530618467790758,0.0534910864642017,0.0590464877271823,0.0710007815019453,0.0545192619068413,0.0598139637417635,0.0740490489302491,0.0766175502408252,0.0526845400134079,0.0656916872707078,0.050808590819001
1462.68626748106,0.0535399549289148,0.0504514037492717,0.0573001959628457,0.0604422788870385,0.0535834569903256,0.0555961873574767,0.0613540671135335,0.0532912619604428,0.0444027025268516,0.0578454526643004,0.0469676873515661
1465.46142091496,0.052032433268167,0.0501366421266003,0.0665901465797145,0.0679401223945817,0.0674303492922302,0.0509481878832477,0.0650397130060904,0.0546270117915941,0.0453153444242172,0.0701852799499523,0.0593867750540053
1468.23466740383,0.0513255529791776,0.0337396228968641,0.0502854298238549,0.0581290172922511,0.043975873915973,0.0436899079329538,0.0623610522789151,0.052126834394681,0.042557410129097,0.0477212115203634,0.0502223323354289
1471.00600875413,0.0514194132352633,0.0418007096432008,0.0500123203125563,0.0553686753800547,0.0533336142955356,0.0469023556655143,0.0531664317754492,0.0455646537190351,0.0396005548046402,0.049656511970107,0.0354851173986549
1473.77544677,0.054304253578632,0.0448551923354759,0.0595270506640323,0.0621540274334583,0.045923385071699,0.0470687122796979,0.0612629118150763,0.0496422121141633,0.0429796237899148,0.0507135529505464,0.037978664900467
1476.54298325324,0.0406757121853445,0.0330815496087786,0.0478180145667107,0.0450267496755253,0.0407761740599645,0.0376485775439547,0.0566265496677752,0.0403846888768265,0.0373789297815501,0.0422447206728583,0.0412070341762216
1479.30862000336,0.0346146439894932,0.0330192243398181,0.0471458147103287,0.0396465593328527,0.039144181640385,0.043495886142243,0.053814545690912,0.0419933999189283,0.0460786061205154,0.0413238905630449,0.0286741854498858
1482.07235881752,0.0432859044097985,0.0335928778190967,0.0468958081815059,0.0446931349178667,0.0415283796765237,0.0401929162993002,0.0441835625756137,0.0293624594261324,0.0302786404066796,0.0401904078439164,0.0372539779284432
1484.8342014906,0.0324586069791528,0.0253988526829845,0.0306254157319178,0.0419694854728228,0.0304003191500735,0.0403847199670255,0.0345573656414672,0.0368715543557926,0.0310256194550397,0.0368487563586673,0.0278893983106655
1487.59414981516,0.0399462037069509,0.0316332684068859,0.0385048449689857,0.0410145189960002,0.0313018131961687,0.0429813212052513,0.037067565085279,0.0432597634341915,0.0323911594395201,0.0341816685484223,0.0326025793844596
1490.35220558147,0.0337068734525054,0.0282643450895199,0.0370243930476802,0.0295010654730494,0.0209449357337201,0.0303233789926351,0.0341237681847001,0.0191235141002809,0.0331500874520121,0.031302324152639,0.0213122560088373
1493.10837057749,0.0276719486721711,0.0209344445966125,0.023478312157324,0.029735758837023,0.0278765834423194,0.0379479222520014,0.0322467116471,0.0237227762278665,0.0214581047480084,0.0308717437416486,0.0328332837059638
1495.86264658887,0.0303994275449591,0.0257347151061432,0.0332500103297724,0.0314460016324724,0.026054229388477,0.0348964659702135,0.0388670901470697,0.0260706356311246,0.0265178886694353,0.035107475812963,0.0254398864917228
1498.61503539899,0.020594197887608,0.0217678495929614,0.0207575120659532,0.0239187227304222,0.0199853808117629,0.0344682277372007,0.0256274473012531,0.0144056053276472,0.0238238637567571,0.021835568768671,0.0168413662666528
1501.36553878894,0.0406478374915334,0.037454477873152,0.0342888765861528,0.0323960708754156,0.037716199092138,0.0347011439106191,0.032562204746639,0.042107375909016,0.0333891380518916,0.0354043826455388,0.0359064669272124
1504.11415853751,0.0368248143156575,0.0230588592834919,0.0313840817865322,0.0358920208474757,0.0214019380498504,0.0294907611513723,0.0282808083162828,0.0254879240886331,0.0280533171599934,0.0190482528522129,0.0309629575437009
1506.86089642123,0.026439948527868,0.0341682749412771,0.035354659364927,0.0275091175356603,0.0286372275932493,0.0336625235301629,0.0375017068558798,0.0403190199997146,0.0208861734537922,0.0270940392375653,0.036701723469844
1509.60575421434,0.0435260304483048,0.0319135979203451,0.0451600037494201,0.03307663331451,0.03688521029353,0.0350074200309856,0.0355066532225758,0.0370665045436287,0.0372105058001051,0.0364806984393429,0.0325024840837614
1512.34873368881,0.0395219667553463,0.0323859865168429,0.027081923116665,0.0326357373460639,0.0188511871724299,0.0274209639529397,0.0370054318295372,0.02658729077215,0.0302612091917177,0.030577750850558,0.0302523844058816
1515.08983661433,0.0391064542921473,0.0326599215906418,0.0360689315070671,0.026333231902144,0.0321299787991463,0.029435000390581,0.0406333388996566,0.046202037272103,0.0265862806637412,0.0300073095203485,0.0265552216225186
1517.82906475833,0.0420805874945777,0.0268842105388871,0.0419410785289524,0.0322205178125328,0.0344021165795406,0.028186404612294,0.0430542498828103,0.0386861624632681,0.0404809196012877,0.0367652122741073,0.0417889863428424
1520.56641988599,0.0572013559191237,0.0317770133993611,0.0509426071571159,0.0356218558724937,0.0356842259381073,0.0400268573159629,0.0576130847579839,0.0547050861548162,0.0372286672959648,0.039320991304885,0.0468425270727949
1523.30190376021,0.0446647026531318,0.0416960962426147,0.0422598701763014,0.0378581841823705,0.0404838545025216,0.0438084134318819,0.056558825178597,0.0465341210999433,0.0360258227551916,0.0367878127936136,0.0468104424718068
1526.03551814165,0.0643759806232521,0.0428492375276617,0.0527333390657715,0.0370217417187952,0.0440433213017099,0.0486880496470273,0.0574824252775498,0.0542079539043657,0.0405483760697194,0.0524487286262254,0.0552780256755416
1528.7672647887,0.0514545222760584,0.0358634743370731,0.0525994128844373,0.0334061178839332,0.0421057721547767,0.0465991196538693,0.0628103207063663,0.0476442349738068,0.0365013588358386,0.049272982447301,0.0523527923110888
1531.49714545752,0.0488888476971791,0.0311876626843568,0.0466453441452563,0.0297998237243159,0.0234027244433198,0.0259864901301444,0.0484308880440461,0.0372474972678821,0.0306239507648771,0.0308084610622903,0.0387625539947282
1534.22516190202,0.0614556757241357,0.0472118275622085,0.0548525023338334,0.0458688648645254,0.0497862698757613,0.0487684703157226,0.0622645137194636,0.0576243270650594,0.0482390596695142,0.0447300847098309,0.0535650117217225
1536.95131587387,0.0525350861960713,0.0461114925923918,0.0509955743827319,0.0337695698951855,0.0386204092919338,0.0412538122473963,0.0698874581407029,0.0501928326088575,0.0431940162580671,0.0364891611262927,0.0509100720529978
1539.67560912248,0.0551647929121412,0.0502471513510994,0.0508931610395531,0.0398782330241058,0.0394869178574255,0.0496631829381573,0.055225379920173,0.0538570026634539,0.0426495925115069,0.0415647701148379,0.0494775400869715
1542.39804339507,0.0502387425231006,0.0512599218903584,0.0528802667566755,0.0389521635694825,0.0441223515540629,0.0587351644524484,0.0607394119206467,0.0582124618034859,0.0498733620400786,0.0335695367227764,0.0516934666333716
1545.11862043658,0.0590525094814892,0.0462242602225529,0.0496721237458547,0.036861884083458,0.0277359254283792,0.0486299681615879,0.061862851740426,0.035664576806621,0.0350498718076931,0.0373389453370777,0.0466412187933388
1547.83734198977,0.0583204734428436,0.0460070109645041,0.044599033759934,0.033607481564341,0.0241335751426747,0.0435479835606702,0.0672397200192474,0.0470577492431668,0.0396351503499184,0.0442251045188126,0.0496043454880535
1550.55420979513,0.0528192550329823,0.0338901702520997,0.0378692156583705,0.0308034431270852,0.0205443629344108,0.0341143615006986,0.0650415993315064,0.0494165507439996,0.0321798978992511,0.028505741949058,0.0302585304764285
1553.26922559097,0.0455342576093511,0.0339062067699035,0.0365595810816873,0.0300642926932067,0.0254825637176577,0.0406054020206288,0.0698267775354037,0.0585742321954127,0.0355565883305677,0.0323125564018342,0.0460990906288224
1555.98239111335,0.0430334261940593,0.0333076526579944,0.0398376952698646,0.0357930891419995,0.0219200650428746,0.0362043150657612,0.0623360213635051,0.044448031173768,0.0293435239676689,0.034579884815384,0.0401160781035864
1558.69370809615,0.0427295576921603,0.0300048403030056,0.0458303799161,0.0303782087484755,0.0211257025459573,0.0289780368325805,0.0571276177089924,0.0355375986848377,0.0266107699403061,0.0297642006578478,0.0268652890517712
1561.40317827101,0.0533799185702471,0.0352827368428386,0.0526644525166163,0.0254140892314291,0.0228492092651557,0.0320081718971085,0.0601161294420791,0.0526525903835995,0.0220487401717729,0.0291746955624879,0.0359437246638362
1564.11080336739,0.0415481460687323,0.0315872601464447,0.0359874484778553,0.0200202413796411,0.0145698924936731,0.0289429494282961,0.0465824622506373,0.0424125315337494,0.0262769844709132,0.0277113373300067,0.0329026707661229
1566.81658511252,0.0446513457113416,0.0195453949604663,0.0372196692915014,0.0249108416018272,0.0135666408850779,0.0282854494518591,0.0442790036948124,0.0401030102390276,0.0282677326274116,0.0282569776699555,0.022594136562601
1569.52052523145,0.0533353658422098,0.0363556933571884,0.050533285250979,0.0340685232499268,0.0230950433311929,0.0405010037510707,0.0586655417030659,0.0536408551770855,0.024753561319798,0.0316987476064088,0.048200697739272
1572.22262544705,0.0413286601652545,0.0295643658179947,0.0305532816567975,0.0276798491318502,0.0221201903919208,0.0335399647582074,0.0477341618183627,0.0457049047076904,0.020840062044769,0.0198534330855495,0.0279669746284426
1574.92288747995,0.0404757367609058,0.0267568280949658,0.0366005093935647,0.0232101448719521,0.0138976206877048,0.0217920304384886,0.047578467958392,0.0343903734554037,0.019590660224188,0.0177787050332262,0.0237554671824496
1577.62131304863,0.0422185279550459,0.0218727859918232,0.0393268645690871,0.029906013489797,0.0164575589460519,0.0240076423170582,0.0492510431239974,0.0434475414458951,0.0381600156394326,0.0256965092018538,0.0353238076271117
1580.31790386938,0.0547173071994357,0.0274512280726796,0.0304066653702104,0.0248716401728631,0.0232892885630624,0.0275413575338766,0.0503255092837419,0.0425669086412374,0.0279437063670848,0.0283062828418324,0.0304064244019384
1583.01266165629,0.0570741466324196,0.0274007452511112,0.0379395187105539,0.0286547864584333,0.0231241389376451,0.0241082284099442,0.0533801121211909,0.0462248631861435,0.0303986135608751,0.030043146499293,0.0354467150084471
1585.7055881213,0.0594396051842485,0.0261100550094861,0.0448576592513981,0.0302478707680613,0.0252277144796005,0.025045783404715,0.0568983986476961,0.0435643426185179,0.0291871859229685,0.0260287456640248,0.0346758426393685
1588.39668497415,0.071566130645799,0.0277589065688133,0.0376318125556574,0.0394845433838003,0.032605169735462,0.03449665292826,0.0589089497602568,0.0544903535059195,0.0367670238914903,0.0435383639680664,0.0402238717995586
1591.08595392242,0.072754947801874,0.0365270451761181,0.0401986919748195,0.043449213268401,0.0332365852336458,0.038507158203354,0.07685212662372,0.05366956755764,0.042314498077704,0.0375570939095304,0.0409313433205618
1593.77339667152,0.0745497451820725,0.0411296035969326,0.0481873671043899,0.0375921465364955,0.0343842175077812,0.0383855737612472,0.0743310266441979,0.0555783762990694,0.0329637906277752,0.0426778867014611,0.0365557516881855
1596.4590149247,0.0608293133075236,0.0394769083133174,0.0561861592488767,0.0412869856196026,0.0332936064042378,0.0393646510450127,0.0740938390043804,0.064288360931249,0.0411861772182478,0.0398304734975019,0.0411679797696709
1599.14281038303,0.0666227667110049,0.0359576630496949,0.0500413807846294,0.0470486057207624,0.0379782748109024,0.0386101291038344,0.078263848683403,0.0546923944693271,0.0308345523044903,0.0301236835308097,0.0460345439227816
1601.82478474544,0.0668525802890597,0.0305719736859551,0.0557711629607763,0.0434290742210605,0.0316603296530427,0.0430989964726223,0.0686425710890111,0.063433672566303,0.0405069467614379,0.0428286822428054,0.0506703491653136
1604.50493970872,0.0688829303440141,0.0270816377044119,0.0450679271962983,0.0377669168730899,0.032620459081625,0.0332088177925316,0.0581206079126432,0.0563573314679593,0.0363026118086259,0.038252340335529,0.0351823012938262
1607.18327696747,0.0625633794044998,0.0399065932554473,0.0445743218131602,0.0398959423844345,0.0356000199518666,0.0403357769198881,0.0571625493427142,0.0531422096102832,0.0402776379232315,0.0399002978051416,0.0417829226772994
1609.85979821418,0.0548600116790752,0.0347738427211663,0.0407610008350106,0.031322991878102,0.0273269202142349,0.0306855180371779,0.0545458513563649,0.0549194471191568,0.0358901202028694,0.0320283958481853,0.0401472741261873
1612.53450513917,0.0479622612160491,0.035925457106476,0.0334198847599758,0.0309818177978306,0.0448633824710316,0.0373985645952291,0.0557303653414212,0.0494747107588512,0.0323301575918701,0.0274983015443651,0.0351274576151485
1615.20739943063,0.0524190253661805,0.024553080944302,0.0265058525048854,0.0325613390013191,0.0175911944295054,0.0266804348277055,0.0508582793630962,0.0266291798382998,0.0220415587063482,0.0247579130350915,0.0420074695316053
1617.87848277462,0.0417589584100113,0.0297055461032314,0.0329242506492443,0.0291632637531849,0.0233911011213658,0.0225144838007612,0.0403845408863097,0.0451940967646774,0.029735582971167,0.0213680929438391,0.0401662976195709
1620.54775685504,0.0464343453370511,0.022543205111261,0.0308195912854014,0.0244570147834006,0.0282060977554729,0.029479519955035,0.0428121348751151,0.0368582663830219,0.0257998033105289,0.0295254064696205,0.0356690663531978
1623.21522335369,0.0361920162681343,0.0225017089939389,0.0266445620857395,0.024020196770766,0.0230211637635201,0.031005286602731,0.0346333679362929,0.0421110137685958,0.0243258058911604,0.0286069573257448,0.0256046195739477
1625.88088395022,0.0619850375152718,0.0406573575513474,0.0562007974039762,0.0362191892145418,0.042394539841664,0.0458425107952081,0.0520960777509053,0.0577856951150197,0.0508417224706447,0.0434491951125286,0.0541267389147815
1628.54474032218,0.0441995789844616,0.0266450558960077,0.0306091079274399,0.0161404668207273,0.0182118353056068,0.0207917891742241,0.0298330302006887,0.0338930118507878,0.0250875593804062,0.0272624224688889,0.0368099430088429
1631.20679414497,0.0399586220734129,0.0237246450814715,0.0327125579235018,0.0133946250131934,0.018086893372144,0.0232247822681063,0.0313917835184315,0.030601388057515,0.0209925203646061,0.0299411636815597,0.0357604501370889
1633.8670470919,0.0184115781307118,0.0195661759468957,0.0108901882319433,0.0065522758647659,0.0047069827736281,0.006918810294897,0.0227993349608254,0.0074214007844122,0.0173174263757994,0.016891982561946,0.0158009057906099
1636.52550083414,0.0137931050509986,0.0112439406664896,0.0084374518049211,0.0066220569315556,0.0033649879867832,0.0050150072993498,0.0174024772763265,0.0062002868139513,0.0105905171871849,0.0065205644300063,0.0118663997448829
1639.18215704078,0.0189380873378629,0.0064905653330843,0.0139062406990507,0.0061182921263833,0.0062979542952333,0.0142430456472637,0.0223298825457756,0.0160806629857438,0.0091852225770798,0.0110237125334385,0.0176494136846578
1641.83701737876,0.0211080477126099,0.0032163225751897,0.0162645785916159,0.0,0.0022369266315569,0.0073487350109612,0.0128594571017438,0.014668675689791,0.0090171125463757,0.0042343273791963,0.0224754077491967
1644.49008351297,0.0179145849387289,0.0007943786637552,0.0011499857423745,1.45116267428887e-05,0.0,0.0063536315398329,0.0030964925082999,0.0137269485345973,0.0,0.0056671281479645,0.0076638298228404
1647.14135710615,0.0149309123758487,0.0027776729641618,0.0108176715027502,0.0,0.0089441488293507,0.0145283814181971,0.0147303857986095,0.010088777658793,0.0060617866672156,0.0035691337505571,0.0100908903122228
1649.79083981897,0.0081762745111229,0.0,0.0061348898138421,0.0,0.0,0.0,0.0066579932833451,0.0010398234641675,0.006746666176616,0.0017103489055333,0.0093777779111312
1652.43853331,0.0060105439099333,0.0,0.0035458659934255,0.0,0.0,0.0054053247460286,0.0058771225645093,0.0,0.0062184036329126,0.0,0.0
1655.08443923572,0.0066424619848523,0.0002590840332447,0.007838269814545,0.0,0.0,0.0070767704219739,0.0028324777089451,0.0092364945015296,0.0,0.005363709684932,0.0055670317776487
1657.72855925052,0.0122616111889193,0.0039814263236434,0.0096452566660652,0.0031277404547859,0.0015436956131331,0.0,0.0031361207758355,0.0038619812048147,0.001114384776773,0.0037798640228811,0.0029548154151814
1660.3708950067,0.0,0.0029140916826625,0.0068853756260267,0.0,0.0,0.0071875485350118,0.0083049287949334,8.95509410311167e-05,0.0026657363459156,0.0,0.0052088919294034
1663.01144815449,0.009998747164663,0.0072977006238853,0.0060115157729164,0.0060292064599607,0.009976541410733,0.0106419122218062,0.0069633678940813,0.007419993690971,0.0111735614950846,0.0104236846550537,0.0120867598624045
1665.65022034204,0.0,0.0,0.0,0.0,0.0,0.0,0.0009315850446332,0.0,0.000292259052537,0.0,0.001025949318821
1668.28721321542,0.0095729497322233,0.0008607474720691,0.0057591791604536,0.0032645697819558,0.0097210568729455,0.0114849296748112,0.0052256537065658,0.0081131065871862,0.002290327330757,0.0029480039923755,0.001382176188245
1670.92242841862,0.0164435078326424,0.0034158026357922,0.0072135297917548,0.0076291384386615,0.0001061524967387,0.0075655441517095,0.0086216312512833,0.0130125298741313,0.0147171183698013,0.0087735580970247,0.0112147028799868
1673.5558675936,0.0105868954268806,0.0,0.0,0.0,0.0,0.0030053934054119,0.0,0.0059423781980126,0.0008111990050731,0.0021992374899554,0.0067479566703651
1676.18753238021,0.0097181935820407,0.0066982017044702,0.0078717205687076,0.0,0.0054770083388703,0.0132852682284196,0.00179893275261,0.014499943080314,0.005503464940002,0.0076187656772765,0.0115151098337075
1678.81742441625,0.0158279845294152,0.0093067066511041,0.0072839128313479,0.0015838826955842,0.0111972592399615,0.015293274099625,0.0129669980082307,0.0031709332401269,0.0102089993024217,0.0117266785318887,0.0158119062003134
1681.44554533749,0.0042346436695743,0.0,0.0069175940530739,0.0036603186529798,0.0024126939249549,0.0037965793941367,0.0095863749178175,0.0033982167310839,0.0079840387288735,0.0032133263414411,0.0133306133388974
1684.07189677761,0.0095723308315592,0.0045464292200133,0.0017770892758576,0.0,0.0079226283069632,0.0101927672403131,0.0004543756799166,0.0009308866632436,0.0084275609929145,0.0007067064258738,0.0021304181143298
1686.69648036825,0.013528861164117,0.0034476217472303,0.009139556821146,0.0,0.0071921244375864,0.0052648040862699,0.0075646167920432,0.0088891556937239,0.0080677335268782,0.0077551689296781,0.0120524669747743
1689.31929773902,0.0025690943617024,0.0044571564658167,7.12131804910475e-05,0.0,0.0,0.0060197947412929,0.0,0.0051047552625361,0.0050665645050967,0.0008521490453489,0.0030661923876781
1691.94035051744,0.0186921584493074,0.0015143770924159,0.0089181727000288,0.0036071067101063,0.0133052991337757,0.0054805988019928,0.0089304833611667,0.0072220629121693,0.007797688124499,0.014814328167065,0.0074388724272337
1694.55964032904,0.0013876377857744,0.0029791058845339,0.0,0.0026788832604337,0.001617544175731,0.0,0.0031862567088339,0.000990057420975,0.004007252610714,0.0,0.0028504351743794
1697.17716879727,0.0121614562443188,0.0048806089668773,0.0043807986293646,0.0086657231294125,0.0079814776632893,0.0066251373672672,0.0083760153118763,0.0,0.0016604298082011,0.005542151667676,0.0072541960832522
1699.79293754356,0.0,0.0022031728028302,0.0043187698883994,0.0040996346785038,0.0005927605763286,0.0035121905923558,0.0022027624518759,0.0060059779164732,0.0025954348606287,0.0086976927096714,0.0
1702.40694818732,0.0066764789450335,0.0,0.0017729660402064,0.0,0.0,0.0,0.0022616188050221,0.0,0.0,0.0,0.0
1705.01920234591,0.0,0.0,0.0031964185456665,0.0,0.0031583743981512,0.0,0.0,0.0,0.0,0.0,0.0030920389845314
1707.62970163467,0.0,0.0,0.0,0.0016545070739367,0.0,0.0,0.0,0.0,0.0,0.0,0.0
1710.23844766691,0.0,0.0,0.0,0.0108051443224539,0.0048077703322506,0.0005814747651623,9.13462348811364e-05,0.0,0.0011683972770925,0.0051123657022192,0.0
1712.84544205395,0.0,0.0,0.0,0.0,0.0037866511628821,0.0,0.0,0.0,0.0,0.0,0.0
1715.45068640504,0.0,0.0,0.0,0.0039077801417303,3.2582708763004e-05,0.001058058212234,0.0,0.0,0.0,0.0,0.0011635962880325
1718.05418232747,0.0,0.0,0.0,0.0009245000516004,0.0053159561696456,0.0,0.0,0.0,0.0,0.0047469619584088,0.0
1720.65593142649,0.0,0.0,0.0,0.0006003560232796,0.0,0.0,0.0,0.0,0.0,0.0,0.0
1723.25593530534,0.0,0.0,0.0,0.0096880337188612,0.0009231975536677,0.0,3.37589540165389e-05,0.0080213114069924,0.0,0.0025388422101036,0.0009810787449483
1725.85419556527,0.011302656164389,0.0053365401110269,0.0063658292930912,0.0183523756616634,0.0077758031793694,0.0067712283987901,0.002946155281711,0.0058904583641933,0.0019190904218041,0.0149944161332292,0.0094450448540955
1728.45071380552,0.0,0.0041290556128492,0.0029260422769823,0.0130884386192545,0.0091414100260192,0.008183317670986,0.0,0.0033293508803614,0.0050583395356979,0.0077344541999938,0.0
1731.04549162334,0.0011326001789251,0.0110927642695238,0.0128238104790107,0.0144475136425198,0.0117818050091554,0.0002350863686705,0.0063866841948131,0.008029385027115,0.0094383424805698,0.0146890771955412,0.0055588346208008
1733.63853061397,0.008907218675005,0.0118070999836589,0.0075411482739502,0.0200810248373819,0.0214570490187831,0.0064752528376015,0.0097970580821805,0.0098110997163217,0.0019881010092159,0.0145690060938408,0.0097065938276965
1736.22983237067,0.0065440704402642,0.0071081533926439,0.0060208163997711,0.0148691770546769,0.0198857936458487,0.0018289795189033,0.0057892877608957,0.0036979135684927,0.0039482614720453,0.01180966350312,0.0065930822516522
1738.81939848471,0.0185267971184236,0.0164326615011011,0.0120098468951246,0.0243544608088528,0.0183375817526736,0.0083187224991704,0.0110490286518857,0.0166094209681278,0.0110299805872679,0.0248176974349433,0.0119883243527341
1741.40723054537,0.0104192830731825,0.0209711191514713,0.0103125280309634,0.0282792157752495,0.0213203276819586,0.0191852299614082,0.0148066108641183,0.0227573657540551,0.0183316833927437,0.0189978837207933,0.0098798826636552
1743.99333013995,0.0196436441213609,0.0115278244289412,0.0102962387534214,0.0288454833438005,0.0150604141131248,0.0117521348675492,0.0160003266173298,0.0223681128510161,0.0189094549549985,0.0160833225007141,0.006090594206359
1746.57769885376,0.0215173487426489,0.0213332673853712,0.0198712445834418,0.0354482703291522,0.0248516248198794,0.0259214073577801,0.0194842657339987,0.0244903370704284,0.021954018572324,0.0269406860730645,0.0205149780051304
1749.16033827016,0.026590324733601,0.0238450642657598,0.0209275474408153,0.0345825068991372,0.0369203196669252,0.0244077910395567,0.0208595992063911,0.0245998980994776,0.0250146461287932,0.0324982642358301,0.0138495623720367
1751.7412499705,0.0215260760883491,0.0234522561997989,0.0151305298224565,0.0448913150942471,0.0279764836659744,0.0198578626726797,0.0283175452827352,0.0263163548307198,0.0203304608296482,0.031203841206886,0.0229718775670313
1754.32043553419,0.0280215494819875,0.0255888649768279,0.0274597708437382,0.0439151099136579,0.0333311556409788,0.0286249754544128,0.0330603388660679,0.0264728425154742,0.033839574422203,0.0416858463473459,0.018525647003183
1756.89789653866,0.0357260377003911,0.0254480965884827,0.0300216249117727,0.0488290491901766,0.0402124452505313,0.0323935898608196,0.0309925312463115,0.0323083634628347,0.0283710956671452,0.0475337723869784,0.0301099792070373
1759.47363455937,0.0376727634451912,0.0349428716722551,0.035930409062802,0.0564037382689403,0.0413579613767796,0.0379231450372659,0.0347042636419562,0.0487997442610472,0.0325181958780313,0.0405424396518085,0.0305521232407293
1762.04765116983,0.0294826105162807,0.0350546377899331,0.0337373166144918,0.0609142694218385,0.0440303741126395,0.0417250501230518,0.0369146457565317,0.0451820226991983,0.0366818770494021,0.0482108932492547,0.034166451751529
1764.61994794158,0.0412128522127811,0.0397862735426809,0.0386382727879462,0.0591312529887057,0.0484802563432258,0.0355137579354948,0.0347416983612611,0.0470175043764598,0.0331012548693235,0.0490280145055983,0.0385269226658014
1767.19052644422,0.0420101852186283,0.0405690486709755,0.0291926569136961,0.0579541513061104,0.044690451889802,0.0352065167237444,0.0418374541990337,0.039828600260203,0.0362772272996818,0.051421030466549,0.0336864309178717
1769.75938824539,0.0304812748022629,0.035104107266902,0.0305882282959827,0.0572362798404061,0.0444314188164555,0.0399312694156098,0.0372690364342053,0.0414864110066668,0.033547218839546,0.0553900781786078,0.0329888925457266
1772.32653491077,0.0386740597337042,0.0292434607266301,0.0353312490305876,0.0603540762591628,0.0459502754305069,0.0346430844560892,0.0404526606291515,0.0422638372298373,0.0312426692473587,0.052286420113599,0.0264871804281184
1774.8919680041,0.0351379326225655,0.0482759276297803,0.0355116211424449,0.0615825825541508,0.0515010607702477,0.0402742868435827,0.0415286707602121,0.0448756012298751,0.0426391185617361,0.0554161509256456,0.0297088116553871
1777.4556890872,0.0491341175253652,0.0476852212816911,0.04237025398562,0.0634174475272021,0.0598317471151058,0.0500656036552026,0.047626557624121,0.052941290572445,0.0487425955606,0.0612311531460104,0.0504175791026988
1780.01769971991,0.0527949696545689,0.0517151254557695,0.043625623170758,0.0693819115361614,0.061676461215729,0.0485360151819611,0.0496450758929523,0.0560551219037559,0.049961692596957,0.0639656398369104,0.0456706506882534
1782.57800146015,0.0439309689904905,0.0474079424080175,0.0505186350797348,0.0766869296308193,0.0675535193615513,0.047023896969497,0.0501630365163034,0.0578366786777491,0.0440498908644057,0.0731556906721478,0.0440967389881675
1785.13659586393,0.0506090170391445,0.0575444912650624,0.0453555246458479,0.0787267538159357,0.0734561360729577,0.047927838101684,0.0541862932724126,0.053309335913341,0.0430572866387365,0.0739431121491631,0.0505482758007695
1787.69348448529,0.0475491484349443,0.0511932951557548,0.0489527098351145,0.0730059053820554,0.0601011062298158,0.0464509578870658,0.0557990584616082,0.0655472734843952,0.0453501008950433,0.0669933168532723,0.0548355064524803
1790.24866887635,0.0516712065522169,0.0505081844463742,0.0444490488208135,0.0778741724650595,0.0665561322235789,0.0500068777092687,0.0478719620075719,0.0603919937434606,0.0503157269377037,0.0700477629843235,0.0470112816242824
1792.80215058734,0.0502356938650865,0.0577882785186522,0.0441262968566337,0.0805602792372856,0.0640215271570818,0.0463851785094129,0.0549789699383431,0.0609176697858235,0.0495805144041169,0.0702441240796596,0.0532782270289397
1795.35393116651,0.0631483329843049,0.0646737826408835,0.0598499102381697,0.092514547937862,0.0772903535908491,0.0602250501118455,0.0661984487973534,0.0702914893117867,0.0576454591738192,0.078449118519092,0.0600499504957008
1797.90401216025,0.0591573912367522,0.0661488787881034,0.0495708758620379,0.0890750922379225,0.0700498830465862,0.0559852539154736,0.0586252679847308,0.0767503207134587,0.0546995847800808,0.0704902661612836,0.0503434206956867
