Wavenumber (cm^{-1}),Spectrum_OrigIdxInItem_90,Spectrum_OrigIdxInItem_86,Spectrum_OrigIdxInItem_121,Spectrum_OrigIdxInItem_22,Spectrum_OrigIdxInItem_63,Spectrum_OrigIdxInItem_75,Spectrum_OrigIdxInItem_113,Spectrum_OrigIdxInItem_15,Spectrum_OrigIdxInItem_97,Spectrum_OrigIdxInItem_53,Spectrum_OrigIdxInItem_109
380.958441887711,0.0196042248425917,0.0315992495534673,0.014974279035205,0.0196771668762184,0.0,0.0080482737319246,0.0153805466600095,0.0497361482519984,0.0073659351351252,0.0308053319985688,0.0225501215433655
384.515243875205,0.0090690138628483,0.0318004306126219,0.002769066852917,0.0107474995657823,0.0,0.0225167243805994,0.0,0.0628898227843406,0.0088596670612583,0.0398309447063379,0.0097999503698512
388.069349005981,0.032092189250245,0.0186709127246312,0.01937358405286,0.0142063196618728,0.0,0.0065526575912151,0.0222214678188714,0.0583633839894543,0.0152452364725519,0.0224061262593682,0.0104976760323125
391.620760167868,0.022523457301213,0.0051755935476357,0.0041393391647686,0.0067052035097444,0.0,0.003231014264209,0.0,0.0464826540471427,0.0018083232442944,0.0,0.0005986840292681
395.169480244544,0.0008799356862825,0.0101141695324644,0.0193884181575891,0.0,0.0,0.0,0.0,0.042091616524793,0.0,0.0214205108595551,0.0
398.715512115511,0.0403882053994008,0.0295973442733298,0.0295682097197349,0.0334185590285041,0.0328041520596796,0.0256704806598192,0.0219342870564322,0.0426090775292244,0.0261129497257992,0.033569331864844,0.0228335768352175
402.258858656118,0.0013171294530457,9.60673866994528e-05,0.0,0.0,0.0,0.0,0.0,0.014904056091613,0.0072013315063818,0.0024337945445325,0.0068778677986128
405.799522737568,0.0046495437554066,0.0,0.0,0.0,0.0,0.0,0.0,0.0,0.0,0.0016216681357235,0.0
409.337507226919,0.0036904772190066,0.0,0.0,0.003725101789689,0.0,0.0,0.0074933388541252,0.0,0.0,0.0116586502866333,0.0
412.872814987094,0.0101140699607231,0.0105314079308734,0.0,0.0041527056435424,0.0183832963150962,0.0,0.029927658569327,0.0006125861184835,0.026972437556098,0.0,0.0
416.405448876898,0.0026950478252651,0.0,0.0144725717158704,0.0051442867494831,0.0393845462716534,0.0109231402229291,0.0077506353421438,0.0,0.02192987635992,0.0065158927065635,0.0083652865568599
419.93541175101,0.0,0.0176103787378285,0.0,0.0,0.0073105097770835,0.0056757521235012,0.0022863575160659,0.0,0.0069518385568395,0.0,0.0
423.462706459995,0.0199115943285303,0.0102311381579738,0.0162048571119103,0.0036649206778618,0.0233527824692874,0.0257650443777832,0.0175059030964964,0.0,0.0082746517254135,0.007141973135125,0.0252655374718277
426.987335850322,0.0,0.0,0.0,0.0,0.0181463045983715,0.0065766809154569,0.0013497413959234,0.0,0.0,0.0,0.0
430.50930276436,0.0068764117778194,0.010911636664627,0.0035213332119432,0.012934302353434,0.030862214424633,0.023494576889637,0.0279371415842933,0.0070011577150688,0.0,0.0161790619573167,0.0255187599800915
434.028610040384,0.0151489765698893,0.0241580153770583,0.0023356784181873,0.0,0.0158011505338894,0.0226732907551206,0.0332964566209312,0.0,0.0070069952899904,0.0,0.0095423580265922
437.545260512592,0.0017969087000889,0.0081923674761838,0.017415090854363,0.0026291971741573,0.0423286110552827,0.0471895463214282,0.0187513956662072,0.0065785410863215,0.0069943837484425,0.0125027463480758,0.0078607153371211
441.059257011108,0.0,0.0067737288879865,0.0010754085428531,0.0,0.0104769823346595,0.0201210713655203,0.0,0.0137335257061225,0.0,0.0,0.0002251108216068
444.570602361988,0.0,0.0,0.0068571933862687,0.0070177548933018,0.011645542239814,0.0203135799259976,0.0177448922781998,0.0486058453964468,0.0,0.0,0.0174312118294823
448.079299387222,0.0088769894792231,0.0226196232257725,0.0335058222660285,0.0100601732765999,0.0221686302317255,0.0039211489516558,0.0101068507822599,0.0606343506381668,0.0059076018187653,0.0198761407861782,0.0130751086614819
451.585350904754,0.0,0.0265946010968182,0.0145141389036093,0.0224625190889781,0.0289893072231356,0.0294060570579703,0.0191838812355699,0.0756376642474479,0.0076045440735859,0.0062957478116337,0.0183743071877834
455.088759728477,0.0,0.0230756297500876,0.0168079566902358,0.0008599200231528,0.0182345788998672,0.0021521083161951,0.0101220040230735,0.0669374826664656,0.0229428810310747,0.0283242672283587,0.003377132590553
458.589528668253,0.0045916193209541,0.0204905843628976,0.0106891368294074,0.0071160436847715,0.035196339207197,0.0383147982646441,0.0239523898347421,0.0478726880553707,0.0431771163844551,0.032156178359951,0.035159201521781
462.087660529904,0.0135706552487772,0.0379642659602378,0.0312941613301526,0.0354693015041145,0.0223419600638176,0.0278928453172015,0.0236149783205631,0.0294159615081932,0.0215374740775928,0.0356168439686633,0.0407392946836656
465.58315811524,0.0,0.0187712499764785,0.0020761884760276,0.0155650598788457,0.0188428248598694,0.0097328902798614,0.0024918936199932,0.0064034876079775,0.0,0.0255025227152967,0.0201175751116862
469.076024222036,0.0080491610071996,0.0384378953895071,0.0305361029906444,0.0150289561040558,0.0340839274570703,0.0357594222594219,0.0298512662801461,0.0263875899074378,0.023747058485474,0.0302017648374421,0.0361511360039156
472.566261644077,0.0352942784695459,0.0152790864876808,0.0317609870257987,0.0108138529026381,0.0284860286966079,0.0278940552222079,0.021424690449791,0.0095418009581583,0.0221202845636696,0.0312292650411178,0.0238738792063151
476.053873171131,0.0193359639759939,0.036491069301056,0.0295936265566037,0.0232382484387021,0.0302036746763835,0.0249838999516367,0.0786873949636478,0.0238591440925462,0.0234892091317996,0.0249540460719481,0.038549654823088
479.538861588979,0.0086412523079152,0.0229814415355188,0.0432756450170012,0.013788448761895,0.0249557780680539,0.0251060619070371,0.03575035064462,0.0286730207268136,0.0156859816773093,0.0202889580811622,0.0244930386272471
483.021229679408,0.0180691556565948,0.0450910195458183,0.0276316562061177,0.0340186916981461,0.0400808799141971,0.0444150583547132,0.0240895271891316,0.0207559885458542,0.041298993881606,0.0287878347198081,0.0449834466626173
486.500980220236,0.021794109894743,0.0529007474183543,0.0391313940800857,0.0257033269525868,0.0408960982728061,0.0198322541255023,0.016792434816077,0.0248527001090128,0.0216163365342447,0.0362564214449967,0.0363199405595578
489.978115985287,0.0226465058435627,0.0311756620643748,0.0464030494358593,0.0297825414336172,0.0408667508376018,0.0475147287690014,0.037684259999639,0.0390268397584726,0.0106338031767884,0.035762715207128,0.0301423084414077
493.452639744435,0.0234567412259156,0.043125461854204,0.0348064752266282,0.0407978660248534,0.0379528015199106,0.0586142238035477,0.0289677827003378,0.0325091359890897,0.0543625745127969,0.0385303902735886,0.0361536734221718
496.92455426359,0.0433290782636986,0.0443414754001346,0.0490994492095012,0.0393407701915083,0.0525561881548558,0.0442845412417386,0.0237332811492761,0.0474732469570409,0.049754017342192,0.0297048760482616,0.0315735471326788
500.393862304703,0.0521924671967218,0.0513556664178923,0.045779420069442,0.0305667559034364,0.0548904524890318,0.0479887760353427,0.0537476539676707,0.0785396267702342,0.0447202079200164,0.0380055488385854,0.0476201586923762
503.860566625786,0.051816013352362,0.0609266582852022,0.0650029876366797,0.0593588885131398,0.0527084188226479,0.0608807239397592,0.0625370919146048,0.0919271346019706,0.0578938292692799,0.0528691848350566,0.0564505834367532
507.324669980914,0.0436149377768017,0.0743511986250921,0.0369148020544172,0.0526311444981677,0.0354012500734646,0.0568057567088537,0.0536314583637227,0.0818268395696573,0.0637980562517281,0.0402950263416855,0.0344405059363035
510.786175120224,0.0459859745252663,0.0822290455892016,0.0690174722199058,0.0604218785007546,0.061318347792491,0.0707653599254714,0.0746808003180303,0.0919173768387976,0.073840696431007,0.0738969003129012,0.0866346805393215
514.245084789933,0.0525612990310641,0.0612213370337916,0.0713771814314138,0.0590768241303501,0.0553811399395588,0.0735278459141137,0.0643581806971329,0.0873420345648289,0.072431537569243,0.0586045120972994,0.0653805104198894
517.701401732335,0.0640486474293831,0.0771313270240635,0.0699285782834295,0.0728571597734046,0.0845076411505555,0.0797093299968888,0.0729608949289469,0.0971484741961474,0.0736401462831825,0.0644003806513026,0.0753005901818698
521.155128685819,0.0659431821629552,0.0735564248534805,0.0872599137146023,0.0856900957020782,0.0748436590931701,0.0681552802584734,0.0837234419661669,0.0901375540881267,0.0736641700651424,0.0866632173903399,0.064505728016556
524.60626838487,0.0483390789854738,0.0868020703351832,0.0610449767139801,0.052692791314372,0.0471989751230502,0.0696363694165046,0.0737034217188858,0.0777130575773691,0.0797286697002679,0.0775278840503399,0.0713859418373682
528.054823560073,0.0664267001269413,0.0679210155929527,0.0519371040195322,0.0621152443357122,0.0427854551477889,0.0795372622720176,0.0773149389094157,0.062672166635891,0.0640750431314566,0.0673641427904429,0.0723168955682422
531.500796938122,0.0575865467503127,0.0687782641107496,0.0691393899236227,0.0687711994062788,0.0779248223080905,0.0724723237975423,0.0588204970359585,0.0452300619142784,0.0514200950046112,0.0621141403269396,0.0715174458033139
534.944191241836,0.038092636783874,0.0699246574326885,0.0482334183454235,0.0562843344893712,0.0693776536079782,0.0584420806783869,0.077342112955274,0.044968616051535,0.0683824674151508,0.0650792321619008,0.0516910749592544
538.385009190145,0.0397860715791798,0.0684429159592695,0.0494550046644334,0.0525554085445997,0.0514191297139724,0.0405236891701174,0.0644927467331262,0.0491924966902135,0.0617257676489364,0.0653659494704436,0.0638843260684349
541.82325349812,0.0495769875086467,0.0698439110479603,0.0682031022750028,0.0727482261509686,0.0611808825785502,0.0741055902168209,0.0793945619705464,0.0480034042389846,0.0778421080065751,0.0695766919769223,0.0646447085857128
545.258926876969,0.0504836815291311,0.0559747269420159,0.0647389250879036,0.0598481488563095,0.056635140801326,0.0534121184514377,0.0585135608376958,0.0439836340251926,0.0574107505756015,0.0727599523791929,0.0619879566232131
548.692032034043,0.0258780158062632,0.0492026470973382,0.0541215706215364,0.0505509036729948,0.0585920072502096,0.0646026965045771,0.0556775680676115,0.0349813658267519,0.0441619397593602,0.054778911806958,0.0398829872633999
552.122571672838,0.0447496483308717,0.0667086998321616,0.0489004144470646,0.04576657148074,0.0674596702937357,0.0576742737298873,0.0475025914126442,0.0261611850795486,0.0430395227047065,0.0427029547420495,0.0493768470531099
555.550548493021,0.0267877929021217,0.0673241389473391,0.0561869638368547,0.0552002304173728,0.0497790828734795,0.0776300789523313,0.0657563146413009,0.0411944798391385,0.0445370696534495,0.053698577700401,0.0487041193050358
558.97596519041,0.0385058538544032,0.069850655130755,0.0642687714306514,0.0536801701098474,0.0655321553163561,0.0586965507240928,0.0747005471318002,0.043068479934076,0.0623444572913717,0.0709299217192014,0.0564275386400001
562.398824457005,0.0441707916614026,0.0603492753684824,0.0605967510586979,0.0609194916677004,0.0445362190752987,0.064339811045044,0.0606578356773947,0.038669418496217,0.0671811927120759,0.065346894701042,0.0518753580384986
565.81912898098,0.0674869677479865,0.0754509300085881,0.0715245795261863,0.0556889948921858,0.0606466704415438,0.0695582947802464,0.0637789196583352,0.0499470791310379,0.0636106843325438,0.0514746757273614,0.0666885191211812
569.236881446697,0.060692467723805,0.0606958089456951,0.0594045515845956,0.0592182308146032,0.0420485302268339,0.0466576508991968,0.0425896083656108,0.0484962088810475,0.0683649390527371,0.0752000487236453,0.0662733295103434
572.652084534703,0.0450149229444752,0.0737858030630762,0.053100211035274,0.0460319348839697,0.0519882840802607,0.0702594625198704,0.0668026325867988,0.0541146736197733,0.0609095876551908,0.0563042240120514,0.0620206317800284
576.064740921757,0.0607872910077021,0.086518483701083,0.0764556226677942,0.0637452247736896,0.0676157548048816,0.0822822495220097,0.0618522471819712,0.0487263682723381,0.0762296994703409,0.0911821909143567,0.0619462919399861
579.474853280809,0.0588321328296423,0.0765265097456307,0.0750904104839479,0.0732351206521078,0.079546147855994,0.0842648524415902,0.0678895497724204,0.0592307171482956,0.0736365230155714,0.0778273462913045,0.0542378977390789
582.882424281026,0.0692222907163727,0.0762267277887179,0.0870711277923358,0.0617640712385966,0.0722741407017329,0.0896700350138157,0.0663835462268909,0.0755136546957639,0.0767070164867379,0.0849045288582524,0.0650521850653191
586.287456587802,0.0785136850915518,0.0914543925252402,0.0768414695425365,0.0708815882185602,0.0792591255143842,0.0677262050214403,0.0921907514897182,0.0736889784460067,0.0763148666495712,0.0820429745774088,0.080045426494164
589.689952862748,0.0867064979008949,0.0975728510883365,0.0862328274333876,0.0799647785483621,0.0903002464926427,0.0922858765380458,0.0804521894032225,0.0817318813350989,0.0933752103779586,0.0850885972541989,0.0848739431675414
593.089915763704,0.0835408456908591,0.0835605156147648,0.0909832764473579,0.0814318061451961,0.0809153011693472,0.0868043355404243,0.0889677218891536,0.0716673833798739,0.0887202682745365,0.0805066119713077,0.0934599274162084
596.487347944762,0.0792769354352376,0.0980428897802654,0.088164807048235,0.0877173271689057,0.0878279771859553,0.0997473771449724,0.0996475767061476,0.0897623206814193,0.0923916719094266,0.0844731389557809,0.0952566166268849
599.882252056245,0.0781605151890046,0.0628950226270145,0.0819607059079073,0.0848705909119827,0.0894123277806045,0.0745718417704299,0.0643988587888219,0.0785600129216761,0.080052144336417,0.0745400052218199,0.0839359858037775
603.274630744735,0.097527864369939,0.0721268812850769,0.0594032695102739,0.0810803071957291,0.0860765364090137,0.0920542870361793,0.0886737207955267,0.0643139948581987,0.0764196248703495,0.0926330522944174,0.0945142358418203
606.664486653076,0.0694499445932144,0.0784094667133959,0.0715274557933859,0.0839287269336521,0.0847574230967637,0.092189500712501,0.0784920404705969,0.0678988551784841,0.0761705186642938,0.0783398309706236,0.080162864863359
610.051822420375,0.084499373985501,0.0791495480479072,0.0677170179754544,0.0603579375435733,0.0760701955929762,0.0799780581610314,0.0744464740222138,0.0566044175135529,0.0705586476128483,0.0541086132786751,0.0708355295554999
613.436640682001,0.0857146454677863,0.0769406588904126,0.0944054597333265,0.0731482945184129,0.0730723072594392,0.0738833891473386,0.0575645375783733,0.0631414846605193,0.0717530921274157,0.0770518402213633,0.0669543674531523
616.818944069617,0.073449675404153,0.0695136887544565,0.0599812547805554,0.0607327510593127,0.068827206999197,0.060442783962132,0.0662331594186037,0.063837983485851,0.0732893294464595,0.063647330874981,0.0474253051047609
620.198735211165,0.0795467788826743,0.0711325789483139,0.0501997878382229,0.0770967385465851,0.068639595285118,0.0719675871046216,0.0713315955911639,0.0636437139930168,0.066040818591337,0.0686965220890006,0.0531715135936894
623.576016730871,0.0788862095874304,0.0905502813524595,0.0562768032702321,0.0855425247468636,0.0590441976896068,0.0715309820003462,0.0790372276991197,0.0679389389503717,0.089556893593657,0.086917539587536,0.0715366197521852
626.950791249269,0.06722243873303,0.0726568711434806,0.06357120982642,0.0793979769846236,0.0702363740366129,0.0664415973972662,0.0505221277222567,0.0549880277455287,0.069302835744567,0.069781637041513,0.0510506325618204
630.323061383193,0.0696757627847497,0.0589469984105774,0.065808351806199,0.074130878829053,0.0650843205853329,0.0747785469161889,0.0682963398920045,0.0512613966877247,0.0581376682987466,0.066808258042223,0.0617469988717633
633.692829745791,0.0590033361589113,0.0682234957381832,0.0454187454568691,0.0691348243570421,0.0525651040069251,0.0469209480165412,0.0701467020172483,0.0531008375181464,0.0625265793029779,0.0486158967150381,0.0660779294317969
637.060098946525,0.066694156880177,0.081684036206955,0.0651513285757572,0.0641066882998641,0.0706270144068489,0.0636476435437164,0.0679866209024561,0.0598609100097608,0.0710612766672049,0.0769396633287713,0.0606685052417258
640.424871591182,0.0796575391851468,0.0669107301650523,0.0513810460312418,0.0678421632591829,0.071120967628248,0.0587971472843644,0.0693172127300596,0.0569074825732939,0.0643474426458737,0.0765093956923519,0.063238231961927
643.78715028188,0.0745424055952701,0.0650746567491062,0.0764784145984054,0.0797348401252196,0.0634321275671657,0.0462173740827274,0.0401637232219969,0.0741548910077243,0.0705263306834552,0.0677934746231256,0.0484739188126057
647.146937617074,0.0640859115018096,0.0777969919172142,0.0500852418983498,0.073701684677603,0.0679628547964807,0.0536043132384041,0.0277382161413961,0.0771697194853496,0.0728655954231747,0.0544234340534649,0.0446423839763522
650.504236191561,0.0822539234929884,0.0635824743877795,0.0705083920490548,0.0928104636057585,0.0626788948145167,0.0744188513304464,0.0448369872929037,0.0879034441113301,0.0706048435796955,0.0812978882545785,0.0538533508343904
653.859048596493,0.0826976720855093,0.0830535378291832,0.0808556078368243,0.101576048681748,0.072063077890392,0.0755801578674955,0.0548375999313682,0.102051975624397,0.0736317058839145,0.0837105631360874,0.0668253796642046
657.211377419369,0.0781544306318866,0.0840168063502977,0.0652306937000999,0.072398906480683,0.0679604631896635,0.0578576693338799,0.048474321531907,0.115741710794012,0.0576079535507999,0.0742067464417513,0.0607765400451226
660.561225244057,0.0852534191619692,0.0839783371297584,0.0550082661299548,0.087168511626909,0.0683251634241371,0.0762585622487624,0.066341062491412,0.0969072644628936,0.062083753368554,0.0729247958926253,0.0656613124468811
663.908594650793,0.0841814865371502,0.10011998397611,0.0748700269579916,0.105243556052263,0.0780538655038911,0.0950091788209524,0.0647556655800225,0.0918178572632494,0.0897213110826232,0.0907593958533021,0.0646042233381927
667.253488216186,0.0848454754112338,0.079600050509929,0.0570468475466596,0.0811301192321606,0.0632789821933585,0.0641034571635327,0.0596028017663405,0.0839027632229306,0.0720689579065478,0.0818218934393336,0.0812314187142054
670.595908513231,0.0723854690463747,0.087255396079711,0.0718182606629552,0.0958080539675958,0.081943066726795,0.0808616385878313,0.0557362667075045,0.0778967643262613,0.0825225012366762,0.0923314088331537,0.060697108947254
673.935858111305,0.0726299042827172,0.0637602707981288,0.0472316305144767,0.0704205181482521,0.0557015574593427,0.0841221851643376,0.0769831030654612,0.0722935508777135,0.0488270454543897,0.0711169811693138,0.0608007265852717
677.273339576184,0.053381902955991,0.0587153264975553,0.0711367132639768,0.0719963710470975,0.064939595169704,0.056190517232384,0.0500980607707128,0.0735498015548148,0.0595906390789796,0.0710006597194019,0.0646667938030731
680.608355470042,0.0355165633713487,0.0581807824234202,0.057357378708534,0.0504913287586429,0.0664044505988881,0.0539975432018472,0.0461205960528366,0.0610048033042755,0.0585302746301069,0.0573180818071701,0.0499350640248467
683.940908351461,0.0579542487507341,0.0725309025312966,0.0443802575102856,0.0556471335402504,0.0764181204927715,0.0521554342256515,0.0438715213421156,0.0505846813619124,0.0688440306680057,0.0650643431844371,0.0600609568193772
687.271000775435,0.0563002493355454,0.0635114120315894,0.0715289985965942,0.0753318832863435,0.0778428212310833,0.0525877324563097,0.0636481373124493,0.0526204147733507,0.0783627048284955,0.0783928454221357,0.0629806030371927
690.598635293377,0.0524914429034495,0.0590027784256128,0.0660137517939999,0.0613205887982512,0.0747591593000413,0.0572179869841575,0.0551491879632011,0.0580729014452299,0.0612265423388041,0.0540552307886442,0.0747262316219149
693.92381445313,0.0564349352703616,0.0690551640186357,0.0596280119384655,0.0645683017020041,0.061454606974342,0.0579682764651934,0.0580865379704059,0.0553202455407578,0.0539438433189662,0.0557690059647352,0.0623901756859654
697.246540798959,0.0539781514077849,0.0628704976614986,0.0640853507504149,0.055351392323594,0.0603718854047102,0.0613782019506245,0.0406909563704968,0.0495278816529994,0.0664026095914789,0.0561325606024466,0.0601461679847359
700.566816871583,0.0465365079880079,0.0563342992760486,0.0417357547860671,0.0673369420361645,0.0613099819586128,0.0528303775616446,0.0510581309736704,0.0402654265272416,0.0510660088304486,0.0492034353339863,0.0566032150985412
703.884645208148,0.0567547219775663,0.0432869956950229,0.0570032110089871,0.0689813267536871,0.0483551612546228,0.0561747099186919,0.0516825898487962,0.0512081067178325,0.0486259294515721,0.0580919812816273,0.055980491879403
707.200028342264,0.0619884460536063,0.0623080620669062,0.0647075532787351,0.060891288484612,0.0790423416523784,0.0621792370407771,0.0535956236858812,0.044045592138283,0.0526175748868155,0.0874202648426924,0.062497187351261
710.512968803987,0.0618840419251112,0.0647683387076939,0.0518805345211252,0.0609620678107999,0.0558482546559293,0.0619966395751766,0.056797435584288,0.0433139655481026,0.048970079733936,0.0576238031755736,0.0575899569758468
713.823469119842,0.054672551856974,0.0613664354647337,0.0632844135269108,0.058274781395546,0.0648711030953628,0.0752454672327859,0.0484921229466391,0.0472916152410224,0.070009046048981,0.0621335364361542,0.0619320334559491
717.131531812825,0.07396720434403,0.0835493953788936,0.0671257428544234,0.0770942488783425,0.0591855256130218,0.072690694033732,0.0670681994839955,0.0570548307593643,0.0773244744016797,0.0831218871093124,0.0455687278682789
720.437159402404,0.0935853046221098,0.0826882193146629,0.0763731697916116,0.0831468246177839,0.0734757665849579,0.0670267075418331,0.0745787950537075,0.0680839078966042,0.0986782697304415,0.0753591451267126,0.0768480418601607
723.740354404523,0.0753145897159664,0.0824492298869862,0.0847518229936408,0.0661202130903044,0.0665291171650996,0.074794722115118,0.085143940175012,0.069187185760977,0.0823503288523257,0.0652570138132361,0.0705464046259742
727.041119331624,0.076474018309542,0.0656502067852973,0.0818034828313506,0.058165122200289,0.0685412734930948,0.0821466234673532,0.0647880351214169,0.0590733662958387,0.0751172402552982,0.0812083180176763,0.0734948513521652
730.339456692637,0.0719425298134349,0.0621172852432871,0.0846801378877568,0.0702010568643276,0.0762479991451403,0.0721568856482561,0.0730792809762867,0.0648614762590946,0.0739368979152804,0.0769927143704409,0.0616452854555961
733.63536899299,0.0627817238710957,0.0618006088501201,0.0544764717645733,0.0652242962493393,0.0529250752846881,0.058673909039476,0.0455959774059858,0.0551280840987476,0.0609353881860906,0.0763809035402677,0.0594681074047624
736.928858734616,0.050053194385919,0.067293938310124,0.0556168845649089,0.0535474762858841,0.0663087470939424,0.0543922612286702,0.0538203508613748,0.0537639383412024,0.0585506425486631,0.0569229471020464,0.0606350265131937
740.219928415972,0.0606479166814248,0.0730860577279061,0.0600728772902776,0.0633788733809588,0.0723298607444149,0.0720065854206432,0.063335315410083,0.0616302244167661,0.0732480446946645,0.0618685368073768,0.0702090617516426
743.508580532013,0.0616602928626493,0.0778803327208339,0.0657529331748546,0.053468088609611,0.0656839474004963,0.0711258181086669,0.0732585722684788,0.0427830411544982,0.0593915274438055,0.0681074192484941,0.0679391261377791
746.794817574235,0.0683050062783036,0.0651427803947504,0.067637147452283,0.0896341753329507,0.0753426152953397,0.0748308389120667,0.0513792003671848,0.0523225689435927,0.0706039150978478,0.0736588606739917,0.0749204971865088
750.078642030654,0.0448457325537564,0.0559464059262045,0.0540121115413681,0.0450925474785537,0.0596850189490487,0.0431150885983275,0.077122135094976,0.068294946486166,0.05630509736261,0.053761709709714,0.0721677878699621
753.360056385828,0.0719552301689648,0.0603416908934995,0.0654572266812101,0.0654337751769955,0.079510620092474,0.0502220946086256,0.0843002656277719,0.0577695177898954,0.0666953453977537,0.0691639370405038,0.0630563783423955
756.63906312085,0.0565771201109052,0.0523926716211881,0.0513532043035021,0.0441945667837977,0.0572902188089841,0.0538371552903897,0.0517338315356628,0.0526010336263065,0.0527155915308693,0.0429403078441751,0.0332416052602299
759.915664713369,0.0489549827484823,0.0457159553736827,0.0539528975384777,0.0596306499933948,0.061984295832785,0.0416505825374849,0.0601716470324461,0.0579554571425263,0.0493540473982302,0.0615910329087657,0.0628857092326841
763.189863637582,0.0597039650442427,0.0487410439550969,0.0418806778077796,0.0535053970128248,0.0499316626336752,0.0405903638089996,0.0487214069025338,0.0387491236466879,0.0516669855648531,0.0376255593025026,0.044824952199174
766.461662364247,0.0424725860437511,0.0494725527172749,0.0310338012259292,0.0522075296258359,0.0464315913622072,0.0468098883208881,0.0372395671240093,0.0490071822386951,0.0547106150057757,0.0271701753577394,0.034750971652041
769.731063360692,0.0581197770487973,0.0417507225227753,0.0435849080025971,0.0457277192355863,0.0580130699497813,0.0360741880846986,0.0407289859283746,0.0392246169106474,0.0447940413480802,0.0497044982875033,0.0562908176919649
772.998069090809,0.0525096867270322,0.0599414829324578,0.0418829545593537,0.0419524086465379,0.0491757914430566,0.0299257761990648,0.0441872611119185,0.0472839740143532,0.0378903503321761,0.0491020608514037,0.0550187321756411
776.262682015076,0.0359034791609073,0.0443912134219515,0.0334583532438943,0.0448249599974478,0.0517478935800731,0.0510613774070813,0.0568809164665322,0.0251863431137798,0.0511137019954144,0.0464930395675827,0.0427482680587514
779.524904590552,0.0447460875449722,0.048593960854697,0.0191479344533746,0.0425160369462261,0.0392061652206867,0.0260060517012644,0.0488049121092414,0.0370744515040983,0.0468136630135142,0.0448490055955501,0.0380435129546677
782.784739270879,0.0287934232320576,0.0385082246233595,0.0466437521851741,0.0307792384679297,0.0446029704984325,0.0243882415762303,0.0486409237415724,0.0226799654141345,0.0223281111173756,0.0481320214068656,0.0328884336512964
786.042188506305,0.0368747126351701,0.0540116705763147,0.0498468180479641,0.0344871971314464,0.0487600026975225,0.0346676076791986,0.0299138411394489,0.0297875846145821,0.0461133367468927,0.0520502133290041,0.0340337758878718
789.297254743676,0.0392680779203747,0.0435554707814027,0.0450729505276539,0.0396872461617315,0.0459646802732323,0.0506892782242586,0.0367494568570049,0.036442354974474,0.0557984132584622,0.0404260046874822,0.0284005459092941
792.549940426439,0.0586190586916133,0.0706844062232942,0.0444544364083022,0.0548725660122752,0.0594761151076179,0.052449698330995,0.0660591411956434,0.0437206560305084,0.0677369326533822,0.0713673210908792,0.0569141396744751
795.80024799466,0.066621134236245,0.0546711155011882,0.0655621087024671,0.0597207202016444,0.0692998904314002,0.0637996584047449,0.07548257782004,0.0462415062449662,0.0583499021140086,0.0702587568240657,0.0579760275556978
799.048179885027,0.0696435166504455,0.0606813053304055,0.0707447933012251,0.076980971400434,0.0603382886488471,0.0566572019958872,0.0553124274040308,0.0506776664857588,0.0675700338008571,0.0691257144214009,0.0628076538275053
802.293738530839,0.0623788860516953,0.075422649452032,0.0528907640215287,0.0526623632198969,0.049729574344656,0.0625668355630649,0.0470267648190723,0.0550920762406241,0.061549924336574,0.0679683606543916,0.0617053281202154
805.536926362046,0.0565038696671561,0.0424831828157796,0.0458863841295201,0.0522824085432947,0.0599167785246585,0.0526771789291516,0.0475370864069488,0.0448481539841319,0.057023395529617,0.0568821128622122,0.0597321353002495
808.777745805219,0.0481264671439221,0.0545866031556858,0.0434566638614569,0.0442957837127061,0.049686785228413,0.0623797112091254,0.0475772103420593,0.0395333675366354,0.0673015595006969,0.0434606967926982,0.057310175471086
812.016199283575,0.0602461674775094,0.0404070476349217,0.0531321274174225,0.0399256377642339,0.0565805449310132,0.0551292230853623,0.0431760123430498,0.0443139417124023,0.0349574384218337,0.0590695539612971,0.0624559193084588
815.25228921698,0.0415570042989887,0.0398225283725543,0.0506486171780123,0.0503952312428501,0.0446895864227393,0.0390042685814584,0.0374224859701682,0.0348668981813136,0.0425191296221251,0.0422990576755112,0.0371976620126907
818.486018021954,0.0515035886986305,0.0421342838862037,0.038934740350797,0.0450688278017323,0.0527790658319436,0.04324154110662,0.039142021260302,0.0380985755338053,0.0519555059324398,0.0294669176551997,0.0473536149295597
821.717388111677,0.057886998196056,0.0567445975509719,0.041418401547266,0.0567057752048056,0.037187452545006,0.0412975685176348,0.0443634955638651,0.0492736427795838,0.0514770262672867,0.0443451396656311,0.0397632138873698
824.946401895993,0.0557537113104384,0.0350218676145339,0.0543346346683556,0.0483004814224243,0.0505537763746702,0.0381735111950453,0.0411731030875325,0.0335216855753234,0.0471688948089831,0.0433524141859596,0.0346783814808988
828.173061781417,0.0482884044023329,0.0337033194716316,0.0366850859540008,0.0404792192810079,0.0341184709779937,0.0396399403519239,0.0401612684625667,0.0304489087538271,0.0447360168217418,0.0469589915600043,0.0405375775643898
831.397370171139,0.0439833405370495,0.0365785511161847,0.0319785898910563,0.0368821122039047,0.0466414244041725,0.0391572663486152,0.0444170212619534,0.0316607763103303,0.0437982756592282,0.0439395083705891,0.0467931868611596
834.619329465039,0.0350542490407845,0.0310033575015094,0.0067469542255905,0.0335660749330412,0.0350757718624484,0.023646051791318,0.0212872301012181,0.0117573085833751,0.0150713843828039,0.0303321124604228,0.0336155125093344
837.838942059678,0.0413163352220663,0.0529656865163246,0.0333659883620106,0.0350812282918201,0.0451237149986611,0.0396544963985563,0.031224931440012,0.038328951636076,0.0433664506621914,0.0447662079078745,0.0512123581302463
841.056210348311,0.0479085174091745,0.0275721911943663,0.0432254648171733,0.0390011066144431,0.0543424104873061,0.0529449552101195,0.0340755015100125,0.0338838695552881,0.0278993950833245,0.0486127360201183,0.0430476131743106
844.271136720895,0.006708538903788,0.0206384859533105,0.0216831878126899,0.0204527210583659,0.0337601917583868,0.0196624794263152,0.0205726100473663,0.0145661741065758,0.0306622365967145,0.0507863086657281,0.0394991729897412
847.483723564093,0.0323613157677515,0.0412429744412715,0.0340028186812047,0.0300925788401776,0.0490739063178446,0.0417513553974716,0.0295476028398337,0.0279478853595259,0.0413865982223651,0.0479854496711772,0.0620848040324004
850.693973261278,0.0261450514149651,0.0122222160832522,0.0048803691737175,0.0190843979912488,0.0170405722436974,0.0130358027414107,0.0239345680169648,0.0303319388492838,0.0281258996281002,0.0260131442272512,0.0251563197463929
853.901888192535,0.019905729431426,0.0214392213665662,0.0112937781429215,0.0162449146504039,0.0384499357723111,0.0173797686484886,0.0213842388267242,0.0337729094537195,0.0323350859878131,0.0370358008767971,0.0320827250705929
857.107470734681,0.0203665658921506,0.0244763278920667,0.0176828417191414,0.0203610141670069,0.0251621914435648,0.0216995470489452,0.0183667075494216,0.0287996232897828,0.0163626843534782,0.0292174827118289,0.0183113207292553
860.310723261252,0.0384968785203488,0.0242516647435926,0.0386902541649605,0.0378028364100029,0.0392019074745064,0.024456528453853,0.0294439182635824,0.030049728135732,0.0376372992244992,0.0326035338931184,0.026877697264578
863.51164814252,0.0109588750227106,0.0282224148115077,0.0232766029020499,0.0276205663404572,0.0446603520983392,0.0379612077203878,0.0382892681149455,0.0274062500480796,0.0330259025285499,0.0336572768360081,0.037108167064376
866.7102477455,0.0304598059878516,0.0211504476472623,0.0203898840619207,0.029551010016162,0.0272557551577413,0.0391319346049891,0.0444617018979077,0.0389510691543787,0.0352362403562389,0.029077193283241,0.059550765164325
869.906524433941,0.0226925711119447,0.0257312575347725,0.0237549579492897,0.0344943473416284,0.0322823925717349,0.0329699464897728,0.0285457922423543,0.022278321470656,0.0092789055925626,0.022165104751522,0.027121269232322
873.100480568356,0.025518692173732,0.0367774868826045,0.0199845289800972,0.0327440531793182,0.0336248656820341,0.021398868119546,0.0254016067175673,0.0165652387675445,0.0194285415844008,0.0310804868403037,0.021249402061159
876.292118506005,0.0283230199858299,0.0351603828128908,0.0362721208241949,0.030063626091813,0.0353638785006074,0.0182680415515501,0.0217914198627334,0.01729167430067,0.0128204992130032,0.0396452184546931,0.0301218384260831
879.481440600911,0.0296903521957226,0.0192589393714515,0.0278535242623189,0.027059894841983,0.0456606795104519,0.0212694900486118,0.0084488141544814,0.0203678219809688,0.0134153295160031,0.0260683415531042,0.0107032159253262
882.668449203865,0.025374718942511,0.023764879766341,0.0206671498557519,0.0134195583485686,0.0265662657516244,0.0334809880244096,0.0264118506708013,0.019766473447616,0.0170296750185269,0.0210556902790596,0.0106703952760342
885.853146662431,0.0220993477217773,0.0071780704904801,0.00634596778111,0.0185664775286882,0.0135815651009672,0.0052763978803225,0.0,0.0055855556779667,0.0118736765213436,0.0077687552034256,0.0203194921413571
889.035535320943,0.0170336458439642,0.0178077556054179,0.0125020261507048,0.0121670890008795,0.0348626976457803,0.0128265995648414,0.0212279028336617,0.0223850165751655,0.0097375685901851,0.0033766209869424,0.0008341800317873
892.215617520531,0.0243316709565439,0.0206380856095822,0.020309263200308,0.0136351827000462,0.0275690927458697,0.0180463940295274,0.0223510090855625,0.0245288957364286,0.0243132423409188,0.0227372540609038,0.0311134688619683
895.393395599108,0.0206397115367464,0.0156692205315311,0.0105232446749923,0.0220609193964791,0.0218970658938909,0.0217053692905302,0.0141839580582669,0.0133089238124604,0.025555241752167,0.0136836262264277,0.0103189798708118
898.568871891376,0.002065543501575,0.0213820053532281,0.0120111013699061,0.0180308052853295,0.0260079095986833,0.0199566914554551,0.0187903610574918,0.0259660746727021,0.021450571334879,0.0102236007169147,0.0156620134633162
901.742048728847,0.0234558640812078,0.0131356562627293,0.0088752736408616,0.0121618213892722,0.030924519247555,0.0085687900967327,0.0074879563685887,0.0181559072468323,0.0161829771827903,0.0011314709195179,0.0146550193447911
904.912928439833,0.0073180499064041,0.0,0.001115933401474,0.0029374071845488,0.020732830938509,0.0,0.0,0.0,0.0,0.0,0.000547451005412
908.081513349454,0.0,0.0,0.0,0.0,0.0,0.0034250412625984,0.0077605616622667,0.0,0.0,0.0,0.0
911.247805779648,0.0039980676724792,0.0,0.0018496468331147,0.0,0.0,0.0,0.0,0.0,0.0,0.0,0.0
914.411808049184,0.001600775081384,0.0,0.0,0.0,0.0,0.0,0.0,0.0,0.0,0.0,0.0
917.573522473643,0.0151072516784815,0.0089319195120484,0.0322033829456302,0.0013472955628383,0.0190404656091335,0.0197879050922019,0.0216804260468901,0.0042541918941864,0.0248928806653889,0.0141605399383418,0.0198562384091954
920.732951365446,0.0215174014589332,0.0093376492942948,0.0122068297305191,0.0011322718993403,0.0214497436955247,0.0075044362943489,0.0,0.0,0.0080878233712012,0.0082588123984008,0.0204135588364522
923.890097033857,0.0003080917849067,0.0,0.0097611298768915,0.0,0.014464373949419,0.0,0.0014323599200078,0.003271552537267,0.0057145741404829,0.0076219048240846,0.0049180034033294
927.044961784968,0.0034955010341886,0.0,0.0,0.0,0.0042053495373219,0.0040352360515856,0.0018664397697452,0.0,0.0,0.0,0.0016384508164186
930.197547921736,0.0133872966552802,0.0098083782450822,0.0161051997279843,0.0018985271466332,0.0298464089670035,0.0090028601952143,0.0062506482673685,0.0086832608805511,0.0066119437951599,0.0132285305815376,0.0274519609163513
933.347857743968,0.0,0.0098250670576924,0.0018852887653129,9.70667725054726e-05,0.0065116372199048,0.0016400575130462,0.0,0.0,0.009882949006708,0.0,0.0021937194061809
936.49589354832,0.0242689528464833,0.0124197611320677,0.0102374740496967,0.0064688746032793,0.0223417010757078,0.0,0.0233400627869793,0.0,0.0081898353678967,0.0065487816176513,0.0068727767829827
939.641657628323,0.0,0.0007327900546966,0.004764172395165,0.0100937301880627,0.0063346318571732,0.0064756647427216,0.014864648531719,0.0,0.0,0.0,0.0174398208254549
942.785152274379,0.0067695066722854,0.0,0.0151695210287168,0.0021748164545041,0.0066414513084227,0.0,0.0015146931734984,0.0072649069991131,0.0051251571989738,0.0083850592935073,0.017862024859789
945.926379773757,0.0250624822603041,0.0158956134712476,0.0088212004491505,0.0060697997020948,0.0122447387352475,0.0100799728213438,0.0115318663294517,0.0052577593665807,0.001471991672243,0.0142305599486892,0.0136245615347274
949.065342410614,0.0150296145453184,0.0096744999523383,0.0108213298855718,0.0096450718676085,0.0149834640605803,0.0130077571886436,0.0012303702694952,0.0084022642495132,0.0126326181727418,0.0210499497720962,0.009790679906178
952.20204246599,0.004979159411104,0.012192511513618,0.0144762519385034,0.0019803769805735,0.0,0.0074532379605835,0.0,0.0065807266919717,0.0070398310371806,0.0153061792127758,0.0
955.336482217814,0.0,0.0,0.0,0.0,0.0,0.0,0.0070442142133779,0.0030223767878159,0.0101759332727086,0.003602890511929,0.0083975178428955
958.468663940918,0.0,0.0155629571477405,0.0079247539234731,0.0290712852947784,0.0015250871386036,0.0078298716005551,0.0213948613384738,0.0,0.0113918720892011,0.0103734019863055,0.0066194012778347
961.59858990703,0.0012632035018862,0.0,0.0,0.0,0.0,0.0,0.003513253830634,0.0,0.0061238650310566,0.0,0.01030872457053
964.726262384784,0.0006983427100523,0.0,0.0059028581411172,0.0,0.005708681501917,0.0,0.0032634596399492,0.0038859849759433,0.0,0.0024051225237085,0.0
967.851683639732,0.001886092476113,0.0018667043351953,0.0086305311803758,0.0,0.0132982948087818,0.007104582558613,0.0135853306637579,0.0,0.0031402490128306,0.0,0.0
970.974855934344,0.0,0.0042978898190176,0.0,0.0020728244179622,0.0053745364145155,0.0,0.0,0.0,0.0,0.0,0.0
974.095781528001,0.0,0.0021759268766606,0.0,0.0,0.0,0.0,0.0,0.0,0.0,0.0,0.0
977.214462677025,0.0,0.0,0.0003927393559929,0.0,0.0,0.0,0.0113439227160968,0.0,0.0,0.0,0.0
980.330901634669,0.0,0.0,0.0,0.0017618335152442,0.0,0.0085840199171207,0.0,0.0,0.0,0.0,0.0
983.445100651119,0.0,0.0,0.0,0.0,0.0,0.0,0.0,0.0,0.0,0.0055351624324137,0.0
986.557061973506,0.0,0.0,0.0,0.000975791061847,0.0,0.002873659557059,0.0,0.0,0.0,0.0,0.0
989.666787845913,0.0047947257858853,0.0,0.0,0.0,0.0,0.010957752137375,0.0,0.0,0.0,0.0065697180164071,0.0
992.774280509374,0.0355793312534117,0.0329317080737312,0.0465711330569775,0.0404778891428341,0.0231716598659005,0.0347984850794572,0.0266647709592521,0.0281250952133819,0.0178948275834753,0.0260507617321632,0.0302457254658524
995.879542201883,0.0486560914110662,0.0514673253189323,0.0512396092259668,0.0747682053170889,0.0066269293960468,0.0382334420418983,0.0341778084776796,0.0620631731444019,0.0413429958228827,0.0682996762801912,0.0392396698782293
998.9825751584,0.14027195329886,0.107924273181011,0.096055137496032,0.137861205419771,0.048836810689739,0.110899119173335,0.0972740725111425,0.127200999455126,0.10699121002145,0.111524626167062,0.0747993807174661
1002.08338161085,0.190825800592805,0.162098146048118,0.15507876690344,0.210645480211012,0.0779829840130655,0.161620066798368,0.128140585320872,0.180484630370005,0.175665057580758,0.163319502931928,0.124688996567248
1005.18196378813,0.150428196332464,0.129369448465902,0.132088659584171,0.150558390265295,0.0577489316350668,0.128845851497585,0.0852988761832517,0.13280134107823,0.137453291017291,0.13288924979151,0.0863829645522622
1008.27832391613,0.0463227089990437,0.0573968963118604,0.0551142613909876,0.0704359166848,0.0224112763150072,0.04835237955654,0.0543548476789768,0.0655145755570524,0.0608125644574611,0.0687675229398487,0.0446865953702941
1011.37246421771,0.025710697071221,9.89543740456884e-07,0.0220524093465343,0.0112289174620935,0.0,0.0,0.0105975081290179,0.0141430780230629,0.0164834811031432,0.0165176530244954,0.0033973532811829
1014.46438691273,0.0206542307193104,0.0204086307330409,0.0220266746087603,0.0245087295852924,0.0125209553046556,0.0096547574372437,0.0241899985020066,0.0301410204182258,0.0063690379484821,0.0256677345741786,0.0186317076938667
1017.55409421804,0.0077990730134568,0.0028693370263725,0.0044147070132284,0.0150246200197527,0.0102207080057225,0.0029787938876857,0.0134966043721936,0.0127592321147248,0.0144957290881541,0.02225801515288,0.0106461061931758
1020.64158834748,0.0129769483778133,0.0177417611723984,0.0144006378591212,0.0118982040357447,0.0103640350736805,0.011676535539065,0.0177910937035915,0.0242132880511194,0.0092960146439255,0.0,0.0013808298385495
1023.72687151192,0.0397265364566474,0.0316300343794806,0.0139129929488213,0.0321172110824379,0.0137672025868746,0.0280538959738109,0.0348672738639257,0.0401767592141191,0.0265214883692691,0.0140795966314301,0.0283874530119975
1026.80994591922,0.0523085483537427,0.0662576456277078,0.0548297026058759,0.0580873748702178,0.0265512357077258,0.0474944779046336,0.0422202748120826,0.0662467515871142,0.0559031805104472,0.0555363724458536,0.0545366271627973
1029.89081377425,0.0386922277007589,0.0454310018812694,0.0384160241714532,0.0673613173515473,0.0246407978642914,0.0430688577396353,0.036761398091372,0.0613062588595262,0.047237560153928,0.0415107835599693,0.0317293807571138
1032.96947727891,0.0728332227834109,0.0677158546549978,0.070100834010681,0.078443340692403,0.0512902212768925,0.0832553003174886,0.0533515632258144,0.073576707658278,0.0705057857901319,0.0766695163490557,0.0641809836695051
1036.04593863214,0.0471602234894071,0.0420040314616698,0.0381802562831138,0.047348634673919,0.021215530716782,0.0411004311672334,0.0350665096888361,0.0447191145831975,0.0378515847332936,0.0411583276824179,0.0253146157776787
1039.12020002989,0.0122741360230304,0.0088239582343409,0.0033174746820095,0.0268591450154735,0.0025624767408364,0.0143199520643145,0.0167670821224176,0.0134821650622347,0.0017605080496692,0.0244553020288833,0.0163920563852302
1042.19226366514,0.000730065442335,0.0,0.0,0.0,0.0,0.0,0.0,0.0016096814995588,0.0010271587988719,0.0093914595220277,0.0070350264641689
1045.26213172793,0.0,0.0,0.0,0.0,0.0,0.0,0.0,0.0,0.0,0.0,0.0
1048.32980640533,0.0115758226585666,0.0107063866015657,0.0153760705677115,0.0165882550088666,0.0065661518685067,0.010455732058688,0.0,0.0034526367357069,0.0097901714397409,0.0049837046857292,0.0114901071704797
1051.39528988146,0.0,0.0,0.0147680236619581,0.0,0.0,0.0,0.0074154267727838,0.0,0.0021717760974325,0.0,0.0
1054.45858433751,0.0,0.0,0.0,0.0,0.0,0.0,0.0,0.0,0.0,0.0,0.0
1057.51969195172,0.0,0.006338452280608,0.0001269057329931,0.0,0.0,0.0,0.0,0.0004374774059214,0.0,0.0,0.0001517314733059
1060.57861489938,0.0,0.0077813508941914,0.0174721313614763,0.0102233451798378,0.0032893200679654,0.019998506122319,0.0,0.0,0.0043438563608035,0.0,0.0160392185170166
1063.63535535287,0.0,0.0,0.0009173360171864,0.0011737209571342,0.0,0.0019633363840679,0.0,0.0,0.0,0.0,0.0
1066.68991548165,0.0,0.0122604106663303,0.0027592486842954,0.0,0.0,0.0,0.0032608050978503,0.0072395411228844,0.026649869523876,0.0,0.0034785280704059
1069.74229745223,0.0052924569574648,0.009136404246168,0.0112836398270883,0.0057956426344736,0.0080455485443619,0.0293348332359053,0.0024804445333054,0.0038910860789235,0.0117322460481792,0.0040728688881688,0.0117384034748391
1072.79250342824,0.0003572679907861,0.0,0.0,0.0109736244213645,0.0044574039722237,0.0224207887473937,0.0038943879390877,0.0084992492061779,0.0135379440654102,0.0,0.0043763722322323
1075.84053557036,0.0145200722408611,0.0041588175174529,0.0036147185515302,0.0146251622677548,0.0196378875249344,0.0101092197652,0.0189761002502556,0.0189112938771439,0.0134306719390792,0.0120222233743124,0.0223195869949622
1078.88639603641,0.0152258986789123,0.0081418232791189,0.0029015787052933,0.0197839526509675,0.0091085736538867,0.0277940321064562,0.0093344712746012,0.00886262158378,0.0087482542461699,0.0182936555567468,0.0081861284265123
1081.93008698127,0.0070751052727679,0.0,0.0076165642459131,0.007035536534306,0.0120433906963914,0.0146905752386863,0.0102720531398406,0.0,0.0036745846364139,0.0024332673902188,0.0054346901745264
1084.97161055694,0.0098840458582003,0.0183523995447357,0.0165047371088746,0.027343470368485,0.0198732172293348,0.0177341518363436,0.0142873007344089,0.0145741387090209,0.0198891164880031,0.0109972480116612,0.0191286180202152
1088.01096891253,0.0247144673507336,0.0122593007882367,0.0128313653189329,0.0182171135334843,0.008522650075721,0.0142267979510988,0.0182914551225884,0.0081602168984371,0.0246829880966247,0.0079956235886781,0.0112946170425823
1091.04816419427,0.01264194474291,0.0097248541151483,0.0162601729604071,0.0148455918391427,0.0196139820833348,0.0168642844783998,0.0253736716886779,0.0131484151299844,0.0218597863858851,0.0168716896360694,0.0177967267383568
1094.08319854548,0.0143605601756853,0.0126946546571578,0.0146585278213587,0.0123754298535043,0.0180541748810718,0.0264162183206913,0.0302387979522082,0.0136076930210921,0.0133213690401423,0.0019656321350402,0.0158510491832659
1097.11607410663,0.0249164552603909,0.0020388418747988,0.0197410699568772,0.0062564672078924,0.0156771219840124,0.0163374627804238,0.0046451241858139,0.0125522072562768,0.0112387319871754,0.0055413201354192,0.0012384774428053
1100.14679301532,0.0092776222992397,0.0072632171690964,0.0101709440448173,0.0001291148580468,0.0100346047511255,0.0135582274504156,0.0200802095339657,0.0136419815176004,0.0045822618322378,0.0117500272233194,0.0148862578860509
1103.17535740627,0.006722748649814,0.0,0.0060302585967535,0.014621741551497,0.0056154327022384,0.0023053527988495,0.0054981317753429,0.0121408510024387,0.0085657044532031,0.0143183952857,0.0108043947378601
1106.20176941133,0.0052207607092191,0.0027752231037287,0.0,0.0,0.0007875098137637,0.0,0.0072335444218181,0.0179521764215174,0.0079756963735662,0.0112654803889509,0.0054482809487913
1109.22603115951,0.0136183832993927,0.0024660786157304,0.001068406787924,0.0062702993034574,0.0094250668523042,0.0097785830189875,0.0116069544369618,0.0192353124897101,0.0149832733772822,0.015138497893619,0.0085224738949754
1112.24814477697,0.0099763659335597,0.0,0.0,0.0,0.0,0.0,0.0027324384223254,0.0118999334401343,0.0,0.0001831086139343,0.0031500165153511
1115.268112387,0.0003105126332318,0.0,0.0,0.0115389947848598,0.0107847644732249,0.0,0.0004678496636413,0.0271628676788525,0.0179417832668257,0.0116349956466135,0.0053644016631556
1118.28593611007,0.0083297932488897,0.0,0.0,0.0102185478115224,0.0,0.0001441966852441,0.0074610915990004,0.0344534246691888,0.0093290236946939,0.0174662405505827,0.0054614560350539
1121.30161806379,0.0085562868409941,0.0060262515178238,0.0086118811177089,0.0,0.0113279405955556,0.000377373155104,0.0268013039076646,0.0314036974543817,0.0086949498732834,0.0143751699329536,0.0076606646797387
1124.31516036295,0.0172678382866717,0.0076299118147104,0.0111046312576333,0.0,0.0073151038777438,0.0025255341391773,0.0227449444354356,0.0274863923649522,0.0023475313018997,0.0020317300837958,0.0009920586689722
1127.32656511951,0.019602413516268,0.0069578423568307,0.0073138604956874,0.0107648377924223,0.0053429099223665,0.0131290552010161,0.0111783095829654,0.0257156760541718,0.0283209202481233,0.0160962666756522,0.0225855983505143
1130.33583444261,0.0162679171772606,0.0114677070655297,0.0118828879455662,0.0015291649507243,0.0054115076156067,0.0171841352565886,0.0110766990636263,0.0269528626429021,0.0071243715255461,0.0123239263538741,0.0171687792280795
1133.34297043855,0.0161110740000149,0.0052719269166621,0.0093320199658779,0.0153420672532495,0.004664614270803,0.012767378380119,0.0122908490212425,0.0266770667559014,0.0243344321781703,0.0095355104026881,0.0117452358822651
1136.34797521083,0.0184243404986997,0.0062038361557024,0.0,0.004273268566586,0.0,0.0,0.0143796784464287,0.0197215036590843,0.0004603090649656,0.0044293140289687,0.0
1139.35085086015,0.0324082945562878,0.0087515211628652,0.0,0.0168600892778019,0.0235763534962078,0.018529659545382,0.0120480047053239,0.0319209315135,0.0233607235534077,0.0049300056435764,0.0114269950199441
1142.35159948438,0.0311696240778242,0.0145363361138277,0.0091669610647038,0.0182166062190033,0.0171193903969135,0.0156286732547492,0.0163280774685543,0.0430383327421149,0.0245746488460893,0.0130188798160686,0.0253931957482218
1145.35022317861,0.0249704894829517,0.0177221217272637,0.0187208067772863,0.0204772728672345,0.0269860605178085,0.0111814745889348,0.0051559869554766,0.045323598585895,0.0250209847354718,0.0171395389758306,0.0203666524421451
1148.34672403512,0.0315041630955219,0.014742402627784,0.0270129465475814,0.0348664242022225,0.0246122849835337,0.0186533737718208,0.0244252905704637,0.0435132010953968,0.02508026039922,0.0113487868627294,0.0313676512213014
1151.34110414341,0.0231695888688207,0.0214850769989348,0.0173085765526724,0.0340821812669812,0.0271367411738808,0.0291960286436828,0.0207410437498505,0.0447117359778417,0.0179065460224554,0.0247032581868091,0.0259078781058462
1154.33336559018,0.017660033121015,0.0129838450597573,0.0247513972902133,0.0229783858850278,0.0182371632339249,0.0193418736687371,0.0249931879784669,0.0312657785779359,0.019854649563367,0.0129580502974437,0.0259278138130457
1157.32351045935,0.0393921974690954,0.0313900220690534,0.0451578084727639,0.0364411874408638,0.049329252754116,0.0471833684332539,0.052185448958608,0.0501081862342697,0.0453776353977453,0.0292734464523138,0.047038993962406
1160.31154083208,0.0271480818716546,0.0112073590216475,0.0124248071970331,0.0341243579506136,0.0200304625192866,0.0334690397656583,0.0193572114989861,0.0418197587227193,0.0332410915349564,0.0241215647766154,0.029749733827253
1163.29745878673,0.0202065408687001,0.0312262672543546,0.0277993295430553,0.0193649365181621,0.0103205952963583,0.0170553846794298,0.0249143644681843,0.0419230393825433,0.0199577159940208,0.0258986411538187,0.0310205323268586
1166.2812663989,0.03095299063429,0.0204383880104156,0.0222496321166831,0.0285659514265063,0.0144870473207844,0.0102535809302781,0.0256115339231249,0.0422372757354025,0.0431813845294312,0.0161143633782645,0.029333241217295
1169.26296574145,0.0314324370869151,0.0310464758872844,0.0346848305455091,0.0335153410897637,0.0333460587324207,0.0257595694151418,0.0439542886054588,0.043623770116926,0.0439596225427712,0.020523518901544,0.0289073424234876
1172.24255888445,0.0209373223463637,0.0082541199213237,0.0278697057030144,0.0126748719054746,0.0097693005268028,0.0062504520254702,0.0115441382986829,0.035964099949924,0.0188695409686694,0.0183244569392468,0.0196167234675367
1175.22004789522,0.030253921569264,0.028582228484064,0.0428052200085861,0.0346035787152775,0.0290416053583981,0.0344409274281193,0.0303174656943695,0.0390649906033307,0.0508254345219363,0.0270172937655382,0.0305747121320475
1178.19543483834,0.0395660581426984,0.0297767542456786,0.0552257800892878,0.0462139393854319,0.0299539968051732,0.036849912366773,0.0407013252020134,0.0462526308349297,0.0470245807831008,0.0436304604351482,0.0457481568967472
1181.16872177565,0.0333039660729474,0.0403710026701213,0.0249676234429818,0.0411357374377742,0.0304613015783153,0.0434856253370031,0.0303400582700956,0.0471933082623449,0.0386550167957587,0.0414190317111931,0.045728550549925
1184.13991076622,0.0440231858675173,0.034101737188613,0.0490939282174673,0.0315033591010699,0.0317878466083894,0.0435761646785507,0.0349777041374003,0.0520057385548191,0.0473962904806602,0.0491093903466239,0.035579228510356
1187.10900386642,0.0289065035595364,0.0203720066719551,0.0117148950629984,0.0233840975194336,0.0123065561777205,0.0132691405726863,0.0259311177620252,0.0391611831947222,0.0413000741761277,0.0247680091626171,0.0203634942703313
1190.07600312986,0.0233403598614663,0.0085849137853139,0.0266289552269921,0.0292158452249565,0.0095591665756847,0.032586206513352,0.0248233392539642,0.0301886057088506,0.0325374035049586,0.0182532234167906,0.0135832987771327
1193.04091060743,0.0368792959133406,0.0324618026312681,0.0419576249159635,0.0395946421889439,0.0186491198344246,0.0330476052432278,0.0382738164429865,0.0410198036204756,0.0359417555223194,0.0384803727668594,0.0287406331030753
1196.00372834731,0.0323678015531987,0.0333151176773114,0.034690457199351,0.0338923292799275,0.0297830685738353,0.0269645289323239,0.0274498721784438,0.0326872592712572,0.0465688908956445,0.0299780601873964,0.0422075706976549
1198.96445839494,0.0437769480450793,0.0299510261214668,0.0521040868025915,0.0372877680834157,0.0356160713508077,0.0324189415470594,0.0506010055520685,0.0497563351724059,0.0492053942102047,0.0399632877992912,0.0484992445701125
1201.92310279306,0.0442133014095139,0.0282060136654798,0.0322791282792485,0.0464441782018935,0.0198258636523022,0.0278667686496998,0.0212360421738729,0.0412032983092088,0.0328215811294202,0.0294740876170811,0.0269413224542226
1204.8796635817,0.032969302532091,0.0164075339550899,0.0388088610270609,0.0431602736862559,0.0419894293112527,0.0302358255711194,0.0439391796237816,0.0447041256571144,0.0308875895055213,0.0308690169221006,0.0302751665254027
1207.83414279818,0.040477394498122,0.0444889408590596,0.0411520419488693,0.0465477403275726,0.0355930632189771,0.0360638221181161,0.0542832994219288,0.0339934697601242,0.0369378474266445,0.0352331781303315,0.033607133068504
1210.78654247712,0.0433827547837129,0.0394961173945257,0.0393088619367776,0.0381019176587508,0.0475638267378261,0.0553535938199576,0.0513860901124151,0.0413652193522945,0.0452674179053795,0.0452082296427094,0.0322961872227382
1213.73686465044,0.0650405025091259,0.0380684414683267,0.0621474252099206,0.061203118350689,0.0436248452857972,0.0492488089274352,0.0608420985827316,0.0416303854451923,0.0429449113443022,0.046266089450985,0.0423758555123313
1216.68511134738,0.0640489040969543,0.0580392741516996,0.0711773583092688,0.058213590443383,0.0625419047713388,0.0596838979692772,0.0689717837750874,0.0526583110975952,0.0562140154192613,0.0671331722566451,0.066799780247087
1219.63128459449,0.0577473983291188,0.0436395040585627,0.04589851661369,0.0649296315866118,0.0553480698407679,0.065114846035234,0.0629782010399259,0.0570105494535935,0.0588314324831837,0.0642250506687799,0.0583121769269253
1222.57538641562,0.0726758247967033,0.0691201819096812,0.0867210451619765,0.0734641205087135,0.0848844804290516,0.089009531975449,0.0825768430814327,0.0602848315966502,0.0808441656432709,0.078815128342573,0.0713420018410257
1225.51741883196,0.0773406300165644,0.0634730328919713,0.0865412151524448,0.0738064868198602,0.0752525218257383,0.068274705322037,0.0792270188584203,0.0551614416856171,0.0826971596799448,0.0749133742904193,0.0847930159761475
1228.45738386203,0.0855426005948141,0.0717674392646824,0.104349943080541,0.0826414522631463,0.0856206804997112,0.0779302012019567,0.0913203331953186,0.0724269907348022,0.0868305955413935,0.0858686436561135,0.0973996317819709
1231.39528352165,0.12099042589004,0.0923822897745507,0.12634104931451,0.112103223060177,0.125782293654868,0.115283049705847,0.139596922613004,0.0765587997244025,0.12633388847104,0.102435874875565,0.125195189102102
1234.33111982401,0.0860191924369534,0.0650095849152899,0.0776262038061916,0.0833200880130095,0.0847464993323203,0.0806923128908235,0.0921149135093348,0.0632512852557971,0.0874867130678149,0.0764084125282949,0.0956087789677545
1237.26489477963,0.0998796587506426,0.0755724977729113,0.107982883748228,0.0803211213981153,0.112269802600651,0.0918809580859611,0.113029986875709,0.0656591300732757,0.0946592342882908,0.0956154130404694,0.106949201107063
1240.19661039634,0.0964002446692035,0.0884049719112948,0.0973383045870828,0.0776248058960025,0.105522319490307,0.0707518899951934,0.11585174507203,0.0721568704272778,0.100309575048792,0.0926994255546407,0.11786793384566
1243.12626867938,0.0975204549832322,0.08275598021618,0.0829278113174842,0.0770514444097427,0.0902116892885172,0.0738586104949348,0.107199591253362,0.0573403987529252,0.089985102938452,0.0858207558635254,0.111066249622643
1246.05387163129,0.0798856529044331,0.0790526439144813,0.0936194067150503,0.0695005018207501,0.0997986804260447,0.0915833865259778,0.0892800703102463,0.058239826586596,0.0906899774608722,0.0934699160062376,0.105952898936004
1248.97942125198,0.0859593462453502,0.0889677038242428,0.108076197794365,0.0886447209226025,0.101638939237609,0.0896866226323172,0.0903353169242661,0.0630143416713018,0.0883518902718132,0.111354622196693,0.10843504679994
1251.90291953874,0.0849557837615414,0.0816987031644644,0.0986857773494266,0.0795767683827587,0.103893739706058,0.0881737598666525,0.109041697994738,0.04841252976491,0.0833513630507033,0.0892871280805003,0.0999481397258666
1254.8243684862,0.0881987132407461,0.079942454880349,0.100173288022622,0.0717223263595693,0.10941961659647,0.0955087415748839,0.103036544090788,0.066320022576048,0.0943251886213018,0.0847195657297204,0.101588684408539
1257.74377008637,0.0854263249088736,0.0775385943216562,0.0970591148726797,0.085709862652805,0.10189449002329,0.0982266761159101,0.105857319555644,0.0637750277014275,0.0836200221327884,0.102935136115543,0.109981464630705
1260.66112632864,0.114148057509145,0.0910234550518865,0.10942536865365,0.074822582641878,0.114779071109861,0.0947888827405637,0.125005957593869,0.0642445471581475,0.0999194118808229,0.094736474035278,0.120907397251284
1263.57643919976,0.0869604796034527,0.0717613765016417,0.0908327872899251,0.0769802554961312,0.0913537499471592,0.0905815622938761,0.0942907537744067,0.0558876408887457,0.08769409895865,0.087198865616039,0.0934398442140546
1266.4897106839,0.0739281179616336,0.0693610527264935,0.0827005122071914,0.0612405634099444,0.0765047669318927,0.0736786394421049,0.102850392504706,0.0492537601669678,0.0602559949633008,0.0681055650741696,0.0761004485569718
1269.40094276256,0.0693894821638554,0.0611258842958112,0.0816817857552169,0.0803880045833135,0.0971641446364121,0.0790896176379044,0.0990553145352936,0.0391759816870243,0.0822632352311734,0.082031978449544,0.0866104987235806
1272.31013741468,0.0761756921197735,0.0597014241928023,0.0735520409131649,0.0509991567780493,0.0880428549509857,0.0768066876184069,0.0811405601461512,0.0471840537326454,0.05977187025113,0.0685540782154442,0.0886843638536998
1275.21729661658,0.0709319351389834,0.0436878599296402,0.0679340985066658,0.0461836023213752,0.0899467616164216,0.0591356217679614,0.0733767966290473,0.0315107152423075,0.0555383058217379,0.045502002433445,0.0734617365601266
1278.12242234198,0.0603817683411153,0.0425914098341355,0.072777311329659,0.0541106215984268,0.0857376104954348,0.0587777285924539,0.0700275923156139,0.0423201896079325,0.0634773334750917,0.061413758145327,0.0763848076347863
1281.02551656198,0.0643417864973987,0.0489546831453184,0.0659079191467719,0.0459611046934284,0.0762316484825943,0.0507264253881743,0.0710931578998243,0.0376297618011697,0.0638113593679865,0.0687422876643948,0.0750915517041387
1283.92658124513,0.0453024816280968,0.0339201599581563,0.0494179518830784,0.044790632662708,0.0765271739287018,0.0538331936462732,0.0598049247383975,0.028204369996023,0.0512157700462389,0.0585727037152077,0.061565490552967
1286.82561835737,0.0414814739184955,0.0338032892544965,0.0417162064277138,0.0427119858899273,0.0474506591965386,0.0330885979856683,0.050725432169696,0.0140440678103102,0.0412847658906114,0.0384994144550425,0.052262055677211
1289.72262986205,0.059602440659204,0.0401739085302415,0.0382007440037139,0.0351748857915479,0.046946692492259,0.0423538271276915,0.0570934366111998,0.0313194434171673,0.045809220904512,0.047154870082377,0.0421182853752555
1292.61761771996,0.0540168484822591,0.0549776070931948,0.042218796587283,0.0434148710301964,0.0688945552248189,0.0658554300714059,0.0630228963035092,0.0281434340753781,0.0446311189429317,0.0498692697360055,0.0568721870444796
1295.51058388929,0.0473722767895078,0.0532477994380225,0.0592094586844537,0.0395227609098508,0.0635110969453757,0.064352087456531,0.0627773204696546,0.0322898111917697,0.0579088547292287,0.0535767803897098,0.0636133222044973
1298.40153032568,0.0361302233215826,0.0447119380744832,0.0657437234829569,0.0256222073449204,0.0511994362216687,0.0497703152892252,0.06209360376515,0.0317019762944139,0.0430441550354087,0.0417680506476024,0.0513717036514675
1301.2904589822,0.0468309133302952,0.0601733383529969,0.0521991069499435,0.0353867370473798,0.0421612105267613,0.0598129533217029,0.051704964507477,0.029609558481544,0.0452980833806333,0.0454811509780829,0.0517923241413129
1304.17737180936,0.0476264858317584,0.0448349757096707,0.0424233178346254,0.0390868813062268,0.0523109634472437,0.0506219790338354,0.0444088497387841,0.0266585976185833,0.0528801841490401,0.0419330913620239,0.0517955254816781
1307.0622707551,0.0395787161179736,0.0311213070620305,0.0426922612622193,0.035509360729953,0.0473717348072368,0.0372016635971821,0.0468247607770606,0.0262940480629574,0.0471537988684566,0.0364070839873078,0.0513815010435679
1309.9451577648,0.0456891536548383,0.0358933214593844,0.036689336309476,0.0270812217830218,0.0318323111420969,0.0457133304150955,0.0518923308935689,0.0382045606350521,0.0364866591225816,0.0318750170730498,0.0526601013238292
1312.82603478133,0.0479107423020541,0.0413176821095466,0.0595586027396422,0.0386784950642946,0.0648617159700115,0.0653848988455052,0.0715264416367048,0.0311718007121199,0.0497851604930393,0.0613561945072712,0.0657578627721911
1315.70490374496,0.0257193052131398,0.0191851339364935,0.0372471148030732,0.028133731076739,0.0354675145687412,0.0292749405823446,0.0315913731769747,0.0142383614762633,0.0265746656943069,0.0396614701182915,0.0320265097338181
1318.58176659346,0.0297181585936555,0.0187812542385516,0.0371141214821353,0.020626288715487,0.040360284033505,0.0343336344221402,0.0251985300470234,0.0218527298458187,0.0280909133086495,0.0265555183045444,0.0362744988749267
1321.45662526205,0.0461066193904336,0.0452941634368627,0.0528841442360184,0.0449760124289627,0.0652580196605088,0.0544000443983239,0.0616152262161718,0.0184902400126973,0.0436844449755047,0.0501049502077594,0.0582493002496293
1324.32948168341,0.0264049075990833,0.0273898167015706,0.0372804552981268,0.0341395046011244,0.0481356515149847,0.0340742750081743,0.0322852140913903,0.0166385656806334,0.0379833233037248,0.038658238286855,0.0515386014376066
1327.20033778769,0.0350172616597317,0.0386722834520686,0.0434374850544243,0.032408108982798,0.0395928245295877,0.036451055211168,0.0378219702177661,0.0210345302724972,0.0292443027789159,0.0324989516582783,0.0528506640544329
1330.06919550253,0.0301873492953674,0.0266137904266615,0.0424872020250621,0.0170296086877665,0.0433022815934715,0.0284443687098678,0.0235061435415367,0.0138081315203802,0.0402883405176998,0.0425236436605368,0.0427768121379146
1332.93605675303,0.0327936178168412,0.0359605504416498,0.0490731018577444,0.0274417271649757,0.0568157874532085,0.0312142143487621,0.0343492566177874,0.0160592311668053,0.0353631120900916,0.0264678144246752,0.050008630773885
1335.80092346179,0.0201886019128035,0.022615121552827,0.0301433191856086,0.0214767678365672,0.0221887368228301,0.0266787382085592,0.0460806815741524,0.0239125192640324,0.0144687488461166,0.0203226258270912,0.028133729947154
1338.6637975489,0.0128968957832854,0.0154356391452725,0.028791235845831,0.0115728696019537,0.0385803333091084,0.0256104027106697,0.0141305833571486,0.0145459799005602,0.0160204917112653,0.0290412053017535,0.0349571072202238
1341.52468093191,0.0211809550890036,0.0215557740350899,0.0236796225339839,0.0216962006737704,0.0227460033993106,0.0164676389983479,0.0263154327522355,0.0120737394462806,0.0274670961145755,0.0384253679006052,0.0303953114806705
1344.38357552591,0.0,0.0108205615852117,0.0131351262185606,0.0087688066624433,0.0097792475777664,0.0042520289955484,0.0345350298314656,0.0009940052883644,0.0031670369221948,0.0253617502981659,0.0216213930655859
1347.24048324345,0.009102642363652,0.0234370164064443,0.0264447074926244,0.0195094046507696,0.0351817724700112,0.0193571343064302,0.0237857918255317,0.0092966862871519,0.0180490355763382,0.0291435509980189,0.0259348428839918
1350.0954059946,0.0230660952748447,0.0250349117465107,0.0355769292387677,0.0193342793640391,0.0397845214351402,0.0383148006802343,0.0324599881371554,0.0094227904369593,0.0291339332064035,0.038214157304303,0.0505086970855749
1352.94834568695,0.0221731412498633,0.02404487989023,0.0221231940135171,0.0173446153119407,0.0301166889543067,0.0226527462097144,0.0384934047097885,0.0108459253793151,0.0204473516759297,0.0274790139547194,0.029943490557798
1355.79930422558,0.0386261760381571,0.0353825031658607,0.0350343775922758,0.0235517005007604,0.0392314941653422,0.035850782687075,0.0427688223191555,0.0062458331546966,0.0246993707128464,0.0428352243420154,0.0317487462880964
1358.6482835131,0.0143906385926597,0.0256503629451585,0.0132268700020781,0.0261243701576765,0.021017981817442,0.0113516075044922,0.0210155841729466,0.0126318520304982,0.0251548843932834,0.0063571165332752,0.0187944919147287
1361.49528544963,0.0142249956269312,0.027273447726262,0.0223869038725781,0.0317368648722867,0.0240357999483926,0.0180212952382047,0.0226581852591003,0.0015836788457213,0.0172499009362203,0.0230467708172697,0.0282111444064296
1364.34031193283,0.0289288210608739,0.0327942070315267,0.0349014063898684,0.0206704835682713,0.0262496845246338,0.0200805196490763,0.0344581840875189,0.0086270759233643,0.0310321105481653,0.0156386991856825,0.0291976850383561
1367.18336485787,0.0291309874654054,0.034430830567198,0.0428213037331079,0.0238688502341955,0.0382694234503844,0.0186836422285785,0.0308210334940786,0.0193365994725802,0.0402576729714084,0.0280490547550241,0.0386316788428337
1370.02444611745,0.0215552210205231,0.022455998833875,0.0252276888403746,0.0301075369494512,0.0327549368358126,0.0261420848649872,0.0307223478776123,0.012827710458376,0.0323753368024684,0.0097581091850988,0.0269779299263215
1372.86355760183,0.0391117014275026,0.0289705319749658,0.0377655894325144,0.027858743150752,0.0407191615771356,0.0355309468954955,0.0359274852997432,0.0224730302425575,0.0381934327217794,0.0413337050202058,0.0393835915507634
1375.70070119878,0.0276583619965439,0.026089151813705,0.0373418100600451,0.0253135495953995,0.0270688191948563,0.0341544670295877,0.0354044263271906,0.0133930838880199,0.0189166690468894,0.0382460292734913,0.0344993023407024
1378.53587879364,0.0420453520257482,0.050776394004534,0.0603557693162246,0.0406741760343057,0.0542377009036622,0.0435574610189873,0.045481052228049,0.0299411234896349,0.0547986525992604,0.0490338835581054,0.0587379890686425
1381.36909226928,0.0355619111358366,0.0261854673267432,0.0440504163929817,0.0332895500659362,0.0361246895860388,0.0418107588683506,0.0379150936062939,0.0219509575114845,0.0286924702407334,0.0307721807075304,0.0306666275846891
1384.20034350613,0.0351023860723014,0.0330544778870282,0.0394684773590705,0.0280359410971043,0.0245538662579934,0.0366090446140403,0.028593124562629,0.0141828801414511,0.026176503653259,0.0353016120325937,0.0350941117282005
1387.02963438217,0.0304046986598322,0.0263129484606674,0.0440998818635842,0.0249135250379763,0.0305431483914701,0.0398789991169528,0.0236933995428401,0.0148187578886328,0.0411654359246498,0.0253103251220063,0.0344685073621623
1389.85696677295,0.0292541930723695,0.0458437378067371,0.037444080135577,0.0366639435655965,0.0475636410774308,0.039694305382709,0.052341217650114,0.0176148448531234,0.0390477632824644,0.0295254882515799,0.0368067657072763
1392.68234255156,0.029173950145845,0.0251758520520432,0.0362365599293437,0.0356808518707766,0.0458268854300458,0.0345162357446485,0.0284853927296256,0.0040547676155768,0.0262895786418058,0.0334186652876803,0.0345142563803984
1395.5057635887,0.0230867057962412,0.0210530959259936,0.037967219921874,0.0228744918709816,0.0375749195374738,0.0181893153960729,0.036853641110731,0.0105258293360174,0.0302761791542481,0.0204802259862589,0.0313885826768583
1398.32723175259,0.0262091391816049,0.0367182008852655,0.0409627176785415,0.0276717959071147,0.0387223578442007,0.0349573481928701,0.0355236796367546,0.0027940516036004,0.0319903207203459,0.0313244502971001,0.0278518720499373
1401.14674890907,0.0403107769459157,0.0296945175610473,0.0485703028788061,0.0273202666529835,0.0362113200887488,0.0298045508402828,0.0342040792573469,0.0148784698183129,0.0352356830322767,0.0283091469874144,0.037406246711546
1403.96431692153,0.0169113266227213,0.0246252155324519,0.0306665875284031,0.0199998391706515,0.0271854959827457,0.0154270685496053,0.0156847106945622,0.0041479596326218,0.0301233822980668,0.0177081896939013,0.0187022391533471
1406.77993765095,0.0122766206942104,0.0266984834422305,0.0370393573997927,0.015418492162303,0.0344966266483422,0.0222185794120627,0.0196819194457504,0.0100043190137188,0.0227391798897852,0.0193335536959871,0.0316548811997621
1409.59361295591,0.0083593656529138,0.0203504223887209,0.0149724517699658,0.0114528072557103,0.0,0.0147843062034127,0.0060384414429101,0.0,0.0081386946080142,0.0100716117257423,0.007488831849813
1412.40534469257,0.0023287461175638,0.0201725017108482,0.0167640809309384,0.0,0.0226384584651951,0.0173622974823044,0.0109403654550045,0.0025790958001685,0.0148484248287519,0.0130363566904158,0.0187772947629278
1415.21513471469,0.0030317995929825,0.0080067583681878,0.0185665333487024,0.0059758311410341,0.0222404123029606,0.0053301122733189,0.0127646127789609,0.0,0.0192868245766854,0.0117180741719355,0.0127784235615309
1418.02298487361,0.0044528435159412,0.0084965393983402,0.0157777623225069,0.0102289342437668,0.0206331450478081,0.0148524374593368,0.0097462167451818,0.0,0.0,0.004465929961687,4.0805677793017e-05
1420.8288970183,0.0147311623163593,0.0089961575103343,0.0242965885787086,0.0187388149847509,0.0141442112959219,0.0189984332053302,0.0010027842209678,0.0060386225156935,0.0114612797829698,0.0186865496174669,0.018117040830239
1423.63287299533,0.0073263639624745,0.0046419672140847,0.0265510299572442,0.0205842767884237,0.0133834598412158,0.0146904559630272,0.029339831082142,0.0093625493404502,0.0178349079894725,0.0246622521111065,0.0193284401264012
1426.43491464886,0.007363695936054,0.0207258838461918,0.0292354355779012,0.0279003214860789,0.0383462255395542,0.0253971381636748,0.0087056724547341,0.0107577429073539,0.0135702422219466,0.0128174831916609,0.0104261916185378
1429.23502382069,0.0116584727157198,0.0118526216733485,0.0085020287938218,0.0061027959810721,0.017213199790559,0.019186180711767,0.015885256889984,0.006564052227115,0.0169243265506956,0.0075870362687806,0.008709897965064
1432.03320235022,0.0124256301710493,0.014014429272693,0.0317110482700988,0.0143492928914996,0.0209878518088043,0.0206803983060281,0.0177819045722388,0.0124993714367881,0.0149654096032897,0.0165656757322212,0.0188210687139124
1434.82945207449,0.0195738309996601,0.0155383542123833,0.0344313268869814,0.030190455482196,0.0247783558882103,0.0210312125627366,0.0369016868228565,0.0208126146637251,0.0244291379130808,0.0285267960199798,0.0120681736527418
1437.62377482814,0.0373497134766938,0.0232338718073866,0.0346536324688508,0.0251095675144964,0.0261364662246604,0.0298570259225683,0.0211724140724573,0.0198771491988458,0.039610408328702,0.0342250269706465,0.0302231711076361
1440.41617244346,0.0324893411551035,0.0296433097390856,0.0248472164263301,0.0239832252724331,0.0271026567930613,0.0225353739611492,0.0284034703868465,0.0314395053062129,0.021333307136004,0.0323397609804349,0.0230757646584762
1443.20664675037,0.0442728508516498,0.0363880910903611,0.0338808507639286,0.0359127348373033,0.0276770738748063,0.0159944949362775,0.0179962194952279,0.027078857198013,0.0285523917881041,0.0222107502053956,0.0121449102219217
1445.99519957643,0.051468011313938,0.0525474126499138,0.0588259819201326,0.044819569904552,0.056016328340814,0.0483227416916603,0.0464362106448075,0.045551154540445,0.0586053381958494,0.0480846739078166,0.0430000066620666
1448.78183274682,0.0377968499665179,0.0495873027908527,0.0515686117766656,0.0337151599173151,0.0496866824123291,0.0383425349926864,0.0364976150016385,0.0442252389867832,0.0377044334240032,0.0307142664707599,0.034629376790608
1451.56654808439,0.0439549545852762,0.0469630071038414,0.0468348192881067,0.0390041516882066,0.0458221465275631,0.0364534854317685,0.0353988117789313,0.0418331778977592,0.036594968967902,0.0424129560164627,0.028804936269839
1454.34934740963,0.0430481315634627,0.0443504318674653,0.0450431857553053,0.0409676037673586,0.0309567200801427,0.0245735230395331,0.0321077198057197,0.0407435226498255,0.0354989416069476,0.0316700732637519,0.0407166128743689
1457.13023254068,0.0435695212807344,0.0401284712930853,0.0315504155641363,0.0386955655462377,0.0373277098047251,0.037328465642348,0.0367742540797874,0.0394492574226342,0.0321344331786587,0.0222599998563061,0.0399851559290402
1459.90920529334,0.054366136059676,0.0667224775894512,0.0527974756875957,0.0604016751877474,0.0543255488176304,0.0562514534677997,0.0591070086397651,0.0394577039684164,0.0516048032972393,0.0343250552299405,0.0599437314989244
1462.68626748106,0.0428817962211059,0.042745410400239,0.0301281098900536,0.033883872546208,0.0313503298877537,0.0390225601491553,0.0351189434707452,0.0368934211309511,0.033814790615917,0.0440910839995736,0.0415214726590229
1465.46142091496,0.0583050943298703,0.0560696713737517,0.0472195967863996,0.0504569548980542,0.0398135999761452,0.0475832605350479,0.0327691243413164,0.0448905143481772,0.0460867125521421,0.0442939155502956,0.0522283635171834
1468.23466740383,0.0266765789867451,0.0402237190701799,0.0346201139503804,0.0339749004897243,0.0229943903234336,0.026148032341039,0.0132240466394866,0.0399802671348524,0.026803848041928,0.0316317183138192,0.020335360633659
1471.00600875413,0.0446040789851062,0.0286056685999602,0.0337500317985682,0.0363144066988491,0.0421027494675281,0.0328111984650944,0.0162002872072511,0.0430479675197138,0.0238906727336444,0.0269071488819702,0.0289642670941408
1473.77544677,0.0388357574586595,0.0380769497836519,0.0379153778431705,0.0444306665600467,0.0293998604401975,0.0394876816101281,0.0275766749125054,0.0452660221274885,0.0293600218923093,0.0278090111059339,0.0511112790570893
1476.54298325324,0.030958131434614,0.0297272376845807,0.0341463667673659,0.0213123910922349,0.0289569964501981,0.0277106295692521,0.0195519347326713,0.0412517963424266,0.019630222906729,0.0217898915807112,0.0268615207790776
1479.30862000336,0.0259256305060845,0.0272272345556702,0.022861556253754,0.0191398341921494,0.0358775222724825,0.0359532240804833,0.0102192767669475,0.0439241184772954,0.0304546256564686,0.0260203449173801,0.0338516428856157
1482.07235881752,0.0180764223999421,0.0257132912692412,0.0337666134097847,0.0269917903028129,0.0224130598535024,0.0272815484528165,0.026056543616671,0.0341203758308594,0.0173321309289878,0.0121033284744082,0.0244028957042421
1484.8342014906,0.0254583788852238,0.0193489667760086,0.0266965792630171,0.0187782631244274,0.0228413498685623,0.0213170189050729,0.0096957362016553,0.0389700685052843,0.0065072563894415,0.0232952590191436,0.0208781777488565
1487.59414981516,0.0190538251037584,0.0275897552152267,0.0142032302370385,0.0254435681420097,0.0400190105207971,0.0269086446800725,0.0246833793332382,0.0397411615002798,0.0314513517099548,0.0212930489086413,0.0127292252288613
1490.35220558147,0.0264652940285655,0.0186587623018378,0.0109303307616957,0.0215044370565125,0.012328082465627,0.0140475741548804,0.0101210951364313,0.0405247453489084,0.0149528211332079,0.0103894536077944,0.0130363371390512
1493.10837057749,0.023275489527749,0.0201178814209277,0.0265010103690055,0.0318377239493271,0.0328080166062886,0.027747561428396,0.0224947381036001,0.0350768794465635,0.0228130203568524,0.0209631376307922,0.0239094054904565
1495.86264658887,0.0197470005116077,0.0235366232726198,0.0161479418231467,0.021252171944348,0.0247423088442185,0.0287661802936835,0.0300313184707961,0.0470821787344426,0.0379162154508662,0.0107485292110236,0.0238297415087898
1498.61503539899,0.0190648979824396,0.0178904295672328,0.0129239576640909,0.0100739825218114,0.0028214801236152,0.023259314904015,0.0106663285252358,0.0367078328011787,0.0115773464598744,0.0101242993381061,0.0030929200545914
1501.36553878894,0.0304301610901851,0.0378748723163716,0.0406773695564973,0.0374387454750526,0.0372334004434111,0.0408514598510492,0.0394199964903657,0.0461554139771944,0.0514366786833449,0.0207416357748574,0.0410236995117156
1504.11415853751,0.0241173104012926,0.0329061661530618,0.0266088740117969,0.0317501376351932,0.0341225966116211,0.0353750491934877,0.0143535483691688,0.0442046106462988,0.0201867795342708,0.0184959966200442,0.0262303819228385
1506.86089642123,0.024897900295934,0.0305462141578216,0.0259458423564279,0.0227390296859162,0.0196055479221766,0.0414560644913115,0.0246086310509421,0.0405446693577722,0.0132965180777737,0.0195674180856976,0.0321305074432339
1509.60575421434,0.0469271688818776,0.0431169072561477,0.0253000611011716,0.0301249821272042,0.0548925224409694,0.0394734021446258,0.0428251798194617,0.0551999333205675,0.0300054805882984,0.0312204946796824,0.0494416110146439
1512.34873368881,0.0169528070488031,0.0333289732053733,0.0154671658582441,0.038436021728707,0.0269490395995,0.0309661556786251,0.0213436278603509,0.0334808002290394,0.0197267090573808,0.0207654650102012,0.0245776962981524
1515.08983661433,0.0174282932264106,0.0384720016530578,0.0269897265018216,0.0200651746671625,0.0341194334700673,0.0290153793236059,0.0219453738011477,0.0358907017876852,0.0220172562937602,0.0208924234020921,0.0204077976945236
1517.82906475833,0.0380914099857275,0.0442788843576382,0.0259784432185078,0.0299235425806121,0.0417181343673289,0.0428548275861075,0.0252136735534472,0.0518794182966383,0.0281291631749358,0.0306109446265813,0.0217423382676856
1520.56641988599,0.0424929502378298,0.0481557316833455,0.0270771105321107,0.0379771057584714,0.0489291536224231,0.0328573056959925,0.0289422525321538,0.0517336577613217,0.0239894953128305,0.0377037281422882,0.0517881521399187
1523.30190376021,0.0430188123027729,0.0475086560067456,0.0261020298965557,0.0399787849978438,0.0561607051982668,0.0371114437015688,0.0265118861555404,0.0591381689589574,0.0316590186336459,0.0325951126133277,0.0396596905211661
1526.03551814165,0.0502854770899131,0.0579020917108229,0.0356050554823184,0.0468502498324825,0.0617806696901602,0.0579257969606713,0.0324855111430975,0.0622508248731258,0.0382058579091362,0.0459939805052567,0.0456944016454437
1528.7672647887,0.0533229416961154,0.0475591307792804,0.0472185905934949,0.0470634147138685,0.0494665223323915,0.036051886274054,0.0481872011135152,0.0647321155599738,0.0409677254141526,0.0346441387573118,0.0475297243593068
1531.49714545752,0.0326681308308433,0.0430688912961073,0.0287269126822577,0.0384948027722257,0.031052296385312,0.0268912163752928,0.0369897032928615,0.0624912256788063,0.016362786742444,0.0289242502140547,0.0219591724160616
1534.22516190202,0.0619276766165114,0.0557805338913076,0.0424701215738225,0.0493584922182842,0.0604031247304017,0.051989043124058,0.0558202271639296,0.0738299740396747,0.0389408506807644,0.0410519790182196,0.0533708409503631
1536.95131587387,0.0352924842660256,0.0425680985554216,0.0369865842908405,0.0496204809116517,0.0424393768874069,0.0478647054520426,0.0353957107218887,0.0718343048285662,0.0413792254927967,0.0363562963438514,0.0409213963573528
1539.67560912248,0.0529099864012938,0.0556370583681234,0.0403085439160753,0.045955187522651,0.049389166441404,0.0549152631289672,0.0432344522593769,0.0717916232423813,0.0312852152989263,0.0432347253045135,0.0487458091958059
1542.39804339507,0.0638220035540892,0.0505644006470216,0.0398845223556415,0.0538349293820648,0.0600331201816926,0.05621269177049,0.041385288125888,0.0799461791268807,0.0493570055318824,0.0375826968899985,0.0591228211094373
1545.11862043658,0.0407801860391432,0.056533389341199,0.0357147046725572,0.0462594412644383,0.0441743784910903,0.0394457253634299,0.0347026590881759,0.070891103288787,0.0453879223720219,0.0326084440298383,0.0404071855383432
1547.83734198977,0.0481903926834404,0.046955114574536,0.0294728307405505,0.0408246578653539,0.0438440640980305,0.0573228957130353,0.034660450463174,0.0728326514759066,0.0353530496282494,0.0411900397890524,0.0428098740246559
1550.55420979513,0.0241241493931305,0.0500401007968274,0.0199039118931549,0.0454185500344775,0.0341501648132363,0.0302047219606097,0.0341981351113191,0.0827565904246875,0.0287614552353394,0.030967804036712,0.0292003843369066
1553.26922559097,0.0368802077488944,0.0489271278116571,0.0316931715066206,0.0433555745743949,0.0538593587441828,0.0508120218952736,0.0434657194578397,0.0739641047563531,0.0339811810427944,0.0458588514372334,0.0409290537213258
1555.98239111335,0.0333769224926892,0.0497772467862885,0.036390260675443,0.0379730258202855,0.037272734609891,0.0425830899245946,0.025835833603553,0.0798290658837345,0.0251481990850328,0.0376537647472019,0.0290509961945595
1558.69370809615,0.0252924653363638,0.0467539722308146,0.0247907844976394,0.0247203752254436,0.0337667376761757,0.0370662161887924,0.017936237910313,0.0760210712148214,0.0201394358703208,0.0327689077509875,0.0273216364166571
1561.40317827101,0.0303209922500009,0.0450455873090237,0.0316213273921374,0.0454639501311942,0.0290591122495733,0.0411868006811272,0.0268279168527141,0.0754591557574225,0.0273229487308155,0.0378085280738021,0.0323656549684409
1564.11080336739,0.0339536223553329,0.0271422488289491,0.0250844033238693,0.0328540426693323,0.0321275431214622,0.0222426323628802,0.0185312037416491,0.0723299539700357,0.0215953693921584,0.0339512075165259,0.0315250183854119
1566.81658511252,0.0142499676634875,0.0358463532310684,0.0189870829101406,0.0372515229050696,0.0197121841831154,0.0240935931672382,0.0146698486874867,0.0730930956878374,0.0208336648182487,0.0311032076049941,0.0269096209981067
1569.52052523145,0.0423400938453881,0.0426232286354701,0.0396881929885843,0.0471281995479076,0.0428219512028654,0.053280342506034,0.0262764976973186,0.0777487399709201,0.0265594614603362,0.0437936603472122,0.0455238847319434
1572.22262544705,0.0276309037484856,0.043581926973159,0.0265212452314318,0.0418545437104173,0.0214752476264354,0.037857783482881,0.0229018293054439,0.0660572606174913,0.0266015142371971,0.0307472772137878,0.0202793705560722
1574.92288747995,0.0122342368952786,0.0338586998189735,0.0129576667613346,0.0399367615627585,0.0319813403109424,0.0293804382611508,0.0124893851250632,0.0604117169891453,0.0308493045483009,0.0315886640577248,0.0153113135075063
1577.62131304863,0.0354310701976636,0.0348548478137704,0.0220092136983031,0.0410716479191769,0.0372059773773319,0.039390565611449,0.0254889201174379,0.0651187034638968,0.0180029948588899,0.0440065744120329,0.0264005356797516
1580.31790386938,0.0303381431571258,0.0443007207590167,0.0231334844007762,0.0504167995096807,0.0191941966878834,0.0301843372717361,0.0080622893091689,0.0584311994823836,0.024196761837918,0.0488493404397914,0.0134627422817552
1583.01266165629,0.0266815916586187,0.0420923538401944,0.0255352863314137,0.0430953532227429,0.0367083296575164,0.0356186048341358,0.0228740180415301,0.0644650656444122,0.0277503994045999,0.0451265265054656,0.0170045630729616
1585.7055881213,0.0368474239735463,0.0421730825979008,0.0254492827017217,0.0512655856651386,0.0326186134980952,0.0279926224218113,0.0174098258021173,0.0528604268902239,0.0225783677822913,0.0410933845637192,0.0306970610301606
1588.39668497415,0.0357102912000549,0.0500554903813978,0.0304067151269588,0.047320213629395,0.044875769604902,0.0269280674982482,0.0194716991890275,0.0640975401406749,0.018570161385105,0.0506186611080564,0.0233167133055628
1591.08595392242,0.0459187263356239,0.0508237683966474,0.0316215446696007,0.0540127970852412,0.0498118492327727,0.0358877505905193,0.0167034865450786,0.0648019765468408,0.0206706382008888,0.0462955819401227,0.0362140406520136
1593.77339667152,0.0497788811252167,0.043505283461044,0.0261652133426943,0.0546576727123914,0.0400817346245502,0.0352503371715041,0.0174900592606928,0.0663858397174159,0.0300210654377377,0.0469459462800264,0.0259291976189218
1596.4590149247,0.0462292939444199,0.0553380712490708,0.0328655533771756,0.0623002849055374,0.0515957751251839,0.0423291084910994,0.0213903213504626,0.0641122369249872,0.0222786834972084,0.0413429706952272,0.0295932876275886
1599.14281038303,0.0600417648948126,0.0594086714189546,0.0454468670874946,0.0617718689278059,0.0533407567609516,0.0532768840956244,0.0279631740587393,0.0730537252437566,0.0404242030262728,0.0459970573493038,0.0370798927745901
1601.82478474544,0.0480430717279382,0.0583113306516703,0.0404794040971923,0.05185905254283,0.0481733188246229,0.053089175854268,0.0367675170125847,0.068233323207199,0.0357719228528689,0.0513324363265942,0.0407942452576894
1604.50493970872,0.0459752985497982,0.0572343660416102,0.0351174108734392,0.0592593639488319,0.0450711560303175,0.0540776900565124,0.0230908330311072,0.0696759464159096,0.0364685566004337,0.0414994390815567,0.0335635182406937
1607.18327696747,0.0414528064366755,0.0506654979035564,0.0360553567262576,0.0645567003568905,0.0440344191834335,0.040468445671355,0.0385652618842451,0.0597254304843108,0.0337660488895335,0.0554624185463473,0.0339533679637638
1609.85979821418,0.0334141191334483,0.0437930445736165,0.0416198656670493,0.0492450742066412,0.0275161710083365,0.0357304903248285,0.030235161620053,0.0543156639588156,0.0371735607775714,0.0473230464057699,0.0280398829808012
1612.53450513917,0.0484005453911779,0.0495876422828227,0.0308914999198059,0.0421456757708956,0.0424448179227516,0.0437113930082521,0.025461245776121,0.0500016752693069,0.0337590788778651,0.0425072632915936,0.040717884971399
1615.20739943063,0.0361610686187732,0.0424327737842576,0.0226981007401333,0.0377978604173587,0.0357711678022301,0.0220903146040223,0.0189481283178751,0.042907788380511,0.0250442160638935,0.0271465834328981,0.0133374884172377
1617.87848277462,0.0288990796177083,0.0427570922055781,0.0233157699571905,0.0352916589482333,0.033203890301133,0.0312711062133165,0.0204046025899572,0.0511213934951248,0.0193970677335963,0.0362430524366215,0.0222706027106208
1620.54775685504,0.034400193390763,0.0418056822696848,0.032326309862814,0.0370542941519092,0.0298462695356787,0.030856574311255,0.0263004766083225,0.0432053136512009,0.0267071990344387,0.0311626913693674,0.0219475408841839
1623.21522335369,0.0186918542484035,0.0337419626159008,0.0141664581304338,0.0303438956447274,0.0236580852239315,0.0300805898399309,0.0242795604215804,0.0338016876121428,0.0184477924564153,0.0201608067454582,0.0161659850282582
1625.88088395022,0.0557357190337304,0.0616930360587863,0.0742715029074592,0.0552070146140495,0.0721776583479037,0.0647238497350481,0.0659740612737297,0.0597313205210766,0.0592802158371101,0.0534290200716465,0.0606226555338905
1628.54474032218,0.0273351958747888,0.0413507912295438,0.0252015752760996,0.0333713546250082,0.024826556725625,0.0359092119387527,0.0287030349223455,0.0361562755229972,0.0164591087161745,0.0451137590461644,0.0287347765722812
1631.20679414497,0.0414246273425219,0.0411347648998834,0.0267829357314062,0.0185355502554682,0.0513629237119728,0.0355889087264228,0.0179371254824877,0.0319806737174912,0.0234909473883644,0.0249337313794531,0.0154397168813325
1633.8670470919,0.0,0.0146754375784226,0.013746443480429,0.0003847733387443,0.0126341548781654,0.0029745958677288,0.0005790909863149,0.0056465847462019,0.0016413283358542,0.0,0.0
1636.52550083414,0.0035001423097228,0.0,0.0,0.0044035034886736,0.0053536693964095,0.0003940464207521,0.0013419910212942,0.0127089352484994,0.0011181124241223,0.0051152428201381,0.0
1639.18215704078,0.0116467876673083,0.010463339246008,0.0036510189871774,0.0175463991789882,0.016463356706826,0.018998512185599,0.0052218060012881,0.0113941185542675,0.010891035636074,0.0117511609579541,0.0115858473492651
1641.83701737876,0.0113249607114739,0.0106609383796447,0.0103580445516371,0.011295510196832,0.0108689730397509,0.0041552463425713,0.0091296283847979,0.0169906726336915,0.0066171341722912,0.0,0.0055751851289602
1644.49008351297,0.0007654032342272,0.0,0.0,0.0023371080847588,0.0110147506457189,0.0031873135310686,0.0,0.0105497400943074,0.0054128753739503,0.003629738390851,0.0038122949612252
1647.14135710615,0.0135873521371467,0.0182583568590055,0.0087901725957224,0.0088744602547957,0.012820095078421,0.0145559559227901,0.0143822903748099,0.0095131676020725,0.0164071418431904,0.0126477804427578,0.0105168262859936
1649.79083981897,0.0041398379013214,0.0081481297123842,0.0038628084823617,0.0,0.0,0.0,0.0029297872764774,0.0076365403620523,0.0061282652510631,0.0025375682234025,0.0003722616524642
1652.43853331,0.0003799374740254,0.0084376230783019,0.0,0.0,0.0046789995688939,0.0,0.0,0.0,0.0,0.0,0.0
1655.08443923572,0.0005384131994159,0.001292346145009,0.009570718311856,0.0061764322867972,0.0167689044422709,0.015725616531162,0.0039416841296629,0.0,0.0058118508207759,0.0041832779049727,0.0084403792609983
1657.72855925052,0.0074465297514885,0.0,0.0,0.0,0.0011375486107913,0.0014181825850142,0.0,0.0025664075865395,0.00398346723504,0.0020707365487627,0.0004928335478669
1660.3708950067,0.0,0.0,0.0,0.0,0.0108348649226709,0.0,0.0010987010378059,0.0,0.0,0.0046056862269257,0.0
1663.01144815449,0.0061238424778013,0.0137220472624908,0.0214783987614977,0.0112770729366772,0.0144391950977295,0.0132786460755509,0.0122986354807687,0.010851553740848,0.0125821751017271,0.0101372451036944,0.0087372969502776
1665.65022034204,0.0,0.0,0.0,0.0,0.0,0.0,0.0,0.0,0.0,0.0,0.0
1668.28721321542,0.0027832221560814,0.0038611856968407,0.0052906548329546,0.0019552396709364,0.0021452462927932,0.0067763244306106,0.0,0.0052287707368825,0.0026561836428791,0.00509488853027,0.0069745603594712
1670.92242841862,0.0112386251228911,0.0036690160033839,0.0118834446267081,0.0099216674019813,0.0184852477881345,0.0,0.0125391531982016,0.0,0.003631697855504,0.0093807656157188,0.0131005948862289
1673.5558675936,0.0,0.0054469224644318,0.0,0.0021367598571916,0.0034321354570915,0.0,0.0,0.0,0.0,0.0021346575401639,0.0
1676.18753238021,0.0115976011284202,0.0007640924527754,0.0096748993226383,0.0,0.0006501739395487,0.0066485250711079,0.0135867316349019,0.0036387219698396,0.0033872620597031,0.0,0.0
1678.81742441625,0.0077481549179441,0.0074554329860606,0.0142626284213533,0.0039349098846103,0.0231979646199418,0.010250778237528,0.0139359901146823,0.0099732258713154,0.0097749666057999,0.0091829562708951,0.0139404765369409
1681.44554533749,0.0,0.0021737870765211,0.0,0.0,0.0,0.0015685934667939,0.0001945706751456,0.0,0.00021680322069,0.0,0.0016238593027014
1684.07189677761,0.0086249339358018,0.0040511435351051,0.0101376353903141,0.0009798654642587,0.0,0.0,0.014727750506561,0.0,0.0009580664436094,0.0027961462730065,0.0019968602921239
1686.69648036825,0.0073354449846959,0.0030353373828006,0.0240187160256928,0.007580391842585,0.0036886331184761,0.0,0.0098750180219453,0.0105969999953852,0.0119989545563291,0.0052555745050118,0.0015573909797632
1689.31929773902,0.0004117022340265,0.0,0.0057131548763116,0.0044982617864619,0.0124794058957975,0.0126226168890249,0.0063778072308819,0.0,0.0036712563475033,0.0057601205092704,0.0
1691.94035051744,0.0083793287376154,0.009835380392202,0.0171438885192839,0.01054366057581,0.0004880104377137,0.0055902876880508,0.0099732634215311,0.0,0.0075453857887521,0.004309949121027,0.0121660576619888
1694.55964032904,0.0,0.0,0.0009906988871174,0.0014457410282755,0.0,0.0070504444411724,0.0,0.0,0.0,0.0018958595246439,0.0
1697.17716879727,0.0077669504714949,0.0053889194946023,0.0116454268487453,0.007846829768803,0.0084250828051761,0.0016136098459983,0.0040213267759711,0.0,0.0024525341462004,0.0014899248283449,0.0072907124866407
1699.79293754356,0.0,0.0045017471150071,0.0,0.0006218486253626,0.0034611371712011,0.005439116018379,0.0147742931455516,0.0014136989506643,0.0,0.0,0.0
1702.40694818732,0.0,7.38051402094186e-05,0.0045960631621518,0.0013115132674992,0.0,0.0,0.0083490411835219,0.0,0.0039488552213402,0.0010895896218369,0.0042327147874341
1705.01920234591,0.0,0.0,0.0,0.0,0.0,0.0,0.0,0.0,0.0,0.0,0.0
1707.62970163467,0.0012251693973139,0.0,0.0,0.0,0.0014023274039368,0.0051616906412914,1.02202946036727e-05,0.0,0.0002445620689278,0.0,0.0
1710.23844766691,0.0079790310619161,0.0115932545567157,0.0051337181883678,0.0011143657096165,0.0,0.0010235853133747,0.010453569753823,0.0032021770338676,0.0073781600366212,0.007134037561723,0.0053773501295381
1712.84544205395,0.0,0.0,0.0,0.0,0.0,0.0,0.0,0.0,0.0088379755860101,0.0,0.0018871791396376
1715.45068640504,0.0113127852371444,0.0003829231572438,0.0080208610331037,6.27693798944417e-06,2.86152174445881e-05,0.0013002211516155,0.0031972744907241,0.0010148297488358,0.0099493114317111,0.0020568721903715,0.0085573001179797
1718.05418232747,0.0086008043190101,0.0035736911322006,0.0067927462335175,0.0011620937113344,0.0,0.0072542989566351,0.0,0.0068495956727996,0.0046265092955415,0.0022022348319206,0.0051344278735766
1720.65593142649,0.0,0.0,0.0,0.0,0.0,0.0,4.79973184433435e-05,0.0036654762210584,0.0,0.0,0.0118722370042741
1723.25593530534,0.0071599740645453,0.0126314554436862,0.0098724445618804,0.009624774789369,0.0017924260949161,0.0127119844116313,0.0115430730331941,0.011704360482091,0.0043477569473353,0.0118242478303714,0.009783280982287
1725.85419556527,0.0151553583787409,0.0246599029854697,0.0250589939403943,0.0205726341652343,0.0297847336944836,0.0110617253634739,0.0257203953674663,0.012016679021245,0.0242264518344256,0.0249335684801457,0.0237626608459313
1728.45071380552,0.015041908593555,0.0020191639142359,0.0227055690664641,0.0112216050940903,0.0092475310703572,0.00636405550305,0.0121301709025297,0.0112780451471266,0.0140891006457398,0.0166079512636281,0.0057085412840226
1731.04549162334,0.0209753310788643,0.0215615622927953,0.0216402812117473,0.017675171635989,0.0066977180711832,0.0186257831796313,0.0166682488866941,0.0146567226929994,0.0252852521310484,0.0235011746181992,0.0206010578781948
1733.63853061397,0.0280013670675466,0.0129204794966011,0.0155873411406203,0.0193030228234331,0.011117342500139,0.0197608668779115,0.0159456974996257,0.0148313654345078,0.0216803584458183,0.0139129698865053,0.0224481025278268
1736.22983237067,0.0194874438706069,0.0088474261874607,0.02086448506524,0.0133748100033,0.0118965020328748,0.0193880561550111,0.0192301128024114,0.0242917394728406,0.0116426448321561,0.0172324599325268,0.0285497265522279
1738.81939848471,0.0223292495420286,0.0184221698938044,0.0408190877229685,0.0241618716353387,0.0241342600415453,0.0148143297563731,0.023432563684839,0.0169820626431972,0.0320678071605242,0.016618944954924,0.0228721087680231
1741.40723054537,0.0375886290595824,0.0270526580949229,0.0315194951742811,0.0289101442618288,0.0147763764752005,0.032202390783974,0.0342902102344233,0.0292946660542807,0.0293244353332971,0.0275926155433426,0.0260908836470614
1743.99333013995,0.0383702430193088,0.0269565441017532,0.0268561701226814,0.0264062331627582,0.0078996412076578,0.0246137835826686,0.026207585360124,0.0259141984700626,0.0300383330845463,0.0253876442295126,0.0344087159075811
1746.57769885376,0.0441381272702581,0.0369417098741314,0.0452388520946266,0.0421350322524438,0.0349263021969091,0.0362941250278789,0.0358131748743348,0.0369881885984563,0.0440992073225697,0.0327889121614546,0.0368551549717557
1749.16033827016,0.0428602554680723,0.0427403836242184,0.0469198547702667,0.040600120453015,0.0362769614196643,0.0506996456568875,0.0503093417587601,0.0427056484120416,0.0445012673228812,0.0392297612203861,0.0486205161473219
1751.7412499705,0.0412606810857692,0.0498653306740624,0.0402673384799846,0.0366677445836875,0.0429657678992814,0.0443612215270509,0.047631059172193,0.0406980123974319,0.0441771428322957,0.0381060941269352,0.0452320202758873
1754.32043553419,0.0552645647690177,0.0566953535709831,0.0516406133429561,0.0518787424485608,0.0394858727972493,0.0542143406264305,0.0520502789421923,0.0425936931715102,0.0537772725187294,0.0508819372750529,0.0608676326301197
1756.89789653866,0.0491293478429415,0.0522054010222991,0.0584463359116894,0.0464892260444841,0.0507302326378144,0.0537119303759302,0.0701867687892882,0.0445167517056902,0.0630319638831598,0.0501497616507058,0.0613497764324542
1759.47363455937,0.0656757117083693,0.0584460508227163,0.0657054805005651,0.062063744487888,0.0538465774703469,0.0570896565302252,0.062323322719007,0.0527121584048065,0.0586286021784094,0.0537412453514176,0.0597590250486994
1762.04765116983,0.0656222152346529,0.0543398447841311,0.0679790541967749,0.0594651963280009,0.0631178120559343,0.0662714152132043,0.0708253752736213,0.0518910197861962,0.0687144552651096,0.0570335710086883,0.0615808940111716
1764.61994794158,0.0733873361043542,0.063234461657791,0.0686144344441468,0.0669089794110262,0.0605886176268619,0.0647134442404336,0.0648018058390081,0.0599265914456955,0.07008739102503,0.069603087214436,0.0752545347617307
1767.19052644422,0.0627835049114613,0.0481631291924886,0.0604990276810934,0.0540562803737145,0.0593176582484041,0.057032832728479,0.0755854463434538,0.0658367496369453,0.0726371139377992,0.0590890674730468,0.0644926244536735
1769.75938824539,0.0628297536361765,0.0597123514826744,0.0553481878122757,0.0564038738613831,0.0650181887151152,0.0570805137623596,0.0639003753548673,0.0597160629464035,0.0710386889821634,0.0565317149021272,0.0571439106679689
1772.32653491077,0.057247382031872,0.0573483416994376,0.0636220877684932,0.0612095527294123,0.0495328925076785,0.0625482146976557,0.0681403101760104,0.0594377857016617,0.0611082705344311,0.0566477909879987,0.0641792450361852
1774.8919680041,0.0701010144585778,0.0663644463461762,0.0710953471664605,0.0596751625962959,0.054894079228913,0.0772835472652071,0.0803619669005208,0.0678014979076701,0.0702324308455874,0.0604281063992582,0.0784257027901845
1777.4556890872,0.0847580442247089,0.0747627695401115,0.0924121167032874,0.0809263260341879,0.0778372601965653,0.0912833652822775,0.0864437888654532,0.0800698727461085,0.0896629283434889,0.0741468867215358,0.0868030866863863
1780.01769971991,0.0856475491316111,0.0844890974045953,0.0874062923406224,0.0812750264206699,0.0783708169151465,0.0799243014880748,0.0974185978770276,0.0710484099798689,0.0832651620142969,0.0809634022142574,0.0922652281865282
1782.57800146015,0.0943569166500461,0.0838698188915901,0.0891315738441238,0.0852960226957103,0.0789392519158568,0.0851435281851724,0.0960757079101161,0.0788522628530817,0.0924992425637855,0.0779059008583807,0.0914367368330097
1785.13659586393,0.0900068909406936,0.0849031313327556,0.0988433500880603,0.0857081176222259,0.0742376792780163,0.0900125319355075,0.102274035048607,0.0737647662410574,0.0857949568209106,0.0870988574356248,0.0919128695017378
1787.69348448529,0.0874609711459157,0.0853192919619096,0.0885090756834206,0.087972495433791,0.0761005473148771,0.0760638106953943,0.0895354845182232,0.0805501089756878,0.100048034160446,0.0870785562061661,0.0848329080023161
1790.24866887635,0.0853037803059674,0.0718233013237087,0.0924376614118023,0.0887520273715798,0.0824876084887436,0.0810023985746114,0.0953711797667015,0.0813352542608572,0.0850502929766028,0.0778451542874259,0.0912944567433876
1792.80215058734,0.0945060588882933,0.0891648637335405,0.0993325230526567,0.0834960163739595,0.0750354266541394,0.0844370759663862,0.10257042739533,0.086456657584549,0.105464232426356,0.0851555006416809,0.093997832771943
1795.35393116651,0.114006309672956,0.0955130383290502,0.115888233934498,0.106487746767845,0.0831258838264463,0.110991603165857,0.122607356294472,0.0961298051093256,0.113363855225342,0.0964616352124385,0.109399210819942
1797.90401216025,0.0903674798948184,0.084706814866906,0.10695945886879,0.0903747123079295,0.0822743432614933,0.0998767055251645,0.105173397478683,0.0965731095625988,0.109510090075872,0.0926113220350977,0.104586823304309
